City,Date,PM25,AQI
Delhi,2015-01-01,313.22,472.0
Delhi,2015-01-02,186.18,454.0
Delhi,2015-01-03,87.18,143.0
Delhi,2015-01-04,151.84,319.0
Delhi,2015-01-05,146.6,325.0
Delhi,2015-01-06,149.58,318.0
Delhi,2015-01-07,217.87,353.0
Delhi,2015-01-08,229.9,383.0
Delhi,2015-01-09,201.66,375.0
Delhi,2015-01-10,221.02,376.0
Delhi,2015-01-11,205.41,379.0
Delhi,2015-01-12,212.41,375.0
Delhi,2015-01-13,197.61,366.0
Delhi,2015-01-14,164.39,353.0
Delhi,2015-01-15,166.19,340.0
Delhi,2015-01-16,174.98,356.0
Delhi,2015-01-17,196.46,360.0
Delhi,2015-01-18,201.51,370.0
Delhi,2015-01-19,183.35,362.0
Delhi,2015-01-20,165.63,340.0
Delhi,2015-01-21,159.54,338.0
Delhi,2015-01-22,143.68,332.0
Delhi,2015-01-23,128.73,254.0
Delhi,2015-01-24,164.98,324.0
Delhi,2015-01-25,148.59,333.0
Delhi,2015-01-26,129.34,292.0
Delhi,2015-01-27,154.2,318.0
Delhi,2015-01-28,134.6,295.0
Delhi,2015-01-29,173.13,327.0
Delhi,2015-01-30,178.04,345.0
Delhi,2015-01-31,158.59,334.0
Delhi,2015-02-01,211.59,358.0
Delhi,2015-02-02,163.64,349.0
Delhi,2015-02-03,157.71,334.0
Delhi,2015-02-04,137.26,313.0
Delhi,2015-02-05,131.76,262.0
Delhi,2015-02-06,151.6,303.0
Delhi,2015-02-07,160.75,329.0
Delhi,2015-02-08,145.34,323.0
Delhi,2015-02-09,134.67,266.0
Delhi,2015-02-10,153.07,319.0
Delhi,2015-02-11,116.91,334.0
Delhi,2015-02-12,177.98,342.0
Delhi,2015-02-13,167.01,341.0
Delhi,2015-02-14,193.96,377.0
Delhi,2015-02-15,184.06,391.0
Delhi,2015-02-16,152.62,358.0
Delhi,2015-02-17,161.27,327.0
Delhi,2015-02-18,188.2,365.0
Delhi,2015-02-19,159.97,352.0
Delhi,2015-02-20,144.12,317.0
Delhi,2015-02-21,155.38,320.0
Delhi,2015-02-22,124.1,279.0
Delhi,2015-02-23,141.39,281.0
Delhi,2015-02-24,170.16,354.0
Delhi,2015-02-25,148.19,340.0
Delhi,2015-02-26,140.78,323.0
Delhi,2015-02-27,130.42,315.0
Delhi,2015-02-28,105.86,310.0
Delhi,2015-03-01,71.83,324.0
Delhi,2015-03-02,53.71,226.0
Delhi,2015-03-03,83.49,266.0
Delhi,2015-03-04,91.07,200.0
Delhi,2015-03-05,106.57,275.0
Delhi,2015-03-06,101.75,322.0
Delhi,2015-03-07,77.57,216.0
Delhi,2015-03-08,63.24,108.0
Delhi,2015-03-09,76.62,197.0
Delhi,2015-03-10,86.7,238.0
Delhi,2015-03-11,104.29,274.0
Delhi,2015-03-12,115.93,315.0
Delhi,2015-03-13,108.66,307.0
Delhi,2015-03-14,67.94,208.0
Delhi,2015-03-15,38.89,165.0
Delhi,2015-03-16,45.39,188.0
Delhi,2015-03-17,55.55,217.0
Delhi,2015-03-18,50.59,191.0
Delhi,2015-03-19,69.51,240.0
Delhi,2015-03-20,96.62,229.0
Delhi,2015-03-21,96.28,248.0
Delhi,2015-03-22,72.2,204.0
Delhi,2015-03-23,78.47,271.0
Delhi,2015-03-24,91.87,290.0
Delhi,2015-03-25,107.26,340.0
Delhi,2015-03-26,109.78,358.0
Delhi,2015-03-27,62.27,287.0
Delhi,2015-03-28,102.22,323.0
Delhi,2015-03-29,104.36,360.0
Delhi,2015-03-30,44.19,268.0
Delhi,2015-03-31,55.66,283.0
Delhi,2015-04-01,112.86,309.0
Delhi,2015-04-02,78.51,249.0
Delhi,2015-04-03,66.52,245.0
Delhi,2015-04-04,62.56,229.0
Delhi,2015-04-05,78.61,234.0
Delhi,2015-04-06,119.7,343.0
Delhi,2015-04-07,66.09,262.0
Delhi,2015-04-08,95.34,308.0
Delhi,2015-04-09,63.57,293.0
Delhi,2015-04-10,96.56,290.0
Delhi,2015-04-11,131.39,375.0
Delhi,2015-04-12,75.35,293.0
Delhi,2015-04-13,86.49,247.0
Delhi,2015-04-14,77.07,232.0
Delhi,2015-04-15,98.79,316.0
Delhi,2015-04-16,81.81,295.0
Delhi,2015-04-17,65.78,246.0
Delhi,2015-04-18,119.82,378.0
Delhi,2015-04-19,125.53,406.0
Delhi,2015-04-20,121.51,392.0
Delhi,2015-04-21,114.5,391.0
Delhi,2015-04-22,101.83,368.0
Delhi,2015-04-23,118.57,365.0
Delhi,2015-04-24,143.22,383.0
Delhi,2015-04-25,106.76,367.0
Delhi,2015-04-26,65.36,334.0
Delhi,2015-04-27,67.08,258.0
Delhi,2015-04-28,81.37,234.0
Delhi,2015-04-29,63.76,257.0
Delhi,2015-04-30,60.56,259.0
Delhi,2015-05-01,76.1,279.0
Delhi,2015-05-02,72.66,312.0
Delhi,2015-05-03,121.94,372.0
Delhi,2015-05-04,108.98,387.0
Delhi,2015-05-05,145.99,408.0
Delhi,2015-05-06,171.33,398.0
Delhi,2015-05-07,117.76,403.0
Delhi,2015-05-08,90.66,361.0
Delhi,2015-05-09,106.4,378.0
Delhi,2015-05-10,101.21,381.0
Delhi,2015-05-11,97.57,388.0
Delhi,2015-05-12,96.34,346.0
Delhi,2015-05-13,83.42,328.0
Delhi,2015-05-14,78.06,291.0
Delhi,2015-05-15,97.87,396.0
Delhi,2015-05-16,77.52,297.0
Delhi,2015-05-17,97.16,345.0
Delhi,2015-05-18,66.85,296.0
Delhi,2015-05-19,89.85,319.0
Delhi,2015-05-20,67.41,282.0
Delhi,2015-05-21,75.54,352.0
Delhi,2015-05-22,67.91,338.0
Delhi,2015-05-23,69.02,321.0
Delhi,2015-05-24,79.1,295.0
Delhi,2015-05-25,117.27,344.0
Delhi,2015-05-26,96.09,337.0
Delhi,2015-05-27,84.71,355.0
Delhi,2015-05-28,182.76,371.0
Delhi,2015-05-29,106.61,414.0
Delhi,2015-05-30,92.68,366.0
Delhi,2015-05-31,73.62,346.0
Delhi,2015-06-01,49.42,289.0
Delhi,2015-06-02,52.51,297.0
Delhi,2015-06-03,65.28,268.0
Delhi,2015-06-04,85.45,259.0
Delhi,2015-06-05,83.02,327.0
Delhi,2015-06-06,44.54,384.0
Delhi,2015-06-07,85.03,299.0
Delhi,2015-06-08,137.7,282.0
Delhi,2015-06-09,136.05,442.0
Delhi,2015-06-10,63.77,309.0
Delhi,2015-06-11,115.57,270.0
Delhi,2015-06-12,83.29,239.0
Delhi,2015-06-13,73.7,214.0
Delhi,2015-06-14,74.56,166.0
Delhi,2015-06-15,106.11,234.0
Delhi,2015-06-16,132.21,331.0
Delhi,2015-06-17,123.56,327.0
Delhi,2015-06-18,132.21,313.0
Delhi,2015-06-19,110.65,284.0
Delhi,2015-06-20,80.31,239.0
Delhi,2015-06-21,59.73,149.0
Delhi,2015-06-22,85.4,172.0
Delhi,2015-06-23,101.99,226.0
Delhi,2015-06-24,126.07,261.0
Delhi,2015-06-25,37.59,188.0
Delhi,2015-06-26,76.0,192.0
Delhi,2015-06-27,69.46,207.0
Delhi,2015-06-28,79.84,219.0
Delhi,2015-06-29,48.5,193.0
Delhi,2015-06-30,53.79,170.0
Delhi,2015-07-01,57.99,185.0
Delhi,2015-07-02,67.12,220.0
Delhi,2015-07-03,65.25,225.0
Delhi,2015-07-04,88.75,250.0
Delhi,2015-07-05,135.92,282.0
Delhi,2015-07-06,60.27,298.0
Delhi,2015-07-07,52.2,175.0
Delhi,2015-07-08,67.92,217.0
Delhi,2015-07-09,65.95,234.0
Delhi,2015-07-10,47.68,188.0
Delhi,2015-07-11,29.08,253.0
Delhi,2015-07-12,32.29,198.0
Delhi,2015-07-13,36.68,148.0
Delhi,2015-07-14,44.48,141.0
Delhi,2015-07-15,63.79,218.0
Delhi,2015-07-16,77.2,268.0
Delhi,2015-07-17,77.99,232.0
Delhi,2015-07-18,71.11,204.0
Delhi,2015-07-19,67.39,220.0
Delhi,2015-07-20,49.58,223.0
Delhi,2015-07-21,40.97,218.0
Delhi,2015-07-22,38.97,165.0
Delhi,2015-07-23,34.02,155.0
Delhi,2015-07-24,46.13,154.0
Delhi,2015-07-25,46.01,184.0
Delhi,2015-07-26,29.81,150.0
Delhi,2015-07-27,22.82,125.0
Delhi,2015-07-28,24.69,160.0
Delhi,2015-07-29,29.04,142.0
Delhi,2015-07-30,25.76,181.0
Delhi,2015-07-31,37.85,196.0
Delhi,2015-08-01,41.32,181.0
Delhi,2015-08-02,47.81,213.0
Delhi,2015-08-03,56.02,175.0
Delhi,2015-08-04,54.46,184.0
Delhi,2015-08-05,59.13,228.0
Delhi,2015-08-06,65.47,214.0
Delhi,2015-08-07,64.58,254.0
Delhi,2015-08-08,70.05,258.0
Delhi,2015-08-09,55.51,244.0
Delhi,2015-08-10,82.27,209.0
Delhi,2015-08-11,77.04,283.0
Delhi,2015-08-12,52.45,223.0
Delhi,2015-08-13,61.66,205.0
Delhi,2015-08-14,65.67,252.0
Delhi,2015-08-15,51.4,198.0
Delhi,2015-08-16,55.71,197.0
Delhi,2015-08-17,61.84,184.0
Delhi,2015-08-18,60.65,197.0
Delhi,2015-08-19,34.42,140.0
Delhi,2015-08-20,40.83,232.0
Delhi,2015-08-21,50.97,271.0
Delhi,2015-08-22,46.74,207.0
Delhi,2015-08-23,44.67,127.0
Delhi,2015-08-24,37.39,123.0
Delhi,2015-08-25,52.06,175.0
Delhi,2015-08-26,57.52,245.0
Delhi,2015-08-27,61.47,248.0
Delhi,2015-08-28,77.76,247.0
Delhi,2015-08-29,68.53,292.0
Delhi,2015-08-30,57.85,266.0
Delhi,2015-08-31,51.67,288.0
Delhi,2015-09-01,73.78,210.0
Delhi,2015-09-02,97.63,298.0
Delhi,2015-09-03,99.5,315.0
Delhi,2015-09-04,97.31,368.0
Delhi,2015-09-05,76.43,266.0
Delhi,2015-09-06,61.69,174.0
Delhi,2015-09-07,55.19,199.0
Delhi,2015-09-08,63.79,217.0
Delhi,2015-09-09,58.48,238.0
Delhi,2015-09-10,60.29,230.0
Delhi,2015-09-11,67.35,218.0
Delhi,2015-09-12,87.55,226.0
Delhi,2015-09-13,84.57,202.0
Delhi,2015-09-14,111.58,274.0
Delhi,2015-09-15,108.78,289.0
Delhi,2015-09-16,91.18,235.0
Delhi,2015-09-17,104.85,285.0
Delhi,2015-09-18,56.19,209.0
Delhi,2015-09-19,67.62,132.0
Delhi,2015-09-20,64.38,179.0
Delhi,2015-09-21,45.65,136.0
Delhi,2015-09-22,35.75,104.0
Delhi,2015-09-23,34.89,95.0
Delhi,2015-09-24,63.06,175.0
Delhi,2015-09-25,82.39,290.0
Delhi,2015-09-26,88.08,282.0
Delhi,2015-09-27,89.75,298.0
Delhi,2015-09-28,69.57,240.0
Delhi,2015-09-29,68.34,188.0
Delhi,2015-09-30,61.08,187.0
Delhi,2015-10-01,85.7,230.0
Delhi,2015-10-02,97.62,286.0
Delhi,2015-10-03,103.58,266.0
Delhi,2015-10-04,145.97,369.0
Delhi,2015-10-05,180.52,375.0
Delhi,2015-10-06,151.57,411.0
Delhi,2015-10-07,144.04,383.0
Delhi,2015-10-08,148.44,388.0
Delhi,2015-10-09,130.22,351.0
Delhi,2015-10-10,147.71,320.0
Delhi,2015-10-11,111.34,296.0
Delhi,2015-10-12,100.7,312.0
Delhi,2015-10-13,97.67,260.0
Delhi,2015-10-14,75.81,204.0
Delhi,2015-10-15,95.24,218.0
Delhi,2015-10-16,148.29,356.0
Delhi,2015-10-17,90.66,388.0
Delhi,2015-10-18,156.71,298.0
Delhi,2015-10-19,170.28,392.0
Delhi,2015-10-20,198.1,428.0
Delhi,2015-10-21,158.04,384.0
Delhi,2015-10-22,116.98,292.0
Delhi,2015-10-23,143.73,343.0
Delhi,2015-10-24,169.22,383.0
Delhi,2015-10-25,147.65,374.0
Delhi,2015-10-26,101.61,263.0
Delhi,2015-10-27,113.2,334.0
Delhi,2015-10-28,112.89,333.0
Delhi,2015-10-29,95.72,262.0
Delhi,2015-10-30,108.4,236.0
Delhi,2015-10-31,245.97,340.0
Delhi,2015-11-01,277.53,415.0
Delhi,2015-11-02,232.4,420.0
Delhi,2015-11-03,244.78,407.0
Delhi,2015-11-04,293.49,454.0
Delhi,2015-11-05,161.78,388.0
Delhi,2015-11-06,153.33,276.0
Delhi,2015-11-07,353.86,483.0
Delhi,2015-11-08,217.55,451.0
Delhi,2015-11-09,201.44,378.0
Delhi,2015-11-10,249.95,439.0
Delhi,2015-11-11,219.68,431.0
Delhi,2015-11-12,258.48,421.0
Delhi,2015-11-13,291.66,454.0
Delhi,2015-11-14,221.68,450.0
Delhi,2015-11-15,214.24,367.0
Delhi,2015-11-16,184.02,383.0
Delhi,2015-11-17,136.22,347.0
Delhi,2015-11-18,188.09,369.0
Delhi,2015-11-19,238.69,392.0
Delhi,2015-11-20,271.42,455.0
Delhi,2015-11-21,293.73,450.0
Delhi,2015-11-22,247.27,478.0
Delhi,2015-11-23,266.95,431.0
Delhi,2015-11-24,241.61,440.0
Delhi,2015-11-25,149.14,376.0
Delhi,2015-11-26,182.5,347.0
Delhi,2015-11-27,193.58,343.0
Delhi,2015-11-28,172.89,362.0
Delhi,2015-11-29,190.46,319.0
Delhi,2015-11-30,282.76,425.0
Delhi,2015-12-01,183.28,400.0
Delhi,2015-12-02,170.74,386.0
Delhi,2015-12-03,190.14,385.0
Delhi,2015-12-04,186.64,392.0
Delhi,2015-12-05,282.01,428.0
Delhi,2015-12-06,218.22,394.0
Delhi,2015-12-07,249.8,440.0
Delhi,2015-12-08,283.59,437.0
Delhi,2015-12-09,250.69,431.0
Delhi,2015-12-10,211.95,383.0
Delhi,2015-12-11,198.38,377.0
Delhi,2015-12-12,184.12,379.0
Delhi,2015-12-13,135.42,333.0
Delhi,2015-12-14,118.6,314.0
Delhi,2015-12-15,88.3,174.0
Delhi,2015-12-16,111.45,244.0
Delhi,2015-12-17,152.24,308.0
Delhi,2015-12-18,136.75,320.0
Delhi,2015-12-19,114.35,270.0
Delhi,2015-12-20,181.67,320.0
Delhi,2015-12-21,135.78,313.0
Delhi,2015-12-22,204.72,326.0
Delhi,2015-12-23,321.52,459.0
Delhi,2015-12-24,129.08,314.0
Delhi,2015-12-25,132.56,304.0
Delhi,2015-12-26,158.69,310.0
Delhi,2015-12-27,187.01,370.0
Delhi,2015-12-28,148.77,328.0
Delhi,2015-12-29,159.67,331.0
Delhi,2015-12-30,233.97,412.0
Delhi,2015-12-31,240.97,433.0
Delhi,2016-01-01,295.71,463.0
Delhi,2016-01-02,239.21,465.0
Delhi,2016-01-03,270.1,426.0
Delhi,2016-01-04,339.8,496.0
Delhi,2016-01-05,318.1,528.0
Delhi,2016-01-06,305.51,538.0
Delhi,2016-01-07,391.54,535.0
Delhi,2016-01-08,339.87,603.0
Delhi,2016-01-09,158.43,408.0
Delhi,2016-01-10,183.24,368.0
Delhi,2016-01-11,227.13,404.0
Delhi,2016-01-12,195.21,444.0
Delhi,2016-01-13,248.59,356.0
Delhi,2016-01-14,196.87,397.0
Delhi,2016-01-15,178.8,371.0
Delhi,2016-01-16,138.86,311.0
Delhi,2016-01-17,179.48,321.0
Delhi,2016-01-18,269.05,424.0
Delhi,2016-01-19,278.2,435.0
Delhi,2016-01-20,272.1,455.0
Delhi,2016-01-21,196.83,398.0
Delhi,2016-01-22,290.66,399.0
Delhi,2016-01-23,294.3,469.0
Delhi,2016-01-24,303.5,488.0
Delhi,2016-01-25,217.05,401.0
Delhi,2016-01-26,308.75,446.0
Delhi,2016-01-27,255.94,456.0
Delhi,2016-01-28,283.03,451.0
Delhi,2016-01-29,311.08,501.0
Delhi,2016-01-30,285.83,505.0
Delhi,2016-01-31,242.05,437.0
Delhi,2016-02-01,121.4,305.0
Delhi,2016-02-02,135.31,292.0
Delhi,2016-02-03,136.87,306.0
Delhi,2016-02-04,130.76,300.0
Delhi,2016-02-05,206.72,371.0
Delhi,2016-02-06,224.94,408.0
Delhi,2016-02-07,170.45,343.0
Delhi,2016-02-08,119.57,301.0
Delhi,2016-02-09,181.76,322.0
Delhi,2016-02-10,216.55,368.0
Delhi,2016-02-11,150.0,349.0
Delhi,2016-02-12,146.03,334.0
Delhi,2016-02-13,110.89,333.0
Delhi,2016-02-14,103.57,257.0
Delhi,2016-02-15,115.7,265.0
Delhi,2016-02-16,123.22,297.0
Delhi,2016-02-17,135.38,289.0
Delhi,2016-02-18,148.75,310.0
Delhi,2016-02-19,207.1,366.0
Delhi,2016-02-20,150.89,345.0
Delhi,2016-02-21,76.12,228.0
Delhi,2016-02-22,88.73,213.0
Delhi,2016-02-23,86.17,208.0
Delhi,2016-02-24,177.64,319.0
Delhi,2016-02-25,131.69,315.0
Delhi,2016-02-26,129.66,293.0
Delhi,2016-02-27,144.98,342.0
Delhi,2016-02-28,163.92,338.0
Delhi,2016-02-29,170.12,344.0
Delhi,2016-03-01,213.62,370.0
Delhi,2016-03-02,175.63,365.0
Delhi,2016-03-03,165.22,348.0
Delhi,2016-03-04,115.55,312.0
Delhi,2016-03-05,53.0,214.0
Delhi,2016-03-06,47.43,165.0
Delhi,2016-03-07,98.61,218.0
Delhi,2016-03-08,84.42,230.0
Delhi,2016-03-09,109.16,248.0
Delhi,2016-03-10,129.9,276.0
Delhi,2016-03-11,85.76,213.0
Delhi,2016-03-12,60.17,127.0
Delhi,2016-03-13,58.95,112.0
Delhi,2016-03-14,51.82,111.0
Delhi,2016-03-15,81.32,193.0
Delhi,2016-03-16,67.63,123.0
Delhi,2016-03-17,70.86,194.0
Delhi,2016-03-18,72.47,186.0
Delhi,2016-03-19,103.73,242.0
Delhi,2016-03-20,95.52,267.0
Delhi,2016-03-21,58.4,207.0
Delhi,2016-03-22,47.43,176.0
Delhi,2016-03-23,80.01,189.0
Delhi,2016-03-24,156.01,341.0
Delhi,2016-03-25,137.99,325.0
Delhi,2016-03-26,72.44,259.0
Delhi,2016-03-27,61.75,178.0
Delhi,2016-03-28,81.46,219.0
Delhi,2016-03-29,89.75,206.0
Delhi,2016-03-30,88.68,221.0
Delhi,2016-03-31,127.86,298.0
Delhi,2016-04-01,130.7,316.0
Delhi,2016-04-02,118.44,294.0
Delhi,2016-04-03,148.22,314.0
Delhi,2016-04-04,132.86,334.0
Delhi,2016-04-05,97.83,261.0
Delhi,2016-04-06,91.82,208.0
Delhi,2016-04-07,129.61,289.0
Delhi,2016-04-08,89.78,216.0
Delhi,2016-04-09,166.76,314.0
Delhi,2016-04-10,107.81,262.0
Delhi,2016-04-11,81.12,257.0
Delhi,2016-04-12,74.03,235.0
Delhi,2016-04-13,74.9,239.0
Delhi,2016-04-14,94.81,239.0
Delhi,2016-04-15,137.48,302.0
Delhi,2016-04-16,124.13,296.0
Delhi,2016-04-17,102.86,247.0
Delhi,2016-04-18,102.9,265.0
Delhi,2016-04-19,129.06,301.0
Delhi,2016-04-20,124.8,322.0
Delhi,2016-04-21,92.74,291.0
Delhi,2016-04-22,113.75,292.0
Delhi,2016-04-23,89.52,258.0
Delhi,2016-04-24,123.59,282.0
Delhi,2016-04-25,104.5,271.0
Delhi,2016-04-26,139.37,314.0
Delhi,2016-04-27,162.54,377.0
Delhi,2016-04-28,161.23,390.0
Delhi,2016-04-29,181.49,392.0
Delhi,2016-04-30,142.64,342.0
Delhi,2016-05-01,124.21,297.0
Delhi,2016-05-02,119.47,275.0
Delhi,2016-05-03,125.36,281.0
Delhi,2016-05-04,103.08,309.0
Delhi,2016-05-05,65.02,262.0
Delhi,2016-05-06,54.34,194.0
Delhi,2016-05-07,77.89,229.0
Delhi,2016-05-08,90.19,246.0
Delhi,2016-05-09,77.34,225.0
Delhi,2016-05-10,73.55,221.0
Delhi,2016-05-11,66.49,185.0
Delhi,2016-05-12,100.09,218.0
Delhi,2016-05-13,99.88,310.0
Delhi,2016-05-14,105.51,307.0
Delhi,2016-05-15,128.85,325.0
Delhi,2016-05-16,94.89,316.0
Delhi,2016-05-17,92.95,302.0
Delhi,2016-05-18,117.64,318.0
Delhi,2016-05-19,94.22,300.0
Delhi,2016-05-20,70.86,246.0
Delhi,2016-05-21,78.02,255.0
Delhi,2016-05-22,66.3,218.0
Delhi,2016-05-23,87.31,252.0
Delhi,2016-05-24,57.35,190.0
Delhi,2016-05-25,105.02,256.0
Delhi,2016-05-26,111.22,311.0
Delhi,2016-05-27,180.71,381.0
Delhi,2016-05-28,109.82,409.0
Delhi,2016-05-29,42.67,269.0
Delhi,2016-05-30,56.87,187.0
Delhi,2016-05-31,101.54,225.0
Delhi,2016-06-01,76.56,283.0
Delhi,2016-06-02,81.4,316.0
Delhi,2016-06-03,138.97,361.0
Delhi,2016-06-04,137.81,330.0
Delhi,2016-06-05,77.72,256.0
Delhi,2016-06-06,84.61,237.0
Delhi,2016-06-07,66.72,246.0
Delhi,2016-06-08,64.08,202.0
Delhi,2016-06-09,64.95,209.0
Delhi,2016-06-10,75.75,262.0
Delhi,2016-06-11,69.25,280.0
Delhi,2016-06-12,70.71,279.0
Delhi,2016-06-13,96.72,357.0
Delhi,2016-06-14,59.02,266.0
Delhi,2016-06-15,102.42,330.0
Delhi,2016-06-16,62.37,248.0
Delhi,2016-06-17,67.76,172.0
Delhi,2016-06-18,79.17,234.0
Delhi,2016-06-19,101.31,201.0
Delhi,2016-06-20,83.1,206.0
Delhi,2016-06-21,72.33,159.0
Delhi,2016-06-22,75.14,187.0
Delhi,2016-06-23,91.63,228.0
Delhi,2016-06-24,100.02,284.0
Delhi,2016-06-25,67.12,310.0
Delhi,2016-06-26,48.0,158.0
Delhi,2016-06-27,76.76,154.0
Delhi,2016-06-28,80.89,187.0
Delhi,2016-06-29,60.67,180.0
Delhi,2016-06-30,69.65,190.0
Delhi,2016-07-01,58.21,164.0
Delhi,2016-07-02,57.24,148.0
Delhi,2016-07-03,67.6,154.0
Delhi,2016-07-04,57.1,160.0
Delhi,2016-07-05,68.71,165.0
Delhi,2016-07-06,77.71,210.0
Delhi,2016-07-07,54.5,158.0
Delhi,2016-07-08,54.96,172.0
Delhi,2016-07-09,52.95,151.0
Delhi,2016-07-10,59.13,143.0
Delhi,2016-07-11,60.92,156.0
Delhi,2016-07-12,39.32,108.0
Delhi,2016-07-13,71.53,163.0
Delhi,2016-07-14,73.51,247.0
Delhi,2016-07-15,52.88,123.0
Delhi,2016-07-16,50.99,106.0
Delhi,2016-07-17,75.93,202.0
Delhi,2016-07-18,44.08,120.0
Delhi,2016-07-19,42.14,135.0
Delhi,2016-07-20,56.86,245.0
Delhi,2016-07-21,45.64,280.0
Delhi,2016-07-22,48.36,269.0
Delhi,2016-07-23,42.09,163.0
Delhi,2016-07-25,76.29,195.0
Delhi,2016-07-26,54.5,163.0
Delhi,2016-07-27,40.55,108.0
Delhi,2016-07-28,46.44,134.0
Delhi,2016-07-29,56.16,155.0
Delhi,2016-07-30,42.7,116.0
Delhi,2016-07-31,48.03,136.0
Delhi,2016-08-01,43.47,150.0
Delhi,2016-08-02,43.55,121.0
Delhi,2016-08-03,50.86,149.0
Delhi,2016-08-04,49.04,178.0
Delhi,2016-08-05,39.3,120.0
Delhi,2016-08-06,43.86,140.0
Delhi,2016-08-07,42.84,142.0
Delhi,2016-08-08,44.04,141.0
Delhi,2016-08-09,41.29,125.0
Delhi,2016-08-10,39.28,127.0
Delhi,2016-08-11,30.66,119.0
Delhi,2016-08-12,42.15,111.0
Delhi,2016-08-13,56.45,132.0
Delhi,2016-08-14,40.81,149.0
Delhi,2016-08-15,39.51,166.0
Delhi,2016-08-16,49.04,274.0
Delhi,2016-08-17,62.19,295.0
Delhi,2016-08-18,55.55,219.0
Delhi,2016-08-19,59.03,169.0
Delhi,2016-08-20,48.57,174.0
Delhi,2016-08-21,28.01,111.0
Delhi,2016-08-22,28.6,93.0
Delhi,2016-08-23,38.99,107.0
Delhi,2016-08-24,43.35,127.0
Delhi,2016-08-25,45.88,93.0
Delhi,2016-08-26,54.13,142.0
Delhi,2016-08-27,56.56,93.0
Delhi,2016-08-28,57.09,224.0
Delhi,2016-08-29,54.73,169.0
Delhi,2016-08-30,48.93,110.0
Delhi,2016-08-31,37.1,100.0
Delhi,2016-09-01,28.06,109.0
Delhi,2016-09-02,44.31,154.0
Delhi,2016-09-03,46.77,216.0
Delhi,2016-09-04,57.64,262.0
Delhi,2016-09-05,45.37,260.0
Delhi,2016-09-06,50.42,329.0
Delhi,2016-09-07,50.73,291.0
Delhi,2016-09-08,71.72,300.0
Delhi,2016-09-09,87.99,335.0
Delhi,2016-09-10,45.7,240.0
Delhi,2016-09-11,45.89,177.0
Delhi,2016-09-12,49.7,178.0
Delhi,2016-09-13,57.08,193.0
Delhi,2016-09-14,47.36,150.0
Delhi,2016-09-15,79.99,215.0
Delhi,2016-09-16,67.11,233.0
Delhi,2016-09-17,81.9,220.0
Delhi,2016-09-18,86.16,266.0
Delhi,2016-09-19,75.02,192.0
Delhi,2016-09-20,94.23,264.0
Delhi,2016-09-21,89.62,284.0
Delhi,2016-09-22,32.73,150.0
Delhi,2016-09-23,55.64,134.0
Delhi,2016-09-24,56.46,197.0
Delhi,2016-09-25,56.64,175.0
Delhi,2016-09-26,89.09,236.0
Delhi,2016-09-27,52.49,185.0
Delhi,2016-09-28,105.43,103.0
Delhi,2016-09-29,101.84,289.0
Delhi,2016-09-30,84.33,224.0
Delhi,2016-10-01,117.28,312.0
Delhi,2016-10-02,81.87,234.0
Delhi,2016-10-03,103.12,282.0
Delhi,2016-10-04,159.8,351.0
Delhi,2016-10-05,81.71,232.0
Delhi,2016-10-06,117.86,280.0
Delhi,2016-10-07,114.06,311.0
Delhi,2016-10-08,132.11,408.0
Delhi,2016-10-09,144.47,416.0
Delhi,2016-10-10,125.8,387.0
Delhi,2016-10-11,134.84,408.0
Delhi,2016-10-12,114.3,405.0
Delhi,2016-10-13,86.93,371.0
Delhi,2016-10-14,94.83,375.0
Delhi,2016-10-15,144.98,400.0
Delhi,2016-10-16,132.01,430.0
Delhi,2016-10-17,149.35,425.0
Delhi,2016-10-18,161.49,438.0
Delhi,2016-10-19,140.57,428.0
Delhi,2016-10-20,135.9,425.0
Delhi,2016-10-21,161.11,496.0
Delhi,2016-10-22,140.92,472.0
Delhi,2016-10-23,182.14,470.0
Delhi,2016-10-24,164.51,454.0
Delhi,2016-10-25,115.76,396.0
Delhi,2016-10-26,209.27,413.0
Delhi,2016-10-27,296.27,558.0
Delhi,2016-10-28,318.57,570.0
Delhi,2016-10-29,350.39,554.0
Delhi,2016-10-30,355.77,522.0
Delhi,2016-10-31,434.92,520.0
Delhi,2016-11-01,394.59,550.0
Delhi,2016-11-02,537.96,593.0
Delhi,2016-11-03,482.4,625.0
Delhi,2016-11-04,342.45,480.0
Delhi,2016-11-05,588.39,603.0
Delhi,2016-11-06,685.36,676.0
Delhi,2016-11-07,488.57,716.0
Delhi,2016-11-08,338.38,542.0
Delhi,2016-11-09,307.08,455.0
Delhi,2016-11-10,291.71,471.0
Delhi,2016-11-11,295.88,514.0
Delhi,2016-11-12,277.67,491.0
Delhi,2016-11-13,228.16,469.0
Delhi,2016-11-14,194.2,404.0
Delhi,2016-11-15,236.09,379.0
Delhi,2016-11-16,291.98,428.0
Delhi,2016-11-17,351.47,504.0
Delhi,2016-11-18,237.21,512.0
Delhi,2016-11-19,285.71,494.0
Delhi,2016-11-20,323.74,438.0
Delhi,2016-11-21,340.61,474.0
Delhi,2016-11-22,281.76,471.0
Delhi,2016-11-23,174.56,432.0
Delhi,2016-11-24,216.1,397.0
Delhi,2016-11-25,136.21,375.0
Delhi,2016-11-26,113.3,330.0
Delhi,2016-11-27,128.7,347.0
Delhi,2016-11-28,127.5,274.0
Delhi,2016-11-29,236.58,360.0
Delhi,2016-11-30,246.25,441.0
Delhi,2016-12-01,263.61,418.0
Delhi,2016-12-02,263.25,474.0
Delhi,2016-12-03,196.6,419.0
Delhi,2016-12-04,223.3,379.0
Delhi,2016-12-05,204.6,389.0
Delhi,2016-12-06,293.91,402.0
Delhi,2016-12-07,283.61,472.0
Delhi,2016-12-08,238.21,422.0
Delhi,2016-12-09,295.62,443.0
Delhi,2016-12-10,189.09,413.0
Delhi,2016-12-11,199.12,351.0
Delhi,2016-12-12,210.28,418.0
Delhi,2016-12-13,209.91,413.0
Delhi,2016-12-14,154.55,379.0
Delhi,2016-12-15,167.64,359.0
Delhi,2016-12-16,200.78,390.0
Delhi,2016-12-17,229.35,437.0
Delhi,2016-12-18,232.33,411.0
Delhi,2016-12-19,236.24,443.0
Delhi,2016-12-20,161.92,377.0
Delhi,2016-12-21,131.95,317.0
Delhi,2016-12-22,187.3,349.0
Delhi,2016-12-23,364.15,470.0
Delhi,2016-12-24,411.8,576.0
Delhi,2016-12-25,232.41,412.0
Delhi,2016-12-26,154.26,338.0
Delhi,2016-12-27,213.2,319.0
Delhi,2016-12-28,273.82,455.0
Delhi,2016-12-29,339.96,524.0
Delhi,2016-12-30,231.1,381.0
Delhi,2016-12-31,211.16,338.0
Delhi,2017-01-01,191.5,332.0
Delhi,2017-01-02,247.79,384.0
Delhi,2017-01-03,255.33,373.0
Delhi,2017-01-04,248.01,439.0
Delhi,2017-01-05,215.42,318.0
Delhi,2017-01-06,194.12,390.0
Delhi,2017-01-07,154.52,332.0
Delhi,2017-01-08,136.98,283.0
Delhi,2017-01-09,141.88,300.0
Delhi,2017-01-10,108.26,305.0
Delhi,2017-01-11,146.04,337.0
Delhi,2017-01-12,216.73,417.0
Delhi,2017-01-13,232.37,426.0
Delhi,2017-01-14,309.28,439.0
Delhi,2017-01-15,222.66,382.0
Delhi,2017-01-16,188.08,397.0
Delhi,2017-01-17,177.67,330.0
Delhi,2017-01-18,218.63,358.0
Delhi,2017-01-19,227.68,376.0
Delhi,2017-01-20,217.55,334.0
Delhi,2017-01-21,349.98,387.0
Delhi,2017-01-22,286.6,446.0
Delhi,2017-01-23,189.45,379.0
Delhi,2017-01-24,230.94,375.0
Delhi,2017-01-25,241.78,450.0
Delhi,2017-01-26,135.87,340.0
Delhi,2017-01-27,74.92,203.0
Delhi,2017-01-28,109.13,236.0
Delhi,2017-01-29,132.35,252.0
Delhi,2017-01-30,166.71,302.0
Delhi,2017-01-31,214.23,358.0
Delhi,2017-02-01,136.02,317.0
Delhi,2017-02-02,198.24,387.0
Delhi,2017-02-03,194.99,438.0
Delhi,2017-02-04,186.65,407.0
Delhi,2017-02-05,146.49,312.0
Delhi,2017-02-06,176.04,367.0
Delhi,2017-02-07,77.85,263.0
Delhi,2017-02-08,129.1,287.0
Delhi,2017-02-09,133.12,346.0
Delhi,2017-02-10,120.43,314.0
Delhi,2017-02-11,129.09,314.0
Delhi,2017-02-12,166.55,314.0
Delhi,2017-02-13,130.62,298.0
Delhi,2017-02-14,168.96,319.0
Delhi,2017-02-15,183.98,382.0
Delhi,2017-02-16,163.86,352.0
Delhi,2017-02-17,112.02,309.0
Delhi,2017-02-18,107.13,301.0
Delhi,2017-02-19,109.38,274.0
Delhi,2017-02-20,126.74,313.0
Delhi,2017-02-21,106.92,310.0
Delhi,2017-02-22,93.03,258.0
Delhi,2017-02-23,182.29,238.0
Delhi,2017-02-24,451.25,449.0
Delhi,2017-02-25,425.22,516.0
Delhi,2017-02-26,328.23,520.0
Delhi,2017-02-27,178.5,363.0
Delhi,2017-02-28,149.73,362.0
Delhi,2017-03-01,127.9,397.0
Delhi,2017-03-02,114.68,280.0
Delhi,2017-03-03,67.83,206.0
Delhi,2017-03-04,82.32,190.0
Delhi,2017-03-05,90.6,210.0
Delhi,2017-03-06,91.6,201.0
Delhi,2017-03-07,112.41,243.0
Delhi,2017-03-08,134.4,267.0
Delhi,2017-03-09,106.45,245.0
Delhi,2017-03-10,68.88,165.0
Delhi,2017-03-11,37.49,102.0
Delhi,2017-03-12,64.42,159.0
Delhi,2017-03-13,74.58,174.0
Delhi,2017-03-14,102.46,270.0
Delhi,2017-03-15,112.71,397.0
Delhi,2017-03-16,125.8,371.0
Delhi,2017-03-17,114.07,328.0
Delhi,2017-03-18,96.39,254.0
Delhi,2017-03-19,120.43,342.0
Delhi,2017-03-20,121.21,367.0
Delhi,2017-03-21,128.51,400.0
Delhi,2017-03-22,120.88,390.0
Delhi,2017-03-23,151.17,417.0
Delhi,2017-03-24,149.42,359.0
Delhi,2017-03-25,168.23,309.0
Delhi,2017-03-26,118.34,292.0
Delhi,2017-03-27,156.38,278.0
Delhi,2017-03-28,152.66,320.0
Delhi,2017-03-29,113.62,350.0
Delhi,2017-03-30,69.44,234.0
Delhi,2017-03-31,91.19,233.0
Delhi,2017-04-01,105.71,341.0
Delhi,2017-04-02,83.36,259.0
Delhi,2017-04-03,70.62,204.0
Delhi,2017-04-04,84.4,220.0
Delhi,2017-04-05,47.67,255.0
Delhi,2017-04-06,62.44,211.0
Delhi,2017-04-07,150.76,428.0
Delhi,2017-04-08,151.25,497.0
Delhi,2017-04-09,68.88,289.0
Delhi,2017-04-10,129.15,285.0
Delhi,2017-04-11,146.59,368.0
Delhi,2017-04-12,107.69,304.0
Delhi,2017-04-13,163.97,377.0
Delhi,2017-04-14,184.69,418.0
Delhi,2017-04-15,176.54,355.0
Delhi,2017-04-16,175.23,416.0
Delhi,2017-04-17,145.22,403.0
Delhi,2017-04-18,152.84,415.0
Delhi,2017-04-19,136.35,412.0
Delhi,2017-04-20,152.99,394.0
Delhi,2017-04-21,130.13,357.0
Delhi,2017-04-22,110.54,291.0
Delhi,2017-04-23,103.42,244.0
Delhi,2017-04-24,99.09,287.0
Delhi,2017-04-25,96.07,254.0
Delhi,2017-04-26,72.31,242.0
Delhi,2017-04-27,93.14,223.0
Delhi,2017-04-28,109.36,243.0
Delhi,2017-04-29,126.74,237.0
Delhi,2017-04-30,80.81,275.0
Delhi,2017-05-01,85.8,183.0
Delhi,2017-05-02,198.2,370.0
Delhi,2017-05-03,145.74,419.0
Delhi,2017-05-04,109.91,317.0
Delhi,2017-05-05,207.4,455.0
Delhi,2017-05-06,204.56,435.0
Delhi,2017-05-07,220.77,468.0
Delhi,2017-05-08,183.82,442.0
Delhi,2017-05-09,109.76,400.0
Delhi,2017-05-10,74.42,223.0
Delhi,2017-05-11,94.28,220.0
Delhi,2017-05-12,216.96,474.0
Delhi,2017-05-13,198.09,479.0
Delhi,2017-05-14,121.76,373.0
Delhi,2017-05-15,135.54,354.0
Delhi,2017-05-16,123.21,349.0
Delhi,2017-05-17,78.18,264.0
Delhi,2017-05-18,126.04,188.0
Delhi,2017-05-19,139.1,294.0
Delhi,2017-05-20,233.82,334.0
Delhi,2017-05-21,178.44,505.0
Delhi,2017-05-22,110.1,349.0
Delhi,2017-05-23,118.43,421.0
Delhi,2017-05-24,107.37,238.0
Delhi,2017-05-25,113.9,204.0
Delhi,2017-05-26,103.75,289.0
Delhi,2017-05-27,69.88,236.0
Delhi,2017-05-28,40.33,148.0
Delhi,2017-05-29,48.95,94.0
Delhi,2017-05-30,63.27,130.0
Delhi,2017-05-31,56.38,123.0
Delhi,2017-06-01,95.23,192.0
Delhi,2017-06-02,123.44,324.0
Delhi,2017-06-03,122.2,357.0
Delhi,2017-06-04,121.1,393.0
Delhi,2017-06-05,71.89,302.0
Delhi,2017-06-06,80.37,239.0
Delhi,2017-06-07,40.87,210.0
Delhi,2017-06-08,41.83,77.0
Delhi,2017-06-09,66.73,89.0
Delhi,2017-06-10,64.63,143.0
Delhi,2017-06-11,43.02,80.0
Delhi,2017-06-12,57.4,92.0
Delhi,2017-06-13,48.6,112.0
Delhi,2017-06-14,62.0,117.0
Delhi,2017-06-15,80.14,101.0
Delhi,2017-06-16,51.6,106.0
Delhi,2017-06-17,41.96,88.0
Delhi,2017-06-18,65.19,94.0
Delhi,2017-06-19,60.9,150.0
Delhi,2017-06-20,35.1,97.0
Delhi,2017-06-21,58.27,109.0
Delhi,2017-06-22,61.93,124.0
Delhi,2017-06-24,63.62,111.0
Delhi,2017-06-25,76.1,148.0
Delhi,2017-06-26,51.52,108.0
Delhi,2017-06-27,36.62,73.0
Delhi,2017-06-28,29.83,58.0
Delhi,2017-06-29,22.98,58.0
Delhi,2017-06-30,25.83,46.0
Delhi,2017-07-01,43.35,84.0
Delhi,2017-07-02,20.52,54.0
Delhi,2017-07-03,46.71,49.0
Delhi,2017-07-04,116.12,149.0
Delhi,2017-07-05,50.81,212.0
Delhi,2017-07-06,47.17,85.0
Delhi,2017-07-07,41.42,77.0
Delhi,2017-07-08,45.31,65.0
Delhi,2017-07-09,58.46,108.0
Delhi,2017-07-10,41.92,78.0
Delhi,2017-07-11,33.04,59.0
Delhi,2017-07-12,22.35,47.0
Delhi,2017-07-13,22.44,39.0
Delhi,2017-07-14,30.35,40.0
Delhi,2017-07-15,32.02,56.0
Delhi,2017-07-16,38.77,65.0
Delhi,2017-07-17,33.56,71.0
Delhi,2017-07-18,37.67,97.0
Delhi,2017-07-19,55.96,118.0
Delhi,2017-07-20,28.88,116.0
Delhi,2017-07-21,23.12,53.0
Delhi,2017-07-22,18.54,30.0
Delhi,2017-07-23,22.65,37.0
Delhi,2017-07-24,17.52,35.0
Delhi,2017-07-25,22.17,37.0
Delhi,2017-07-26,20.17,32.0
Delhi,2017-07-27,24.42,41.0
Delhi,2017-07-28,25.71,42.0
Delhi,2017-07-29,27.25,47.0
Delhi,2017-07-30,10.88,30.0
Delhi,2017-07-31,17.1,29.0
Delhi,2017-08-01,17.24,44.0
Delhi,2017-08-02,27.56,40.0
Delhi,2017-08-03,27.29,49.0
Delhi,2017-08-04,42.65,50.0
Delhi,2017-08-05,53.69,88.0
Delhi,2017-08-06,61.44,99.0
Delhi,2017-08-07,57.42,110.0
Delhi,2017-08-08,36.58,68.0
Delhi,2017-08-09,50.42,73.0
Delhi,2017-08-10,48.6,95.0
Delhi,2017-08-11,21.83,58.0
Delhi,2017-08-12,117.55,45.0
Delhi,2017-08-15,30.12,59.0
Delhi,2017-08-16,35.23,53.0
Delhi,2017-08-17,39.6,66.0
Delhi,2017-08-18,46.25,70.0
Delhi,2017-08-19,35.48,70.0
Delhi,2017-08-20,22.15,63.0
Delhi,2017-08-21,25.5,42.0
Delhi,2017-08-24,47.79,58.0
Delhi,2017-08-25,51.33,104.0
Delhi,2017-08-30,20.5,73.0
Delhi,2017-08-31,41.62,94.0
Delhi,2017-09-01,25.58,91.0
Delhi,2017-09-02,20.06,88.0
Delhi,2017-09-03,38.19,88.0
Delhi,2017-09-04,47.89,89.0
Delhi,2017-09-05,35.61,88.0
Delhi,2017-09-06,39.41,88.0
Delhi,2017-09-07,40.34,88.0
Delhi,2017-09-08,51.7,106.0
Delhi,2017-09-09,54.83,96.0
Delhi,2017-09-10,60.46,118.0
Delhi,2017-09-11,63.97,119.0
Delhi,2017-09-12,46.65,106.0
Delhi,2017-09-13,54.77,115.0
Delhi,2017-09-14,80.47,142.0
Delhi,2017-09-15,64.37,169.0
Delhi,2017-09-16,51.56,110.0
Delhi,2017-09-17,53.05,106.0
Delhi,2017-09-18,60.83,99.0
Delhi,2017-09-19,55.55,109.0
Delhi,2017-09-20,70.81,137.0
Delhi,2017-09-21,55.93,144.0
Delhi,2017-09-22,11.81,92.0
Delhi,2017-09-23,17.76,83.0
Delhi,2017-09-24,35.5,84.0
Delhi,2017-09-25,50.09,104.0
Delhi,2017-09-26,66.12,131.0
Delhi,2017-09-27,80.94,165.0
Delhi,2017-09-28,75.4,176.0
Delhi,2017-09-29,89.38,172.0
Delhi,2017-09-30,74.2,137.0
Delhi,2017-10-01,68.47,131.0
Delhi,2017-10-02,63.41,132.0
Delhi,2017-10-03,69.45,115.0
Delhi,2017-10-04,76.81,151.0
Delhi,2017-10-05,75.73,180.0
Delhi,2017-10-06,79.81,183.0
Delhi,2017-10-07,70.98,193.0
Delhi,2017-10-08,102.2,224.0
Delhi,2017-10-09,107.63,268.0
Delhi,2017-10-10,105.88,253.0
Delhi,2017-10-11,104.45,208.0
Delhi,2017-10-12,106.85,211.0
Delhi,2017-10-13,137.42,246.0
Delhi,2017-10-14,147.07,319.0
Delhi,2017-10-15,147.83,317.0
Delhi,2017-10-16,152.61,310.0
Delhi,2017-10-17,121.7,313.0
Delhi,2017-10-18,152.16,310.0
Delhi,2017-10-19,176.17,336.0
Delhi,2017-10-20,426.52,497.0
Delhi,2017-10-21,213.12,404.0
Delhi,2017-10-22,146.01,338.0
Delhi,2017-10-23,163.35,327.0
Delhi,2017-10-24,188.24,366.0
Delhi,2017-10-25,203.03,357.0
Delhi,2017-10-26,178.91,328.0
Delhi,2017-10-27,167.54,345.0
Delhi,2017-10-28,198.37,379.0
Delhi,2017-10-29,187.82,362.0
Delhi,2017-10-30,196.37,340.0
Delhi,2017-10-31,211.64,366.0
Delhi,2017-11-01,179.17,344.0
Delhi,2017-11-02,160.69,305.0
Delhi,2017-11-03,168.16,310.0
Delhi,2017-11-04,190.33,345.0
Delhi,2017-11-05,209.61,370.0
Delhi,2017-11-06,216.53,377.0
Delhi,2017-11-07,517.93,532.0
Delhi,2017-11-08,639.19,675.0
Delhi,2017-11-09,495.9,677.0
Delhi,2017-11-10,370.73,597.0
Delhi,2017-11-11,363.77,471.0
Delhi,2017-11-12,465.08,613.0
Delhi,2017-11-13,354.56,561.0
Delhi,2017-11-14,254.36,444.0
Delhi,2017-11-15,192.04,378.0
Delhi,2017-11-16,191.57,357.0
Delhi,2017-11-17,150.79,330.0
Delhi,2017-11-18,143.51,309.0
Delhi,2017-11-19,128.65,297.0
Delhi,2017-11-20,171.34,329.0
Delhi,2017-11-21,178.08,341.0
Delhi,2017-11-22,177.41,348.0
Delhi,2017-11-23,175.56,340.0
Delhi,2017-11-24,187.97,348.0
Delhi,2017-11-25,185.31,347.0
Delhi,2017-11-26,224.37,368.0
Delhi,2017-11-27,198.34,382.0
Delhi,2017-11-28,167.74,360.0
Delhi,2017-11-29,215.17,359.0
Delhi,2017-11-30,219.84,388.0
Delhi,2017-12-01,190.45,377.0
Delhi,2017-12-02,208.87,356.0
Delhi,2017-12-03,240.87,384.0
Delhi,2017-12-04,261.82,415.0
Delhi,2017-12-05,230.56,404.0
Delhi,2017-12-06,120.91,330.0
Delhi,2017-12-07,88.95,215.0
Delhi,2017-12-08,115.08,220.0
Delhi,2017-12-09,165.76,312.0
Delhi,2017-12-10,230.34,389.0
Delhi,2017-12-11,218.87,406.0
Delhi,2017-12-12,109.18,280.0
Delhi,2017-12-13,134.99,263.0
Delhi,2017-12-14,126.67,276.0
Delhi,2017-12-15,127.57,292.0
Delhi,2017-12-16,100.72,228.0
Delhi,2017-12-17,95.58,195.0
Delhi,2017-12-18,115.19,223.0
Delhi,2017-12-19,168.33,291.0
Delhi,2017-12-20,283.24,378.0
Delhi,2017-12-21,293.14,467.0
Delhi,2017-12-22,157.72,370.0
Delhi,2017-12-23,117.72,253.0
Delhi,2017-12-24,203.18,309.0
Delhi,2017-12-25,259.0,398.0
Delhi,2017-12-26,224.42,372.0
Delhi,2017-12-27,224.27,379.0
Delhi,2017-12-28,249.17,398.0
Delhi,2017-12-29,227.28,399.0
Delhi,2017-12-30,273.56,421.0
Delhi,2017-12-31,306.17,451.0
Delhi,2018-01-01,303.41,462.0
Delhi,2018-01-02,277.48,439.0
Delhi,2018-01-03,217.01,405.0
Delhi,2018-01-04,248.54,394.0
Delhi,2018-01-05,240.42,398.0
Delhi,2018-01-06,252.57,403.0
Delhi,2018-01-07,191.66,384.0
Delhi,2018-01-08,152.98,314.0
Delhi,2018-01-09,233.1,373.0
Delhi,2018-01-10,186.26,366.0
Delhi,2018-01-11,154.64,318.0
Delhi,2018-01-12,168.87,306.0
Delhi,2018-01-13,230.5,370.0
Delhi,2018-01-14,191.47,365.0
Delhi,2018-01-15,177.71,352.0
Delhi,2018-01-16,133.56,278.0
Delhi,2018-01-17,235.06,350.0
Delhi,2018-01-18,276.25,411.0
Delhi,2018-01-19,253.7,451.0
Delhi,2018-01-20,152.33,351.0
Delhi,2018-01-21,153.61,310.0
Delhi,2018-01-22,202.11,362.0
Delhi,2018-01-23,160.79,343.0
Delhi,2018-01-24,130.16,286.0
Delhi,2018-01-25,111.75,267.0
Delhi,2018-01-26,128.45,263.0
Delhi,2018-01-27,155.2,284.0
Delhi,2018-01-28,150.96,334.0
Delhi,2018-01-29,162.48,332.0
Delhi,2018-01-30,126.84,300.0
Delhi,2018-01-31,123.48,271.0
Delhi,2018-02-01,157.33,293.0
Delhi,2018-02-02,140.35,318.0
Delhi,2018-02-03,115.05,277.0
Delhi,2018-02-04,133.8,284.0
Delhi,2018-02-05,163.6,313.0
Delhi,2018-02-06,143.29,324.0
Delhi,2018-02-07,131.49,287.0
Delhi,2018-02-08,186.19,334.0
Delhi,2018-02-09,203.33,375.0
Delhi,2018-02-10,209.7,378.0
Delhi,2018-02-11,148.13,350.0
Delhi,2018-02-12,72.36,218.0
Delhi,2018-02-13,103.93,189.0
Delhi,2018-02-14,76.92,217.0
Delhi,2018-02-15,94.49,189.0
Delhi,2018-02-16,123.19,248.0
Delhi,2018-02-17,127.8,277.0
Delhi,2018-02-18,127.27,284.0
Delhi,2018-02-19,172.55,321.0
Delhi,2018-02-20,167.16,335.0
Delhi,2018-02-21,172.99,347.0
Delhi,2018-02-22,159.67,333.0
Delhi,2018-02-23,163.75,331.0
Delhi,2018-02-24,164.2,347.0
Delhi,2018-02-25,106.26,317.0
Delhi,2018-02-26,67.27,170.0
Delhi,2018-02-27,85.53,167.0
Delhi,2018-02-28,143.25,274.0
Delhi,2018-03-01,120.71,293.0
Delhi,2018-03-02,139.18,300.0
Delhi,2018-03-03,98.25,244.0
Delhi,2018-03-04,79.83,205.0
Delhi,2018-03-05,76.96,180.0
Delhi,2018-03-06,75.45,170.0
Delhi,2018-03-07,87.62,192.0
Delhi,2018-03-08,139.88,262.0
Delhi,2018-03-09,134.76,316.0
Delhi,2018-03-10,75.67,207.0
Delhi,2018-03-11,88.3,179.0
Delhi,2018-03-12,105.29,236.0
Delhi,2018-03-13,109.22,241.0
Delhi,2018-03-14,116.62,287.0
Delhi,2018-03-15,108.98,314.0
Delhi,2018-03-16,111.67,269.0
Delhi,2018-03-17,81.57,218.0
Delhi,2018-03-18,82.15,177.0
Delhi,2018-03-19,81.93,177.0
Delhi,2018-03-20,109.99,224.0
Delhi,2018-03-21,133.53,302.0
Delhi,2018-03-22,83.4,226.0
Delhi,2018-03-23,64.2,171.0
Delhi,2018-03-24,78.4,183.0
Delhi,2018-03-25,85.34,202.0
Delhi,2018-03-26,85.9,203.0
Delhi,2018-03-27,111.26,246.0
Delhi,2018-03-28,117.78,293.0
Delhi,2018-03-29,95.98,238.0
Delhi,2018-03-30,96.45,234.0
Delhi,2018-03-31,101.59,269.0
Delhi,2018-04-01,75.14,217.0
Delhi,2018-04-02,96.38,217.0
Delhi,2018-04-03,101.18,239.0
Delhi,2018-04-04,111.82,244.0
Delhi,2018-04-05,152.56,329.0
Delhi,2018-04-06,100.5,271.0
Delhi,2018-04-07,48.46,170.0
Delhi,2018-04-08,50.27,142.0
Delhi,2018-04-09,49.56,133.0
Delhi,2018-04-10,93.89,205.0
Delhi,2018-04-11,48.61,179.0
Delhi,2018-04-12,46.21,135.0
Delhi,2018-04-13,83.96,201.0
Delhi,2018-04-14,97.16,233.0
Delhi,2018-04-15,107.36,240.0
Delhi,2018-04-16,119.75,296.0
Delhi,2018-04-17,81.97,266.0
Delhi,2018-04-18,73.44,216.0
Delhi,2018-04-19,89.49,242.0
Delhi,2018-04-20,100.01,271.0
Delhi,2018-04-21,119.24,444.0
Delhi,2018-04-22,62.06,302.0
Delhi,2018-04-23,76.11,197.0
Delhi,2018-04-24,108.64,242.0
Delhi,2018-04-25,117.56,287.0
Delhi,2018-04-26,142.82,329.0
Delhi,2018-04-27,107.47,351.0
Delhi,2018-04-28,84.13,288.0
Delhi,2018-04-29,89.1,259.0
Delhi,2018-04-30,79.3,221.0
Delhi,2018-05-01,54.88,173.0
Delhi,2018-05-02,66.74,161.0
Delhi,2018-05-03,47.25,167.0
Delhi,2018-05-04,49.09,146.0
Delhi,2018-05-05,74.82,174.0
Delhi,2018-05-06,110.48,280.0
Delhi,2018-05-07,111.95,243.0
Delhi,2018-05-08,61.0,252.0
Delhi,2018-05-09,71.99,168.0
Delhi,2018-05-10,93.45,218.0
Delhi,2018-05-11,132.39,292.0
Delhi,2018-05-12,144.33,330.0
Delhi,2018-05-13,80.64,285.0
Delhi,2018-05-14,49.22,174.0
Delhi,2018-05-15,67.23,173.0
Delhi,2018-05-16,78.74,194.0
Delhi,2018-05-17,105.99,240.0
Delhi,2018-05-18,96.96,254.0
Delhi,2018-05-19,103.98,270.0
Delhi,2018-05-20,83.66,231.0
Delhi,2018-05-21,71.25,208.0
Delhi,2018-05-22,91.16,207.0
Delhi,2018-05-23,129.23,306.0
Delhi,2018-05-24,114.13,303.0
Delhi,2018-05-25,83.88,260.0
Delhi,2018-05-26,103.02,244.0
Delhi,2018-05-27,97.37,268.0
Delhi,2018-05-28,117.56,276.0
Delhi,2018-05-29,112.6,303.0
Delhi,2018-05-30,65.76,272.0
Delhi,2018-05-31,71.99,223.0
Delhi,2018-06-01,79.98,196.0
Delhi,2018-06-02,52.6,183.0
Delhi,2018-06-03,59.52,154.0
Delhi,2018-06-04,64.42,170.0
Delhi,2018-06-05,61.72,160.0
Delhi,2018-06-06,57.68,146.0
Delhi,2018-06-07,73.77,166.0
Delhi,2018-06-08,76.78,180.0
Delhi,2018-06-09,52.79,153.0
Delhi,2018-06-10,67.02,153.0
Delhi,2018-06-11,73.22,186.0
Delhi,2018-06-12,141.28,285.0
Delhi,2018-06-13,261.77,453.0
Delhi,2018-06-14,225.49,522.0
Delhi,2018-06-15,153.28,593.0
Delhi,2018-06-16,127.32,531.0
Delhi,2018-06-17,84.47,384.0
Delhi,2018-06-18,61.06,179.0
Delhi,2018-06-19,52.76,146.0
Delhi,2018-06-20,67.55,175.0
Delhi,2018-06-21,76.98,221.0
Delhi,2018-06-22,83.98,249.0
Delhi,2018-06-23,81.33,228.0
Delhi,2018-06-24,54.15,194.0
Delhi,2018-06-25,46.9,168.0
Delhi,2018-06-26,29.98,128.0
Delhi,2018-06-27,52.48,126.0
Delhi,2018-06-28,30.07,99.0
Delhi,2018-06-29,37.11,90.0
Delhi,2018-06-30,41.41,113.0
Delhi,2018-07-01,34.18,102.0
Delhi,2018-07-02,34.24,111.0
Delhi,2018-07-03,44.55,122.0
Delhi,2018-07-04,45.76,128.0
Delhi,2018-07-05,50.41,130.0
Delhi,2018-07-06,57.12,147.0
Delhi,2018-07-07,61.93,155.0
Delhi,2018-07-08,68.2,176.0
Delhi,2018-07-09,70.48,168.0
Delhi,2018-07-10,47.48,140.0
Delhi,2018-07-11,39.78,111.0
Delhi,2018-07-12,46.53,130.0
Delhi,2018-07-13,28.44,109.0
Delhi,2018-07-14,33.82,96.0
Delhi,2018-07-15,37.76,92.0
Delhi,2018-07-16,37.32,95.0
Delhi,2018-07-17,34.26,105.0
Delhi,2018-07-18,37.76,114.0
Delhi,2018-07-19,35.04,106.0
Delhi,2018-07-20,37.26,90.0
Delhi,2018-07-21,50.21,114.0
Delhi,2018-07-22,25.81,87.0
Delhi,2018-07-23,32.39,80.0
Delhi,2018-07-24,39.3,101.0
Delhi,2018-07-25,34.7,90.0
Delhi,2018-07-26,32.22,90.0
Delhi,2018-07-27,21.75,68.0
Delhi,2018-07-28,37.69,71.0
Delhi,2018-07-29,44.03,100.0
Delhi,2018-07-30,39.89,122.0
Delhi,2018-07-31,50.59,135.0
Delhi,2018-08-01,55.77,155.0
Delhi,2018-08-02,71.5,215.0
Delhi,2018-08-03,65.46,228.0
Delhi,2018-08-04,69.75,215.0
Delhi,2018-08-05,63.57,234.0
Delhi,2018-08-06,50.64,166.0
Delhi,2018-08-07,44.54,123.0
Delhi,2018-08-08,36.7,108.0
Delhi,2018-08-09,36.84,102.0
Delhi,2018-08-10,46.24,111.0
Delhi,2018-08-11,32.72,106.0
Delhi,2018-08-12,25.7,92.0
Delhi,2018-08-13,32.75,102.0
Delhi,2018-08-14,46.85,122.0
Delhi,2018-08-15,43.0,128.0
Delhi,2018-08-16,36.49,109.0
Delhi,2018-08-17,32.98,109.0
Delhi,2018-08-18,32.11,90.0
Delhi,2018-08-19,47.01,100.0
Delhi,2018-08-20,61.1,138.0
Delhi,2018-08-21,30.98,105.0
Delhi,2018-08-22,29.75,91.0
Delhi,2018-08-23,31.19,86.0
Delhi,2018-08-24,23.71,89.0
Delhi,2018-08-25,21.96,100.0
Delhi,2018-08-26,23.96,85.0
Delhi,2018-08-27,24.78,82.0
Delhi,2018-08-28,29.26,81.0
Delhi,2018-08-29,36.06,88.0
Delhi,2018-08-30,41.26,97.0
Delhi,2018-08-31,47.53,127.0
Delhi,2018-09-01,45.19,132.0
Delhi,2018-09-02,40.9,116.0
Delhi,2018-09-03,42.06,89.0
Delhi,2018-09-04,55.72,118.0
Delhi,2018-09-05,39.77,108.0
Delhi,2018-09-06,49.44,137.0
Delhi,2018-09-07,42.11,117.0
Delhi,2018-09-08,35.45,105.0
Delhi,2018-09-09,29.1,86.0
Delhi,2018-09-10,36.99,92.0
Delhi,2018-09-11,28.33,91.0
Delhi,2018-09-12,28.55,96.0
Delhi,2018-09-13,27.49,108.0
Delhi,2018-09-14,31.38,113.0
Delhi,2018-09-15,37.48,126.0
Delhi,2018-09-16,43.09,124.0
Delhi,2018-09-17,55.86,135.0
Delhi,2018-09-18,54.94,154.0
Delhi,2018-09-19,58.63,157.0
Delhi,2018-09-20,73.3,173.0
Delhi,2018-09-21,46.73,155.0
Delhi,2018-09-22,24.29,76.0
Delhi,2018-09-23,30.71,69.0
Delhi,2018-09-24,21.46,63.0
Delhi,2018-09-25,21.45,63.0
Delhi,2018-09-26,42.83,99.0
Delhi,2018-09-27,71.44,151.0
Delhi,2018-09-28,83.78,200.0
Delhi,2018-09-29,92.46,229.0
Delhi,2018-09-30,69.49,176.0
Delhi,2018-10-01,65.78,148.0
Delhi,2018-10-02,76.03,186.0
Delhi,2018-10-03,63.37,160.0
Delhi,2018-10-04,97.4,206.0
Delhi,2018-10-05,121.12,268.0
Delhi,2018-10-06,78.87,237.0
Delhi,2018-10-07,81.14,189.0
Delhi,2018-10-08,118.6,253.0
Delhi,2018-10-09,103.26,269.0
Delhi,2018-10-10,93.36,263.0
Delhi,2018-10-11,70.42,219.0
Delhi,2018-10-12,67.93,163.0
Delhi,2018-10-13,132.93,264.0
Delhi,2018-10-14,91.88,237.0
Delhi,2018-10-15,115.96,253.0
Delhi,2018-10-16,139.18,309.0
Delhi,2018-10-17,137.29,332.0
Delhi,2018-10-18,143.2,330.0
Delhi,2018-10-19,137.73,300.0
Delhi,2018-10-20,168.87,344.0
Delhi,2018-10-21,141.15,325.0
Delhi,2018-10-22,121.65,296.0
Delhi,2018-10-23,119.4,274.0
Delhi,2018-10-24,174.04,354.0
Delhi,2018-10-25,168.82,356.0
Delhi,2018-10-26,203.12,394.0
Delhi,2018-10-27,206.05,396.0
Delhi,2018-10-28,205.0,403.0
Delhi,2018-10-29,231.83,397.0
Delhi,2018-10-30,263.39,456.0
Delhi,2018-10-31,225.17,422.0
Delhi,2018-11-01,236.67,433.0
Delhi,2018-11-02,205.44,391.0
Delhi,2018-11-03,159.56,353.0
Delhi,2018-11-04,97.27,238.0
Delhi,2018-11-05,361.98,424.0
Delhi,2018-11-06,177.88,411.0
Delhi,2018-11-07,175.43,317.0
Delhi,2018-11-08,420.3,452.0
Delhi,2018-11-09,300.91,487.0
Delhi,2018-11-10,288.86,430.0
Delhi,2018-11-11,256.68,454.0
Delhi,2018-11-12,271.7,437.0
Delhi,2018-11-13,265.06,454.0
Delhi,2018-11-14,136.2,361.0
Delhi,2018-11-15,98.53,251.0
Delhi,2018-11-16,138.49,302.0
Delhi,2018-11-17,135.21,292.0
Delhi,2018-11-18,166.43,330.0
Delhi,2018-11-19,179.79,340.0
Delhi,2018-11-20,224.1,367.0
Delhi,2018-11-21,209.96,396.0
Delhi,2018-11-22,139.02,317.0
Delhi,2018-11-23,187.85,356.0
Delhi,2018-11-24,107.73,296.0
Delhi,2018-11-25,133.62,266.0
Delhi,2018-11-26,200.69,349.0
Delhi,2018-11-27,205.53,396.0
Delhi,2018-11-28,193.1,363.0
Delhi,2018-11-29,205.17,384.0
Delhi,2018-11-30,190.36,365.0
Delhi,2018-12-01,147.48,335.0
Delhi,2018-12-02,164.63,329.0
Delhi,2018-12-03,178.87,356.0
Delhi,2018-12-04,211.57,394.0
Delhi,2018-12-05,181.62,374.0
Delhi,2018-12-06,218.06,385.0
Delhi,2018-12-07,193.81,376.0
Delhi,2018-12-08,202.83,366.0
Delhi,2018-12-09,226.35,389.0
Delhi,2018-12-10,264.63,431.0
Delhi,2018-12-11,274.97,464.0
Delhi,2018-12-12,209.63,443.0
Delhi,2018-12-13,94.29,264.0
Delhi,2018-12-14,113.42,248.0
Delhi,2018-12-15,122.69,274.0
Delhi,2018-12-16,150.28,295.0
Delhi,2018-12-17,182.78,338.0
Delhi,2018-12-18,204.08,370.0
Delhi,2018-12-19,205.22,370.0
Delhi,2018-12-20,258.1,423.0
Delhi,2018-12-21,252.2,422.0
Delhi,2018-12-22,326.79,468.0
Delhi,2018-12-23,401.58,557.0
Delhi,2018-12-24,378.68,577.0
Delhi,2018-12-25,268.2,475.0
Delhi,2018-12-26,241.0,405.0
Delhi,2018-12-27,290.1,458.0
Delhi,2018-12-28,249.23,413.0
Delhi,2018-12-29,248.12,420.0
Delhi,2018-12-30,336.42,484.0
Delhi,2018-12-31,319.69,509.0
Delhi,2019-01-01,287.34,475.0
Delhi,2019-01-02,331.2,501.0
Delhi,2019-01-03,355.4,537.0
Delhi,2019-01-04,246.46,432.0
Delhi,2019-01-05,262.53,440.0
Delhi,2019-01-06,174.26,371.0
Delhi,2019-01-07,181.74,331.0
Delhi,2019-01-08,156.26,340.0
Delhi,2019-01-09,143.66,321.0
Delhi,2019-01-10,165.95,317.0
Delhi,2019-01-11,278.95,401.0
Delhi,2019-01-12,311.03,482.0
Delhi,2019-01-13,272.45,464.0
Delhi,2019-01-14,94.44,320.0
Delhi,2019-01-15,134.57,248.0
Delhi,2019-01-16,271.96,383.0
Delhi,2019-01-17,358.91,515.0
Delhi,2019-01-18,237.22,437.0
Delhi,2019-01-19,262.68,411.0
Delhi,2019-01-20,314.59,480.0
Delhi,2019-01-21,175.49,413.0
Delhi,2019-01-22,53.25,174.0
Delhi,2019-01-23,135.68,186.0
Delhi,2019-01-24,130.59,328.0
Delhi,2019-01-25,81.2,188.0
Delhi,2019-01-26,101.61,231.0
Delhi,2019-01-27,136.47,275.0
Delhi,2019-01-28,126.48,301.0
Delhi,2019-01-29,142.0,297.0
Delhi,2019-01-30,206.14,342.0
Delhi,2019-01-31,204.25,397.0
Delhi,2019-02-01,178.68,329.0
Delhi,2019-02-02,177.32,338.0
Delhi,2019-02-03,131.1,323.0
Delhi,2019-02-04,144.62,301.0
Delhi,2019-02-05,256.33,398.0
Delhi,2019-02-06,177.25,380.0
Delhi,2019-02-07,65.65,233.0
Delhi,2019-02-08,72.29,136.0
Delhi,2019-02-09,82.5,169.0
Delhi,2019-02-10,143.31,277.0
Delhi,2019-02-11,173.61,332.0
Delhi,2019-02-12,208.64,357.0
Delhi,2019-02-13,198.26,372.0
Delhi,2019-02-14,153.73,350.0
Delhi,2019-02-15,123.46,275.0
Delhi,2019-02-16,112.34,288.0
Delhi,2019-02-17,99.27,247.0
Delhi,2019-02-18,109.11,278.0
Delhi,2019-02-19,126.12,232.0
Delhi,2019-02-20,102.3,305.0
Delhi,2019-02-21,73.33,158.0
Delhi,2019-02-22,73.9,191.0
Delhi,2019-02-23,56.51,116.0
Delhi,2019-02-24,89.34,169.0
Delhi,2019-02-25,92.36,221.0
Delhi,2019-02-26,59.97,144.0
Delhi,2019-02-27,47.18,112.0
Delhi,2019-02-28,96.38,198.0
Delhi,2019-03-01,93.83,222.0
Delhi,2019-03-02,109.6,227.0
Delhi,2019-03-03,62.92,172.0
Delhi,2019-03-04,105.93,217.0
Delhi,2019-03-05,68.86,173.0
Delhi,2019-03-06,83.45,189.0
Delhi,2019-03-07,104.61,228.0
Delhi,2019-03-08,92.07,220.0
Delhi,2019-03-09,73.31,194.0
Delhi,2019-03-10,73.98,157.0
Delhi,2019-03-11,82.17,190.0
Delhi,2019-03-12,57.28,149.0
Delhi,2019-03-13,89.17,168.0
Delhi,2019-03-14,111.2,281.0
Delhi,2019-03-15,74.88,183.0
Delhi,2019-03-16,68.64,143.0
Delhi,2019-03-17,93.61,198.0
Delhi,2019-03-18,100.32,221.0
Delhi,2019-03-19,103.77,239.0
Delhi,2019-03-20,89.82,234.0
Delhi,2019-03-21,112.29,272.0
Delhi,2019-03-22,38.43,141.0
Delhi,2019-03-23,55.62,131.0
Delhi,2019-03-24,53.28,126.0
Delhi,2019-03-25,65.0,136.0
Delhi,2019-03-26,75.82,162.0
Delhi,2019-03-27,78.37,177.0
Delhi,2019-03-28,116.55,245.0
Delhi,2019-03-29,112.67,273.0
Delhi,2019-03-30,102.27,252.0
Delhi,2019-03-31,58.96,198.0
Delhi,2019-04-01,59.08,153.0
Delhi,2019-04-02,90.1,194.0
Delhi,2019-04-03,85.02,208.0
Delhi,2019-04-04,119.71,260.0
Delhi,2019-04-05,125.44,284.0
Delhi,2019-04-06,96.6,269.0
Delhi,2019-04-07,152.91,315.0
Delhi,2019-04-08,81.3,284.0
Delhi,2019-04-09,87.74,240.0
Delhi,2019-04-10,101.94,263.0
Delhi,2019-04-11,70.25,196.0
Delhi,2019-04-12,61.34,202.0
Delhi,2019-04-13,55.93,175.0
Delhi,2019-04-14,51.51,150.0
Delhi,2019-04-15,54.84,163.0
Delhi,2019-04-16,59.08,206.0
Delhi,2019-04-17,22.14,102.0
Delhi,2019-04-18,38.92,104.0
Delhi,2019-04-19,71.62,151.0
Delhi,2019-04-20,90.55,199.0
Delhi,2019-04-21,95.24,225.0
Delhi,2019-04-22,110.16,246.0
Delhi,2019-04-23,104.17,257.0
Delhi,2019-04-24,85.7,232.0
Delhi,2019-04-25,86.41,251.0
Delhi,2019-04-26,82.37,223.0
Delhi,2019-04-27,73.06,248.0
Delhi,2019-04-28,76.44,269.0
Delhi,2019-04-29,84.04,256.0
Delhi,2019-04-30,95.72,257.0
Delhi,2019-05-01,111.57,285.0
Delhi,2019-05-02,77.72,275.0
Delhi,2019-05-03,52.16,202.0
Delhi,2019-05-04,77.96,182.0
Delhi,2019-05-05,101.25,231.0
Delhi,2019-05-06,118.9,267.0
Delhi,2019-05-07,128.78,310.0
Delhi,2019-05-08,143.34,389.0
Delhi,2019-05-09,137.2,390.0
Delhi,2019-05-10,95.07,333.0
Delhi,2019-05-11,101.83,266.0
Delhi,2019-05-12,178.22,352.0
Delhi,2019-05-13,170.81,376.0
Delhi,2019-05-14,58.22,217.0
Delhi,2019-05-15,84.81,194.0
Delhi,2019-05-16,75.45,192.0
Delhi,2019-05-17,92.53,257.0
Delhi,2019-05-18,44.28,176.0
Delhi,2019-05-19,81.99,168.0
Delhi,2019-05-20,93.97,216.0
Delhi,2019-05-21,77.78,206.0
Delhi,2019-05-22,64.24,167.0
Delhi,2019-05-23,92.4,228.0
Delhi,2019-05-24,43.86,151.0
Delhi,2019-05-25,43.66,125.0
Delhi,2019-05-26,55.13,135.0
Delhi,2019-05-27,64.66,163.0
Delhi,2019-05-28,65.82,175.0
Delhi,2019-05-29,74.8,191.0
Delhi,2019-05-30,85.21,226.0
Delhi,2019-05-31,88.57,266.0
Delhi,2019-06-01,95.4,300.0
Delhi,2019-06-02,73.36,222.0
Delhi,2019-06-03,66.94,232.0
Delhi,2019-06-04,54.95,212.0
Delhi,2019-06-05,73.35,190.0
Delhi,2019-06-06,70.61,209.0
Delhi,2019-06-07,54.81,192.0
Delhi,2019-06-08,69.75,184.0
Delhi,2019-06-09,101.05,237.0
Delhi,2019-06-10,74.48,230.0
Delhi,2019-06-11,118.38,315.0
Delhi,2019-06-12,59.86,280.0
Delhi,2019-06-13,52.66,189.0
Delhi,2019-06-14,53.79,167.0
Delhi,2019-06-15,81.86,217.0
Delhi,2019-06-16,42.06,205.0
Delhi,2019-06-17,40.18,126.0
Delhi,2019-06-18,30.39,119.0
Delhi,2019-06-19,79.96,173.0
Delhi,2019-06-20,42.76,175.0
Delhi,2019-06-21,71.15,178.0
Delhi,2019-06-22,68.27,185.0
Delhi,2019-06-23,42.06,153.0
Delhi,2019-06-24,26.29,118.0
Delhi,2019-06-25,53.65,131.0
Delhi,2019-06-26,67.36,161.0
Delhi,2019-06-27,65.3,169.0
Delhi,2019-06-28,61.21,207.0
Delhi,2019-06-29,58.08,223.0
Delhi,2019-06-30,65.24,234.0
Delhi,2019-07-01,57.27,195.0
Delhi,2019-07-02,71.68,202.0
Delhi,2019-07-03,39.99,162.0
Delhi,2019-07-04,36.82,111.0
Delhi,2019-07-05,48.6,113.0
Delhi,2019-07-06,34.25,99.0
Delhi,2019-07-07,38.81,101.0
Delhi,2019-07-08,49.12,129.0
Delhi,2019-07-09,42.56,131.0
Delhi,2019-07-10,69.21,150.0
Delhi,2019-07-11,76.99,300.0
Delhi,2019-07-12,76.35,294.0
Delhi,2019-07-13,63.18,312.0
Delhi,2019-07-14,63.16,243.0
Delhi,2019-07-15,42.04,180.0
Delhi,2019-07-16,31.51,117.0
Delhi,2019-07-17,32.06,92.0
Delhi,2019-07-18,32.92,98.0
Delhi,2019-07-19,63.02,142.0
Delhi,2019-07-20,46.43,137.0
Delhi,2019-07-21,50.57,123.0
Delhi,2019-07-22,60.38,124.0
Delhi,2019-07-23,73.08,156.0
Delhi,2019-07-24,63.26,165.0
Delhi,2019-07-25,22.79,98.0
Delhi,2019-07-26,30.63,94.0
Delhi,2019-07-27,26.16,85.0
Delhi,2019-07-28,21.13,83.0
Delhi,2019-07-29,24.45,82.0
Delhi,2019-07-30,30.1,90.0
Delhi,2019-07-31,30.22,90.0
Delhi,2019-08-01,34.26,98.0
Delhi,2019-08-02,35.06,95.0
Delhi,2019-08-03,38.54,104.0
Delhi,2019-08-04,46.69,101.0
Delhi,2019-08-05,52.2,108.0
Delhi,2019-08-06,30.04,99.0
Delhi,2019-08-07,32.63,104.0
Delhi,2019-08-08,27.69,99.0
Delhi,2019-08-09,14.59,89.0
Delhi,2019-08-10,16.73,75.0
Delhi,2019-08-11,25.53,83.0
Delhi,2019-08-12,20.53,80.0
Delhi,2019-08-13,21.68,85.0
Delhi,2019-08-14,33.21,93.0
Delhi,2019-08-15,28.78,93.0
Delhi,2019-08-16,15.52,73.0
Delhi,2019-08-17,10.24,67.0
Delhi,2019-08-18,15.51,66.0
Delhi,2019-08-19,38.55,99.0
Delhi,2019-08-20,41.74,103.0
Delhi,2019-08-21,46.69,107.0
Delhi,2019-08-22,44.16,125.0
Delhi,2019-08-23,50.49,130.0
Delhi,2019-08-24,60.71,149.0
Delhi,2019-08-25,33.49,107.0
Delhi,2019-08-26,25.06,77.0
Delhi,2019-08-27,40.68,114.0
Delhi,2019-08-28,42.04,119.0
Delhi,2019-08-29,33.92,103.0
Delhi,2019-08-30,43.5,110.0
Delhi,2019-08-31,57.16,123.0
Delhi,2019-09-01,35.13,123.0
Delhi,2019-09-02,46.15,105.0
Delhi,2019-09-03,70.64,131.0
Delhi,2019-09-04,73.33,165.0
Delhi,2019-09-05,33.9,118.0
Delhi,2019-09-06,35.81,96.0
Delhi,2019-09-07,34.98,95.0
Delhi,2019-09-08,32.83,99.0
Delhi,2019-09-09,56.31,107.0
Delhi,2019-09-10,64.48,139.0
Delhi,2019-09-11,79.6,166.0
Delhi,2019-09-12,57.83,158.0
Delhi,2019-09-13,33.59,103.0
Delhi,2019-09-14,26.65,85.0
Delhi,2019-09-15,35.52,83.0
Delhi,2019-09-16,56.6,111.0
Delhi,2019-09-17,59.14,143.0
Delhi,2019-09-18,35.41,117.0
Delhi,2019-09-19,21.74,80.0
Delhi,2019-09-20,40.33,96.0
Delhi,2019-09-21,39.23,112.0
Delhi,2019-09-22,26.51,86.0
Delhi,2019-09-23,34.46,89.0
Delhi,2019-09-24,35.88,103.0
Delhi,2019-09-25,30.52,100.0
Delhi,2019-09-26,22.9,87.0
Delhi,2019-09-27,15.66,78.0
Delhi,2019-09-28,22.52,78.0
Delhi,2019-09-29,16.91,68.0
Delhi,2019-09-30,29.42,75.0
Delhi,2019-10-01,33.92,98.0
Delhi,2019-10-02,40.16,105.0
Delhi,2019-10-03,57.99,140.0
Delhi,2019-10-04,43.07,113.0
Delhi,2019-10-05,39.48,108.0
Delhi,2019-10-06,58.75,127.0
Delhi,2019-10-07,55.88,133.0
Delhi,2019-10-08,44.85,123.0
Delhi,2019-10-09,77.02,165.0
Delhi,2019-10-10,100.82,208.0
Delhi,2019-10-11,98.07,243.0
Delhi,2019-10-12,103.45,235.0
Delhi,2019-10-13,132.57,282.0
Delhi,2019-10-14,116.33,285.0
Delhi,2019-10-15,133.35,291.0
Delhi,2019-10-16,146.37,320.0
Delhi,2019-10-17,121.68,300.0
Delhi,2019-10-18,90.41,265.0
Delhi,2019-10-19,76.77,170.0
Delhi,2019-10-20,98.05,242.0
Delhi,2019-10-21,115.16,254.0
Delhi,2019-10-22,93.51,243.0
Delhi,2019-10-23,122.12,248.0
Delhi,2019-10-24,173.56,335.0
Delhi,2019-10-25,129.9,331.0
Delhi,2019-10-26,148.73,315.0
Delhi,2019-10-27,198.81,354.0
Delhi,2019-10-28,301.39,417.0
Delhi,2019-10-29,287.56,419.0
Delhi,2019-10-30,279.32,452.0
Delhi,2019-10-31,314.32,460.0
Delhi,2019-11-01,388.45,591.0
Delhi,2019-11-02,320.26,473.0
Delhi,2019-11-03,582.28,659.0
Delhi,2019-11-04,272.3,532.0
Delhi,2019-11-05,190.41,385.0
Delhi,2019-11-06,101.09,265.0
Delhi,2019-11-07,182.47,296.0
Delhi,2019-11-08,154.14,346.0
Delhi,2019-11-09,140.8,321.0
Delhi,2019-11-10,192.35,339.0
Delhi,2019-11-11,252.48,376.0
Delhi,2019-11-12,384.34,475.0
Delhi,2019-11-13,383.36,532.0
Delhi,2019-11-14,371.42,537.0
Delhi,2019-11-15,423.52,595.0
Delhi,2019-11-16,174.03,438.0
Delhi,2019-11-17,96.34,273.0
Delhi,2019-11-18,108.4,245.0
Delhi,2019-11-19,126.92,251.0
Delhi,2019-11-20,175.19,315.0
Delhi,2019-11-21,217.7,375.0
Delhi,2019-11-22,201.17,377.0
Delhi,2019-11-23,130.41,334.0
Delhi,2019-11-24,107.86,264.0
Delhi,2019-11-25,122.37,269.0
Delhi,2019-11-26,114.27,284.0
Delhi,2019-11-27,65.7,166.0
Delhi,2019-11-28,31.03,106.0
Delhi,2019-11-29,53.79,89.0
Delhi,2019-11-30,96.96,175.0
Delhi,2019-12-01,123.66,257.0
Delhi,2019-12-02,141.12,299.0
Delhi,2019-12-03,140.07,302.0
Delhi,2019-12-04,163.24,313.0
Delhi,2019-12-05,271.99,389.0
Delhi,2019-12-06,241.69,423.0
Delhi,2019-12-07,233.79,382.0
Delhi,2019-12-08,239.98,404.0
Delhi,2019-12-09,200.33,371.0
Delhi,2019-12-10,236.4,377.0
Delhi,2019-12-11,299.85,430.0
Delhi,2019-12-12,284.18,471.0
Delhi,2019-12-13,94.62,322.0
Delhi,2019-12-14,78.59,179.0
Delhi,2019-12-15,94.67,205.0
Delhi,2019-12-16,88.05,202.0
Delhi,2019-12-17,93.07,178.0
Delhi,2019-12-18,144.0,273.0
Delhi,2019-12-19,261.16,354.0
Delhi,2019-12-20,316.09,452.0
Delhi,2019-12-21,249.87,441.0
Delhi,2019-12-22,146.81,351.0
Delhi,2019-12-23,171.47,321.0
Delhi,2019-12-24,262.69,376.0
Delhi,2019-12-25,166.71,384.0
Delhi,2019-12-26,196.97,340.0
Delhi,2019-12-27,240.07,372.0
Delhi,2019-12-28,275.6,425.0
Delhi,2019-12-29,326.79,455.0
Delhi,2019-12-30,333.43,506.0
Delhi,2019-12-31,245.53,417.0
Delhi,2020-01-01,372.14,492.0
Delhi,2020-01-02,327.04,485.0
Delhi,2020-01-03,228.9,426.0
Delhi,2020-01-04,220.6,366.0
Delhi,2020-01-05,170.21,354.0
Delhi,2020-01-06,159.64,335.0
Delhi,2020-01-07,120.31,285.0
Delhi,2020-01-08,117.98,281.0
Delhi,2020-01-09,89.26,231.0
Delhi,2020-01-10,130.82,255.0
Delhi,2020-01-11,151.1,309.0
Delhi,2020-01-12,207.23,352.0
Delhi,2020-01-13,218.98,381.0
Delhi,2020-01-14,115.62,314.0
Delhi,2020-01-15,111.57,241.0
Delhi,2020-01-16,139.06,286.0
Delhi,2020-01-17,107.65,287.0
Delhi,2020-01-18,125.3,262.0
Delhi,2020-01-19,125.04,290.0
Delhi,2020-01-20,142.18,282.0
Delhi,2020-01-21,222.81,359.0
Delhi,2020-01-22,198.88,378.0
Delhi,2020-01-23,74.45,273.0
Delhi,2020-01-24,79.83,155.0
Delhi,2020-01-25,136.72,251.0
Delhi,2020-01-26,201.2,349.0
Delhi,2020-01-27,209.97,365.0
Delhi,2020-01-28,104.45,302.0
Delhi,2020-01-29,77.95,218.0
Delhi,2020-01-30,91.56,195.0
Delhi,2020-01-31,92.04,203.0
Delhi,2020-02-01,112.13,244.0
Delhi,2020-02-02,120.86,254.0
Delhi,2020-02-03,138.5,297.0
Delhi,2020-02-04,188.42,336.0
Delhi,2020-02-05,150.08,344.0
Delhi,2020-02-06,118.57,277.0
Delhi,2020-02-07,150.15,307.0
Delhi,2020-02-08,149.67,315.0
Delhi,2020-02-09,151.43,310.0
Delhi,2020-02-10,174.4,328.0
Delhi,2020-02-11,176.57,347.0
Delhi,2020-02-12,172.12,343.0
Delhi,2020-02-13,95.72,279.0
Delhi,2020-02-14,73.84,186.0
Delhi,2020-02-15,83.07,174.0
Delhi,2020-02-16,132.63,254.0
Delhi,2020-02-17,158.69,323.0
Delhi,2020-02-18,125.53,292.0
Delhi,2020-02-19,138.46,300.0
Delhi,2020-02-20,98.84,253.0
Delhi,2020-02-21,53.11,170.0
Delhi,2020-02-22,63.62,104.0
Delhi,2020-02-23,105.71,221.0
Delhi,2020-02-24,70.59,169.0
Delhi,2020-02-25,127.75,244.0
Delhi,2020-02-26,141.81,303.0
Delhi,2020-02-27,107.28,270.0
Delhi,2020-02-28,83.48,214.0
Delhi,2020-02-29,60.01,144.0
Delhi,2020-03-01,42.83,105.0
Delhi,2020-03-02,99.34,192.0
Delhi,2020-03-03,86.26,226.0
Delhi,2020-03-04,82.9,200.0
Delhi,2020-03-05,31.43,112.0
Delhi,2020-03-06,21.32,82.0
Delhi,2020-03-07,40.96,77.0
Delhi,2020-03-08,72.1,156.0
Delhi,2020-03-09,58.04,138.0
Delhi,2020-03-10,84.35,186.0
Delhi,2020-03-11,55.19,128.0
Delhi,2020-03-12,56.92,125.0
Delhi,2020-03-13,68.72,170.0
Delhi,2020-03-14,39.41,131.0
Delhi,2020-03-15,60.99,124.0
Delhi,2020-03-16,61.61,148.0
Delhi,2020-03-17,69.7,164.0
Delhi,2020-03-18,68.93,162.0
Delhi,2020-03-19,90.62,191.0
Delhi,2020-03-20,90.31,209.0
Delhi,2020-03-21,82.39,205.0
Delhi,2020-03-22,78.61,198.0
Delhi,2020-03-23,54.26,127.0
Delhi,2020-03-24,55.85,124.0
Delhi,2020-03-25,37.87,92.0
Delhi,2020-03-26,45.69,93.0
Delhi,2020-03-27,26.89,76.0
Delhi,2020-03-28,21.23,51.0
Delhi,2020-03-29,27.59,64.0
Delhi,2020-03-30,35.08,74.0
Delhi,2020-03-31,35.31,81.0
Delhi,2020-04-01,32.88,80.0
Delhi,2020-04-02,28.51,78.0
Delhi,2020-04-03,31.36,84.0
Delhi,2020-04-04,40.79,90.0
Delhi,2020-04-05,51.79,103.0
Delhi,2020-04-06,59.91,134.0
Delhi,2020-04-07,33.12,100.0
Delhi,2020-04-08,29.7,91.0
Delhi,2020-04-09,36.13,89.0
Delhi,2020-04-10,57.67,111.0
Delhi,2020-04-11,53.03,126.0
Delhi,2020-04-12,38.57,102.0
Delhi,2020-04-13,60.6,119.0
Delhi,2020-04-14,58.22,134.0
Delhi,2020-04-15,58.31,152.0
Delhi,2020-04-16,69.8,172.0
Delhi,2020-04-17,26.93,123.0
Delhi,2020-04-18,29.09,102.0
Delhi,2020-04-19,35.49,95.0
Delhi,2020-04-20,52.86,115.0
Delhi,2020-04-21,37.17,102.0
Delhi,2020-04-22,58.25,122.0
Delhi,2020-04-23,54.71,129.0
Delhi,2020-04-24,65.91,143.0
Delhi,2020-04-25,33.09,121.0
Delhi,2020-04-26,40.24,119.0
Delhi,2020-04-27,27.18,98.0
Delhi,2020-04-28,41.75,105.0
Delhi,2020-04-29,55.18,123.0
Delhi,2020-04-30,49.96,128.0
Delhi,2020-05-01,61.04,140.0
Delhi,2020-05-02,34.67,127.0
Delhi,2020-05-03,32.56,110.0
Delhi,2020-05-04,26.63,92.0
Delhi,2020-05-05,56.24,117.0
Delhi,2020-05-06,58.44,139.0
Delhi,2020-05-07,36.02,140.0
Delhi,2020-05-08,51.09,138.0
Delhi,2020-05-09,54.18,142.0
Delhi,2020-05-10,44.3,127.0
Delhi,2020-05-11,43.26,113.0
Delhi,2020-05-12,43.19,122.0
Delhi,2020-05-13,68.8,132.0
Delhi,2020-05-14,56.17,154.0
Delhi,2020-05-15,47.44,125.0
Delhi,2020-05-16,81.87,175.0
Delhi,2020-05-17,98.63,202.0
Delhi,2020-05-18,101.02,222.0
Delhi,2020-05-19,106.63,238.0
Delhi,2020-05-20,67.8,196.0
Delhi,2020-05-21,55.92,149.0
Delhi,2020-05-22,94.37,199.0
Delhi,2020-05-23,74.92,202.0
Delhi,2020-05-24,55.37,174.0
Delhi,2020-05-25,61.46,157.0
Delhi,2020-05-26,55.38,153.0
Delhi,2020-05-27,43.22,156.0
Delhi,2020-05-28,39.07,174.0
Delhi,2020-05-29,24.62,129.0
Delhi,2020-05-30,23.09,84.0
Delhi,2020-05-31,21.51,80.0
Delhi,2020-06-01,41.05,100.0
Delhi,2020-06-02,45.9,123.0
Delhi,2020-06-03,50.62,123.0
Delhi,2020-06-04,68.24,144.0
Delhi,2020-06-05,42.43,126.0
Delhi,2020-06-06,35.14,102.0
Delhi,2020-06-07,39.99,104.0
Delhi,2020-06-08,46.9,112.0
Delhi,2020-06-09,64.77,138.0
Delhi,2020-06-10,58.9,154.0
Delhi,2020-06-11,54.69,142.0
Delhi,2020-06-12,64.0,152.0
Delhi,2020-06-13,52.36,132.0
Delhi,2020-06-14,71.08,147.0
Delhi,2020-06-15,48.69,130.0
Delhi,2020-06-16,39.87,126.0
Delhi,2020-06-17,34.35,110.0
Delhi,2020-06-18,36.84,107.0
Delhi,2020-06-19,57.6,132.0
Delhi,2020-06-20,35.96,158.0
Delhi,2020-06-21,39.7,105.0
Delhi,2020-06-22,39.47,104.0
Delhi,2020-06-23,29.02,85.0
Delhi,2020-06-24,30.91,71.0
Delhi,2020-06-25,38.37,86.0
Delhi,2020-06-26,50.01,104.0
Delhi,2020-06-27,39.8,112.0
Delhi,2020-06-28,59.52,196.0
Delhi,2020-06-29,44.86,233.0
Delhi,2020-06-30,39.8,114.0
Delhi,2020-07-01,54.01,101.0
Kochi,2020-01-23,62.48,110.0
Kochi,2020-01-24,62.87,111.0
Kochi,2020-01-25,61.76,144.0
Kochi,2020-01-26,66.76,197.0
Kochi,2020-01-27,67.99,179.0
Kochi,2020-01-28,68.04,167.0
Kochi,2020-01-29,71.79,159.0
Kochi,2020-01-30,52.43,153.0
Kochi,2020-01-31,46.71,185.0
Kochi,2020-02-01,43.87,151.0
Kochi,2020-02-02,43.18,104.0
Kochi,2020-02-03,53.08,91.0
Kochi,2020-02-04,61.09,106.0
Kochi,2020-02-05,63.96,108.0
Kochi,2020-02-06,45.35,95.0
Kochi,2020-02-07,53.29,104.0
Kochi,2020-02-08,49.9,118.0
Kochi,2020-02-09,43.48,119.0
Kochi,2020-02-10,46.11,109.0
Kochi,2020-02-11,46.9,114.0
Kochi,2020-02-12,56.29,127.0
Kochi,2020-02-13,60.32,122.0
Kochi,2020-02-14,59.82,123.0
Kochi,2020-02-15,64.43,130.0
Kochi,2020-02-16,51.19,117.0
Kochi,2020-02-17,62.65,115.0
Kochi,2020-02-18,67.72,129.0
Kochi,2020-02-19,143.85,277.0
Kochi,2020-02-20,66.64,191.0
Kochi,2020-02-21,69.07,135.0
Kochi,2020-02-22,49.41,108.0
Kochi,2020-02-23,48.39,90.0
Kochi,2020-02-24,58.24,96.0
Kochi,2020-02-25,50.07,101.0
Kochi,2020-02-26,71.43,113.0
Kochi,2020-02-27,56.51,110.0
Kochi,2020-02-28,54.02,102.0
Kochi,2020-02-29,47.0,106.0
Kochi,2020-03-01,47.81,136.0
Kochi,2020-03-02,41.58,110.0
Kochi,2020-03-03,38.21,98.0
Kochi,2020-03-04,35.82,97.0
Kochi,2020-03-05,52.44,107.0
Kochi,2020-03-07,33.79,162.0
Kochi,2020-03-08,35.83,172.0
Kochi,2020-03-09,30.75,138.0
Kochi,2020-03-10,42.87,125.0
Kochi,2020-03-11,31.4,123.0
Kochi,2020-03-12,23.38,122.0
Kochi,2020-03-13,33.99,122.0
Kochi,2020-03-14,38.1,118.0
Kochi,2020-03-15,45.83,113.0
Kochi,2020-03-16,45.59,117.0
Kochi,2020-03-17,57.2,138.0
Kochi,2020-03-18,64.91,137.0
Kochi,2020-03-19,51.74,122.0
Kochi,2020-03-20,37.73,113.0
Kochi,2020-03-21,44.52,116.0
Kochi,2020-03-22,18.12,102.0
Kochi,2020-03-23,29.44,100.0
Kochi,2020-03-24,28.84,122.0
Kochi,2020-03-25,21.07,252.0
Kochi,2020-03-26,21.94,178.0
Kochi,2020-03-27,34.79,130.0
Kochi,2020-03-28,38.79,121.0
Kochi,2020-03-29,19.53,122.0
Kochi,2020-03-30,27.73,129.0
Kochi,2020-03-31,22.34,133.0
Kochi,2020-04-01,30.75,132.0
Kochi,2020-04-02,34.89,87.0
Kochi,2020-04-03,24.16,68.0
Kochi,2020-04-04,24.83,65.0
Kochi,2020-04-05,18.62,65.0
Kochi,2020-04-06,10.46,73.0
Kochi,2020-04-07,14.02,78.0
Kochi,2020-04-08,22.53,79.0
Kochi,2020-04-09,15.99,78.0
Kochi,2020-04-10,13.58,77.0
Kochi,2020-04-11,15.42,80.0
Kochi,2020-04-12,16.76,82.0
Kochi,2020-04-13,29.88,85.0
Kochi,2020-04-14,27.88,87.0
Kochi,2020-04-15,17.69,88.0
Kochi,2020-04-16,19.24,95.0
Kochi,2020-04-17,20.29,97.0
Kochi,2020-04-18,17.57,94.0
Kochi,2020-04-19,25.49,94.0
Kochi,2020-04-20,18.74,95.0
Kochi,2020-04-21,13.76,91.0
Kochi,2020-04-22,11.74,78.0
Kochi,2020-04-23,15.58,57.0
Kochi,2020-04-24,13.05,55.0
Kochi,2020-04-25,18.36,55.0
Kochi,2020-04-26,27.82,57.0
Kochi,2020-04-27,17.1,57.0
Kochi,2020-04-28,16.06,55.0
Kochi,2020-04-29,12.18,51.0
Kochi,2020-04-30,25.37,56.0
Kochi,2020-05-01,15.63,54.0
Kochi,2020-05-02,17.28,54.0
Kochi,2020-05-03,25.3,57.0
Kochi,2020-05-04,20.54,56.0
Kochi,2020-05-05,26.15,64.0
Kochi,2020-05-08,11.06,106.0
Kochi,2020-05-09,13.96,82.0
Kochi,2020-05-10,20.77,69.0
Kochi,2020-05-11,11.22,66.0
Kochi,2020-05-12,23.25,73.0
Kochi,2020-05-13,14.03,72.0
Kochi,2020-05-14,20.94,72.0
Kochi,2020-05-15,17.87,78.0
Kochi,2020-05-16,11.95,79.0
Kochi,2020-05-17,20.07,83.0
Kochi,2020-05-18,21.02,84.0
Kochi,2020-05-19,23.76,90.0
Kochi,2020-05-20,13.62,88.0
Kochi,2020-05-21,8.57,93.0
Kochi,2020-05-22,12.14,97.0
Kochi,2020-05-23,22.63,98.0
Kochi,2020-05-24,16.35,98.0
Kochi,2020-05-25,16.61,100.0
Kochi,2020-05-26,20.02,103.0
Kochi,2020-05-27,16.07,104.0
Kochi,2020-05-28,6.82,110.0
Kochi,2020-05-29,19.36,114.0
Kochi,2020-05-30,14.26,109.0
Kochi,2020-05-31,8.84,104.0
Kochi,2020-06-01,10.84,96.0
Kochi,2020-06-02,9.18,94.0
Kochi,2020-06-03,9.81,100.0
Kochi,2020-06-04,10.08,105.0
Kochi,2020-06-05,8.13,115.0
Kochi,2020-06-06,8.72,115.0
Kochi,2020-06-07,11.87,128.0
Kochi,2020-06-08,21.24,125.0
Kochi,2020-06-09,32.95,98.0
Kochi,2020-06-10,27.31,93.0
Kochi,2020-06-11,15.88,96.0
Kochi,2020-06-12,21.57,93.0
Kochi,2020-06-13,24.26,91.0
Kochi,2020-06-14,11.84,75.0
Kochi,2020-06-15,26.22,67.0
Kochi,2020-06-16,17.36,89.0
Kochi,2020-06-17,29.39,92.0
Kochi,2020-06-18,24.31,91.0
Kochi,2020-06-19,21.73,87.0
Kochi,2020-06-20,22.44,86.0
Kochi,2020-06-21,6.59,81.0
Kochi,2020-06-22,15.96,77.0
Kochi,2020-06-23,27.62,94.0
Kochi,2020-06-24,37.61,104.0
Kochi,2020-06-25,17.16,91.0
Kochi,2020-06-26,14.27,88.0
Kochi,2020-06-27,16.29,89.0
Kochi,2020-06-28,13.42,82.0
Kochi,2020-06-29,19.95,84.0
Kochi,2020-06-30,19.36,90.0
Kochi,2020-07-01,5.97,102.0
Patna,2015-10-03,74.28,154.0
Patna,2015-10-04,118.5,156.0
Patna,2015-10-05,99.12,222.0
Patna,2015-10-06,107.03,257.0
Patna,2015-10-07,111.0,246.0
Patna,2015-10-08,107.48,282.0
Patna,2015-10-09,121.5,234.0
Patna,2015-10-16,87.82,165.0
Patna,2015-10-17,95.74,193.0
Patna,2015-10-18,170.0,259.0
Patna,2015-10-21,98.72,214.0
Patna,2015-10-22,128.72,260.0
Patna,2015-10-23,120.64,312.0
Patna,2015-10-24,119.64,274.0
Patna,2015-10-26,125.35,294.0
Patna,2015-10-27,136.26,313.0
Patna,2015-10-28,201.0,306.0
Patna,2015-10-29,66.43,145.0
Patna,2015-10-30,66.17,137.0
Patna,2015-10-31,116.88,196.0
Patna,2015-11-01,192.0,306.0
Patna,2015-11-02,114.42,253.0
Patna,2015-11-03,132.89,311.0
Patna,2015-11-04,124.45,270.0
Patna,2015-11-05,128.25,305.0
Patna,2015-11-06,170.54,330.0
Patna,2015-11-07,217.82,355.0
Patna,2015-11-08,211.84,377.0
Patna,2015-11-09,183.37,354.0
Patna,2015-11-10,217.98,361.0
Patna,2015-11-11,225.05,367.0
Patna,2015-11-12,214.09,385.0
Patna,2015-11-13,200.98,374.0
Patna,2015-11-14,240.12,375.0
Patna,2015-11-15,249.21,392.0
Patna,2015-11-16,279.32,402.0
Patna,2015-11-17,222.41,407.0
Patna,2015-11-18,238.43,388.0
Patna,2015-11-19,195.85,362.0
Patna,2015-11-20,275.71,394.0
Patna,2015-11-21,315.16,441.0
Patna,2015-11-22,422.92,447.0
Patna,2015-11-23,273.82,407.0
Patna,2015-11-24,305.56,422.0
Patna,2015-11-25,281.76,426.0
Patna,2015-11-26,253.51,436.0
Patna,2015-11-27,240.39,389.0
Patna,2015-11-28,199.25,381.0
Patna,2015-11-29,119.5,348.0
Patna,2015-11-30,221.33,365.0
Patna,2015-12-01,247.61,394.0
Patna,2015-12-02,189.19,395.0
Patna,2015-12-03,160.84,309.0
Patna,2015-12-04,230.61,359.0
Patna,2015-12-05,242.71,416.0
Patna,2015-12-06,174.18,358.0
Patna,2015-12-07,186.38,343.0
Patna,2015-12-08,198.38,359.0
Patna,2015-12-09,169.68,344.0
Patna,2015-12-10,150.2,329.0
Patna,2015-12-11,194.92,336.0
Patna,2015-12-12,276.74,381.0
Patna,2015-12-13,250.54,431.0
Patna,2015-12-14,207.56,387.0
Patna,2015-12-15,208.42,353.0
Patna,2015-12-16,272.46,405.0
Patna,2015-12-17,321.28,415.0
Patna,2015-12-18,283.03,463.0
Patna,2015-12-19,322.19,412.0
Patna,2015-12-20,645.5,490.0
Patna,2015-12-21,299.25,423.0
Patna,2015-12-22,296.46,444.0
Patna,2015-12-23,281.18,428.0
Patna,2015-12-24,284.03,430.0
Patna,2015-12-25,255.32,405.0
Patna,2015-12-26,218.97,379.0
Patna,2015-12-27,324.5,390.0
Patna,2015-12-28,364.83,477.0
Patna,2015-12-29,391.47,498.0
Patna,2015-12-30,498.75,507.0
Patna,2015-12-31,498.02,586.0
Patna,2016-01-01,553.63,619.0
Patna,2016-01-02,454.15,598.0
Patna,2016-01-03,406.49,522.0
Patna,2016-01-04,361.88,501.0
Patna,2016-01-05,373.44,490.0
Patna,2016-01-06,451.4,542.0
Patna,2016-01-07,290.05,488.0
Patna,2016-01-08,260.51,414.0
Patna,2016-01-09,196.61,383.0
Patna,2016-01-10,156.03,330.0
Patna,2016-01-11,234.13,366.0
Patna,2016-01-12,301.41,417.0
Patna,2016-01-13,355.4,456.0
Patna,2016-01-14,412.87,512.0
Patna,2016-01-15,312.14,502.0
Patna,2016-01-16,195.43,393.0
Patna,2016-01-17,190.89,341.0
Patna,2016-01-18,194.96,364.0
Patna,2016-01-19,211.12,357.0
Patna,2016-01-20,184.21,347.0
Patna,2016-01-21,167.6,354.0
Patna,2016-01-22,159.71,328.0
Patna,2016-01-23,269.74,346.0
Patna,2016-01-24,302.58,454.0
Patna,2016-01-25,335.55,440.0
Patna,2016-01-26,298.3,468.0
Patna,2016-01-27,248.62,424.0
Patna,2016-01-28,272.65,395.0
Patna,2016-01-29,309.87,443.0
Patna,2016-01-30,337.37,463.0
Patna,2016-01-31,345.73,453.0
Patna,2016-02-01,239.65,458.0
Patna,2016-02-02,212.25,368.0
Patna,2016-02-03,102.21,320.0
Patna,2016-02-04,148.58,280.0
Patna,2016-02-05,365.0,333.0
Patna,2016-02-10,194.24,359.0
Patna,2016-02-11,248.22,374.0
Patna,2016-02-12,181.54,373.0
Patna,2016-02-13,223.92,361.0
Patna,2016-02-14,189.19,362.0
Patna,2016-02-15,196.19,359.0
Patna,2016-02-16,198.92,350.0
Patna,2016-02-18,116.36,303.0
Patna,2016-02-19,94.58,222.0
Patna,2016-02-20,122.07,272.0
Patna,2016-02-21,130.5,301.0
Patna,2016-02-22,63.6,148.0
Patna,2016-02-23,96.72,157.0
Patna,2016-02-24,131.62,301.0
Patna,2016-02-25,161.57,322.0
Patna,2016-02-26,112.65,306.0
Patna,2016-02-27,113.99,269.0
Patna,2016-02-28,127.13,298.0
Patna,2016-02-29,146.86,317.0
Patna,2016-03-01,91.83,320.0
Patna,2016-03-02,144.07,303.0
Patna,2016-03-03,180.16,343.0
Patna,2016-03-04,175.65,327.0
Patna,2016-03-05,247.52,390.0
Patna,2016-03-06,205.0,376.0
Patna,2016-03-07,94.47,210.0
Patna,2016-03-08,51.77,156.0
Patna,2016-03-09,82.68,155.0
Patna,2016-03-10,79.5,174.0
Patna,2016-03-12,73.38,216.0
Patna,2016-03-13,32.0,125.0
Patna,2016-03-14,61.64,170.0
Patna,2016-03-15,102.93,240.0
Patna,2016-03-16,104.17,241.0
Patna,2016-03-17,80.08,157.0
Patna,2016-03-18,155.15,314.0
Patna,2016-03-19,66.5,280.0
Patna,2016-03-21,84.45,193.0
Patna,2016-03-22,41.42,100.0
Patna,2016-03-23,142.92,176.0
Patna,2016-03-26,142.83,322.0
Patna,2016-03-27,151.61,314.0
Patna,2016-03-28,72.89,199.0
Patna,2016-03-29,81.45,139.0
Patna,2016-03-30,147.27,302.0
Patna,2016-03-31,135.87,316.0
Patna,2016-04-01,52.08,183.0
Patna,2016-04-02,68.82,91.0
Patna,2016-04-03,116.43,289.0
Patna,2016-04-04,91.12,198.0
Patna,2016-04-05,95.61,222.0
Patna,2016-04-06,56.0,211.0
Patna,2016-04-07,64.36,108.0
Patna,2016-04-08,59.97,144.0
Patna,2016-04-09,63.68,140.0
Patna,2016-04-10,67.83,152.0
Patna,2016-04-11,68.21,147.0
Patna,2016-04-12,55.92,148.0
Patna,2016-04-13,50.42,166.0
Patna,2016-04-14,79.44,131.0
Patna,2016-04-16,119.91,285.0
Patna,2016-04-17,66.73,226.0
Patna,2016-04-18,66.36,155.0
Patna,2016-04-19,64.81,165.0
Patna,2016-04-20,89.45,194.0
Patna,2016-04-21,60.25,170.0
Patna,2016-04-22,66.23,134.0
Patna,2016-04-23,112.04,182.0
Patna,2016-04-24,64.0,280.0
Patna,2016-04-25,62.5,104.0
Patna,2016-04-26,65.06,112.0
Patna,2016-04-27,139.0,262.0
Patna,2016-04-28,103.2,329.0
Patna,2016-04-29,112.71,269.0
Patna,2016-04-30,107.22,225.0
Patna,2016-05-01,94.3,263.0
Patna,2016-05-02,113.64,305.0
Patna,2016-05-03,105.17,252.0
Patna,2016-05-04,69.21,157.0
Patna,2016-05-05,77.02,147.0
Patna,2016-05-06,118.74,262.0
Patna,2016-05-07,74.61,233.0
Patna,2016-05-08,98.17,230.0
Patna,2016-05-09,76.96,141.0
Patna,2016-05-10,115.88,215.0
Patna,2016-05-11,62.22,215.0
Patna,2016-05-12,65.42,150.0
Patna,2016-05-13,59.59,147.0
Patna,2016-05-14,63.54,134.0
Patna,2016-05-15,58.5,137.0
Patna,2016-05-16,64.47,141.0
Patna,2016-05-17,70.67,109.0
Patna,2016-05-18,49.74,132.0
Patna,2016-05-19,41.25,115.0
Patna,2016-05-20,39.84,104.0
Patna,2016-05-21,44.05,68.0
Patna,2016-05-22,91.96,221.0
Patna,2016-05-23,61.75,126.0
Patna,2016-05-24,59.26,137.0
Patna,2016-05-25,64.21,141.0
Patna,2016-05-26,110.88,219.0
Patna,2016-05-27,150.08,259.0
Patna,2016-05-28,415.43,494.0
Patna,2016-05-29,66.17,264.0
Patna,2016-05-30,86.67,180.0
Patna,2016-05-31,81.11,182.0
Patna,2016-06-01,68.89,147.0
Patna,2016-06-02,73.5,155.0
Patna,2016-06-03,169.52,244.0
Patna,2016-06-04,66.58,271.0
Patna,2016-06-05,56.37,128.0
Patna,2016-06-06,56.57,95.0
Patna,2016-06-08,95.61,235.0
Patna,2016-06-09,77.65,150.0
Patna,2016-06-15,74.71,134.0
Patna,2016-06-19,45.75,119.0
Patna,2016-06-20,47.5,121.0
Patna,2016-06-21,46.67,123.0
Patna,2016-06-22,39.48,128.0
Patna,2016-06-23,67.86,102.0
Patna,2016-06-24,48.93,139.0
Patna,2016-06-25,57.6,80.0
Patna,2016-06-26,96.77,238.0
Patna,2016-06-27,68.22,127.0
Patna,2016-06-28,83.29,202.0
Patna,2016-06-29,43.12,139.0
Patna,2016-06-30,45.54,85.0
Patna,2016-07-02,36.96,136.0
Patna,2016-07-03,32.14,130.0
Patna,2016-07-05,37.95,127.0
Patna,2016-07-06,44.45,146.0
Patna,2016-07-07,43.0,157.0
Patna,2016-07-08,49.11,94.0
Patna,2016-07-10,39.08,137.0
Patna,2016-07-11,35.0,117.0
Patna,2016-07-12,32.0,113.0
Patna,2016-07-14,59.33,140.0
Patna,2016-07-15,40.91,128.0
Patna,2016-07-18,37.83,124.0
Patna,2016-07-19,42.11,122.0
Patna,2016-07-20,49.88,117.0
Patna,2016-07-21,58.33,108.0
Patna,2016-07-22,56.72,94.0
Patna,2016-07-23,43.43,81.0
Patna,2016-07-25,46.0,179.0
Patna,2016-07-26,42.62,124.0
Patna,2016-07-27,40.43,65.0
Patna,2016-07-28,64.13,95.0
Patna,2016-07-29,44.97,88.0
Patna,2016-07-30,54.18,86.0
Patna,2016-07-31,53.0,93.0
Patna,2016-08-01,41.62,84.0
Patna,2016-08-02,191.41,228.0
Patna,2016-08-03,30.09,294.0
Patna,2016-08-04,26.99,73.0
Patna,2016-08-05,68.36,166.0
Patna,2016-08-06,78.82,153.0
Patna,2016-08-07,26.13,111.0
Patna,2016-08-08,33.32,60.0
Patna,2016-08-09,46.89,134.0
Patna,2016-08-10,80.32,185.0
Patna,2016-08-11,24.8,123.0
Patna,2016-08-12,35.8,63.0
Patna,2016-08-13,36.83,65.0
Patna,2016-08-14,92.47,189.0
Patna,2016-08-15,53.8,135.0
Patna,2016-08-16,29.83,116.0
Patna,2016-08-17,31.27,119.0
Patna,2016-08-18,26.0,124.0
Patna,2016-08-19,39.17,102.0
Patna,2016-08-20,55.21,124.0
Patna,2016-08-21,41.88,126.0
Patna,2016-08-22,25.35,106.0
Patna,2016-08-23,45.04,103.0
Patna,2016-08-24,65.56,133.0
Patna,2016-08-25,83.62,125.0
Patna,2016-08-26,47.9,166.0
Patna,2016-08-27,38.57,73.0
Patna,2016-08-28,36.43,72.0
Patna,2016-08-29,54.38,84.0
Patna,2016-08-30,42.94,120.0
Patna,2016-08-31,51.75,127.0
Patna,2016-09-01,35.06,133.0
Patna,2016-09-02,38.8,99.0
Patna,2016-09-03,26.06,113.0
Patna,2016-09-04,45.36,62.0
Patna,2016-09-05,76.12,142.0
Patna,2016-09-06,43.17,144.0
Patna,2016-09-07,81.48,158.0
Patna,2016-09-08,99.07,202.0
Patna,2016-09-09,48.54,135.0
Patna,2016-09-10,97.21,204.0
Patna,2016-09-11,91.08,214.0
Patna,2016-09-12,31.62,84.0
Patna,2016-09-13,40.96,155.0
Patna,2016-09-14,40.93,124.0
Patna,2016-09-15,87.32,186.0
Patna,2016-09-16,97.75,194.0
Patna,2016-09-17,35.55,110.0
Patna,2016-09-18,89.06,168.0
Patna,2016-09-19,61.78,138.0
Patna,2016-09-21,71.62,192.0
Patna,2016-09-22,38.36,105.0
Patna,2016-09-23,47.46,126.0
Patna,2016-09-24,36.96,117.0
Patna,2016-09-25,120.7,152.0
Patna,2016-09-27,51.86,134.0
Patna,2016-09-28,79.44,187.0
Patna,2016-09-29,35.66,95.0
Patna,2016-09-30,105.85,201.0
Patna,2016-10-01,52.04,146.0
Patna,2016-10-02,296.42,102.0
Patna,2016-10-03,121.02,393.0
Patna,2016-10-04,91.71,207.0
Patna,2016-10-05,115.54,241.0
Patna,2016-10-06,69.0,258.0
Patna,2016-10-07,65.46,162.0
Patna,2016-10-08,48.71,104.0
Patna,2016-10-09,124.76,92.0
Patna,2016-10-12,103.94,195.0
Patna,2016-10-13,114.1,302.0
Patna,2016-10-14,133.66,284.0
Patna,2016-10-15,133.25,310.0
Patna,2016-10-16,124.76,243.0
Patna,2016-10-19,122.43,309.0
Patna,2016-10-20,112.42,287.0
Patna,2016-10-21,112.0,276.0
Patna,2016-10-22,116.23,273.0
Patna,2016-10-23,149.04,322.0
Patna,2016-10-24,131.05,284.0
Patna,2016-10-25,163.83,313.0
Patna,2016-10-26,195.54,364.0
Patna,2016-10-27,160.62,337.0
Patna,2016-10-28,144.73,319.0
Patna,2016-10-29,191.33,319.0
Patna,2016-10-30,372.28,423.0
Patna,2016-10-31,415.99,573.0
Patna,2016-11-01,173.54,410.0
Patna,2016-11-02,156.08,334.0
Patna,2016-11-03,136.93,310.0
Patna,2016-11-04,221.38,308.0
Patna,2016-11-05,555.33,476.0
Patna,2016-11-07,177.99,331.0
Patna,2016-11-08,262.44,381.0
Patna,2016-11-09,335.78,440.0
Patna,2016-11-10,211.3,469.0
Patna,2016-11-11,176.06,351.0
Patna,2016-11-12,211.58,356.0
Patna,2016-11-13,179.71,365.0
Patna,2016-11-14,150.36,330.0
Patna,2016-11-15,144.75,323.0
Patna,2016-11-16,154.15,326.0
Patna,2016-11-17,256.14,360.0
Patna,2016-11-18,244.5,392.0
Patna,2016-11-19,204.53,399.0
Patna,2016-11-20,292.92,421.0
Patna,2016-11-21,293.74,414.0
Patna,2016-11-22,265.52,429.0
Patna,2016-11-23,199.17,405.0
Patna,2016-11-24,254.83,397.0
Patna,2016-11-25,282.43,402.0
Patna,2016-11-26,279.68,422.0
Patna,2016-11-27,404.21,460.0
Patna,2016-11-28,376.52,482.0
Patna,2016-11-29,461.53,525.0
Patna,2016-11-30,322.79,538.0
Patna,2016-12-01,213.92,407.0
Patna,2016-12-02,192.35,360.0
Patna,2016-12-03,251.92,391.0
Patna,2016-12-04,188.04,362.0
Patna,2016-12-05,278.25,379.0
Patna,2016-12-06,238.16,415.0
Patna,2016-12-07,196.16,381.0
Patna,2016-12-08,175.96,356.0
Patna,2016-12-09,207.79,355.0
Patna,2016-12-10,201.17,362.0
Patna,2016-12-11,152.52,340.0
Patna,2016-12-12,207.5,328.0
Patna,2016-12-13,188.93,362.0
Patna,2016-12-15,246.42,390.0
Patna,2016-12-16,238.56,408.0
Patna,2016-12-18,392.31,472.0
Patna,2016-12-19,197.94,359.0
Patna,2016-12-20,296.0,364.0
Patna,2016-12-21,420.88,500.0
Patna,2016-12-22,466.48,568.0
Patna,2016-12-23,357.91,530.0
Patna,2016-12-24,392.75,458.0
Patna,2016-12-25,427.46,565.0
Patna,2016-12-26,274.23,453.0
Patna,2016-12-27,179.13,378.0
Patna,2016-12-28,170.28,335.0
Patna,2016-12-29,269.91,391.0
Patna,2016-12-30,242.58,408.0
Patna,2016-12-31,158.75,346.0
Patna,2017-01-01,199.0,332.0
Patna,2017-01-03,229.8,429.0
Patna,2017-01-04,180.95,345.0
Patna,2017-01-05,205.62,339.0
Patna,2017-01-06,238.36,403.0
Patna,2017-01-07,195.2,374.0
Patna,2017-01-08,223.67,360.0
Patna,2017-01-09,268.38,396.0
Patna,2017-01-10,174.41,406.0
Patna,2017-01-11,136.67,308.0
Patna,2017-01-12,138.12,313.0
Patna,2017-01-13,181.93,358.0
Patna,2017-01-14,220.1,352.0
Patna,2017-01-15,250.54,371.0
Patna,2017-01-16,243.71,407.0
Patna,2017-01-17,260.54,402.0
Patna,2017-01-18,422.59,520.0
Patna,2017-01-19,256.46,445.0
Patna,2017-01-20,136.57,335.0
Patna,2017-01-21,140.83,301.0
Patna,2017-01-22,201.33,336.0
Patna,2017-01-24,218.21,353.0
Patna,2017-01-25,282.41,418.0
Patna,2017-01-26,273.71,416.0
Patna,2017-01-27,179.29,378.0
Patna,2017-01-28,61.92,230.0
Patna,2017-01-29,88.58,144.0
Patna,2017-01-30,174.62,304.0
Patna,2017-01-31,135.36,321.0
Patna,2017-02-01,155.23,315.0
Patna,2017-02-02,172.17,331.0
Patna,2017-02-03,348.58,429.0
Patna,2017-02-04,263.04,419.0
Patna,2017-02-05,277.0,442.0
Patna,2017-02-06,290.88,443.0
Patna,2017-02-07,110.38,336.0
Patna,2017-02-08,146.47,304.0
Patna,2017-02-24,65.5,161.0
Patna,2017-03-02,120.12,309.0
Patna,2017-03-03,89.54,254.0
Patna,2017-03-04,161.0,241.0
Patna,2017-03-05,99.37,325.0
Patna,2017-03-06,80.47,248.0
Patna,2017-03-07,98.35,195.0
Patna,2017-03-08,152.52,315.0
Patna,2017-03-09,185.6,314.0
Patna,2017-03-10,169.79,356.0
Patna,2017-03-11,71.61,252.0
Patna,2017-03-12,97.92,190.0
Patna,2017-03-15,115.38,216.0
Patna,2017-03-17,125.96,250.0
Patna,2017-03-18,145.47,346.0
Patna,2017-03-19,127.63,224.0
Patna,2017-03-20,76.75,312.0
Patna,2017-03-21,98.03,198.0
Patna,2017-03-22,113.14,215.0
Patna,2017-03-23,116.57,287.0
Patna,2017-03-24,253.65,326.0
Patna,2017-03-28,157.29,330.0
Patna,2017-03-29,90.88,258.0
Patna,2017-03-30,91.26,215.0
Patna,2017-03-31,106.36,199.0
Patna,2017-04-01,105.55,256.0
Patna,2017-04-02,98.16,226.0
Patna,2017-04-03,114.5,272.0
Patna,2017-04-04,84.86,299.0
Patna,2017-04-05,58.75,139.0
Patna,2017-04-06,83.0,100.0
Patna,2017-04-07,96.7,198.0
Patna,2017-04-08,93.16,228.0
Patna,2017-04-09,105.5,219.0
Patna,2017-04-11,342.0,439.0
Patna,2017-04-12,146.17,395.0
Patna,2017-04-13,106.25,261.0
Patna,2017-10-02,45.22,91.0
Patna,2017-10-03,24.27,69.0
Patna,2017-10-04,48.47,77.0
Patna,2017-10-05,46.4,81.0
Patna,2017-10-09,53.04,128.0
Patna,2017-10-10,42.42,84.0
Patna,2017-10-16,124.34,307.0
Patna,2017-10-25,185.62,342.0
Patna,2017-10-26,158.58,341.0
Patna,2017-10-27,165.01,335.0
Patna,2017-10-28,146.45,331.0
Patna,2017-10-29,113.67,305.0
Patna,2017-10-30,138.54,296.0
Patna,2017-10-31,43.54,73.0
Patna,2017-11-01,124.76,75.0
Patna,2017-11-04,111.81,286.0
Patna,2017-11-05,115.11,276.0
Patna,2017-11-06,112.84,289.0
Patna,2017-11-07,147.55,286.0
Patna,2017-11-08,246.45,354.0
Patna,2017-11-09,296.86,430.0
Patna,2017-11-10,318.54,439.0
Patna,2017-11-11,263.01,429.0
Patna,2017-11-12,192.85,372.0
Patna,2017-11-13,173.11,345.0
Patna,2017-11-14,166.83,341.0
Patna,2017-11-15,106.35,314.0
Patna,2017-11-16,109.71,250.0
Patna,2017-11-17,110.19,233.0
Patna,2017-11-18,136.59,306.0
Patna,2017-11-19,165.27,310.0
Patna,2017-11-20,181.46,360.0
Patna,2017-11-21,136.75,322.0
Patna,2017-11-22,210.4,335.0
Patna,2017-11-23,262.21,398.0
Patna,2017-11-24,203.29,406.0
Patna,2017-11-25,305.93,406.0
Patna,2017-11-26,348.67,474.0
Patna,2017-11-27,284.45,447.0
Patna,2017-11-28,237.81,407.0
Patna,2017-11-29,300.46,431.0
Patna,2017-11-30,339.2,438.0
Patna,2017-12-01,401.35,480.0
Patna,2017-12-02,414.58,550.0
Patna,2017-12-03,279.39,457.0
Patna,2017-12-04,296.04,415.0
Patna,2017-12-05,335.71,446.0
Patna,2017-12-06,363.93,481.0
Patna,2017-12-07,275.48,465.0
Patna,2017-12-08,226.61,407.0
Patna,2017-12-10,195.21,387.0
Patna,2017-12-11,215.61,366.0
Patna,2017-12-12,244.8,385.0
Patna,2017-12-13,182.27,378.0
Patna,2017-12-14,127.78,314.0
Patna,2017-12-15,140.22,308.0
Patna,2017-12-16,179.33,336.0
Patna,2017-12-17,244.25,365.0
Patna,2017-12-18,279.72,406.0
Patna,2017-12-19,302.05,441.0
Patna,2017-12-21,205.39,391.0
Patna,2017-12-22,179.74,346.0
Patna,2017-12-23,235.52,364.0
Patna,2017-12-24,260.0,393.0
Patna,2017-12-26,217.84,375.0
Patna,2017-12-27,310.21,363.0
Patna,2017-12-28,391.54,533.0
Patna,2017-12-29,265.55,438.0
Patna,2017-12-30,269.49,409.0
Patna,2017-12-31,198.35,396.0
Patna,2018-01-01,282.47,371.0
Patna,2018-01-02,227.69,440.0
Patna,2018-01-04,277.9,395.0
Patna,2018-01-05,257.28,418.0
Patna,2018-01-06,235.51,403.0
Patna,2018-01-07,249.54,388.0
Patna,2018-01-08,322.31,432.0
Patna,2018-01-09,247.38,438.0
Patna,2018-01-10,207.29,379.0
Patna,2018-01-11,216.37,364.0
Patna,2018-01-12,249.93,377.0
Patna,2018-01-13,260.02,405.0
Patna,2018-01-14,191.93,399.0
Patna,2018-01-15,210.23,358.0
Patna,2018-01-16,191.17,353.0
Patna,2018-01-17,201.14,391.0
Patna,2018-01-18,181.73,322.0
Patna,2018-01-19,163.57,370.0
Patna,2018-01-20,114.39,266.0
Patna,2018-01-21,168.88,310.0
Patna,2018-01-22,202.77,360.0
Patna,2018-01-23,197.48,367.0
Patna,2018-01-24,172.43,359.0
Patna,2018-01-25,114.95,300.0
Patna,2018-01-26,110.07,280.0
Patna,2018-01-27,141.28,241.0
Patna,2018-01-28,250.32,382.0
Patna,2018-01-29,201.07,381.0
Patna,2018-01-30,264.93,364.0
Patna,2018-01-31,272.9,448.0
Patna,2018-02-01,214.56,390.0
Patna,2018-02-02,197.7,361.0
Patna,2018-02-03,153.21,342.0
Patna,2018-02-04,106.65,309.0
Patna,2018-02-05,80.12,215.0
Patna,2018-02-06,99.27,168.0
Patna,2018-02-07,128.95,298.0
Patna,2018-02-08,110.05,289.0
Patna,2018-02-09,100.56,236.0
Patna,2018-02-10,118.69,283.0
Patna,2018-02-11,159.2,309.0
Patna,2018-02-13,151.62,338.0
Patna,2018-02-14,107.21,302.0
Patna,2018-02-15,94.82,198.0
Patna,2018-02-16,137.62,297.0
Patna,2018-02-17,153.9,316.0
Patna,2018-02-18,165.68,332.0
Patna,2018-02-19,156.35,333.0
Patna,2018-02-20,162.34,331.0
Patna,2018-02-21,184.38,341.0
Patna,2018-02-22,214.8,369.0
Patna,2018-02-23,159.75,346.0
Patna,2018-02-24,228.6,360.0
Patna,2018-02-25,164.77,349.0
Patna,2018-02-26,173.39,353.0
Patna,2018-02-27,117.12,304.0
Patna,2018-02-28,147.49,312.0
Patna,2018-03-01,132.89,311.0
Patna,2018-03-02,175.83,349.0
Patna,2018-03-03,81.29,232.0
Patna,2018-03-04,90.11,165.0
Patna,2018-03-05,106.56,263.0
Patna,2018-03-06,76.62,209.0
Patna,2018-03-07,86.95,179.0
Patna,2018-03-08,118.69,286.0
Patna,2018-03-09,113.77,265.0
Patna,2018-03-10,114.23,286.0
Patna,2018-03-11,94.19,234.0
Patna,2018-03-12,137.74,291.0
Patna,2018-03-13,129.08,306.0
Patna,2018-03-14,164.86,319.0
Patna,2018-03-15,176.83,342.0
Patna,2018-03-16,154.58,344.0
Patna,2018-03-17,87.24,247.0
Patna,2018-03-18,94.42,203.0
Patna,2018-03-19,106.67,242.0
Patna,2018-03-20,124.32,281.0
Patna,2018-03-21,139.8,309.0
Patna,2018-03-22,172.53,327.0
Patna,2018-03-23,128.19,335.0
Patna,2018-03-24,95.73,225.0
Patna,2018-03-25,106.14,253.0
Patna,2018-03-26,108.97,235.0
Patna,2018-03-27,135.34,293.0
Patna,2018-03-28,142.11,312.0
Patna,2018-03-29,139.06,326.0
Patna,2018-03-30,111.45,303.0
Patna,2018-03-31,59.97,170.0
Patna,2018-04-01,73.88,143.0
Patna,2018-04-02,63.73,161.0
Patna,2018-04-03,96.56,197.0
Patna,2018-04-04,85.81,226.0
Patna,2018-04-05,66.34,157.0
Patna,2018-04-06,75.17,130.0
Patna,2018-04-07,98.48,156.0
Patna,2018-04-08,88.22,241.0
Patna,2018-04-09,88.76,195.0
Patna,2018-04-10,90.41,211.0
Patna,2018-04-11,84.9,184.0
Patna,2018-04-12,93.84,194.0
Patna,2018-04-13,82.39,221.0
Patna,2018-04-14,99.89,188.0
Patna,2018-04-15,117.04,282.0
Patna,2018-04-16,97.65,232.0
Patna,2018-04-17,94.45,218.0
Patna,2018-04-18,97.51,202.0
Patna,2018-04-19,93.83,235.0
Patna,2018-04-20,146.99,239.0
Patna,2018-04-21,103.02,310.0
Patna,2018-04-22,91.41,237.0
Patna,2018-04-23,79.63,189.0
Patna,2018-04-24,151.86,163.0
Patna,2018-04-25,127.1,322.0
Patna,2018-04-26,68.43,197.0
Patna,2018-04-27,61.0,161.0
Patna,2018-04-28,66.22,157.0
Patna,2018-04-29,63.41,151.0
Patna,2018-04-30,44.45,173.0
Patna,2018-05-01,48.01,111.0
Patna,2018-05-02,55.72,125.0
Patna,2018-05-03,51.1,126.0
Patna,2018-05-04,57.69,133.0
Patna,2018-05-05,64.19,165.0
Patna,2018-05-06,100.12,198.0
Patna,2018-05-07,98.02,235.0
Patna,2018-05-08,98.15,219.0
Patna,2018-05-09,82.42,209.0
Patna,2018-05-10,91.04,206.0
Patna,2018-05-11,78.06,195.0
Patna,2018-05-12,59.92,156.0
Patna,2018-05-13,61.47,131.0
Patna,2018-05-14,41.9,232.0
Patna,2018-05-15,62.45,157.0
Patna,2018-05-16,62.33,143.0
Patna,2018-05-17,65.64,135.0
Patna,2018-05-18,79.59,156.0
Patna,2018-05-19,73.88,165.0
Patna,2018-05-20,66.97,143.0
Patna,2018-05-21,104.97,200.0
Patna,2018-05-22,86.62,214.0
Patna,2018-05-23,73.09,176.0
Patna,2018-05-24,76.36,139.0
Patna,2018-05-25,77.49,167.0
Patna,2018-05-26,72.7,202.0
Patna,2018-05-27,78.1,165.0
Patna,2018-05-28,67.49,181.0
Patna,2018-05-29,49.24,175.0
Patna,2018-05-30,54.17,148.0
Patna,2018-05-31,57.24,136.0
Patna,2018-06-01,45.31,208.0
Patna,2018-06-02,54.38,152.0
Patna,2018-06-03,75.71,135.0
Patna,2018-06-04,83.58,166.0
Patna,2018-06-05,73.28,163.0
Patna,2018-06-06,78.8,149.0
Patna,2018-06-07,71.43,168.0
Patna,2018-06-08,44.22,115.0
Patna,2018-06-09,52.5,105.0
Patna,2018-06-10,52.52,138.0
Patna,2018-06-11,65.12,113.0
Patna,2018-06-12,70.93,172.0
Patna,2018-06-13,80.99,139.0
Patna,2018-06-14,77.59,171.0
Patna,2018-06-15,98.06,204.0
Patna,2018-06-16,82.94,208.0
Patna,2018-06-17,82.36,171.0
Patna,2018-06-18,75.28,167.0
Patna,2018-06-19,71.61,151.0
Patna,2018-06-20,67.46,142.0
Patna,2018-06-21,72.52,146.0
Patna,2018-06-22,79.93,166.0
Patna,2018-06-23,64.14,159.0
Patna,2018-06-24,66.35,118.0
Patna,2018-06-25,68.24,139.0
Patna,2018-06-26,43.46,117.0
Patna,2018-06-27,52.86,104.0
Patna,2018-06-28,34.85,85.0
Patna,2018-06-29,48.51,104.0
Patna,2018-06-30,65.58,149.0
Patna,2018-07-01,60.82,116.0
Patna,2018-07-02,55.72,97.0
Patna,2018-07-03,57.51,98.0
Patna,2018-07-04,44.58,83.0
Patna,2018-07-05,40.99,89.0
Patna,2018-07-06,52.55,105.0
Patna,2018-07-07,69.84,131.0
Patna,2018-07-08,58.43,111.0
Patna,2018-07-09,33.32,103.0
Patna,2018-07-10,41.66,92.0
Patna,2018-07-11,49.47,99.0
Patna,2018-07-12,44.65,101.0
Patna,2018-07-13,44.33,116.0
Patna,2018-07-14,42.91,100.0
Patna,2018-07-15,42.47,98.0
Patna,2018-07-16,35.55,84.0
Patna,2018-07-17,32.38,85.0
Patna,2018-07-18,38.21,90.0
Patna,2018-07-19,47.9,102.0
Patna,2018-07-20,58.49,123.0
Patna,2018-07-21,36.05,93.0
Patna,2018-07-22,27.92,82.0
Patna,2018-07-23,34.29,80.0
Patna,2018-07-24,46.88,88.0
Patna,2018-07-25,32.39,76.0
Patna,2018-07-26,41.54,78.0
Patna,2018-07-27,42.89,98.0
Patna,2018-07-28,44.28,92.0
Patna,2018-07-29,31.96,72.0
Patna,2018-07-30,36.94,81.0
Patna,2018-07-31,47.02,86.0
Patna,2018-08-01,39.54,83.0
Patna,2018-08-02,51.7,90.0
Patna,2018-08-03,49.62,95.0
Patna,2018-08-04,54.43,91.0
Patna,2018-08-05,64.42,112.0
Patna,2018-08-06,61.9,104.0
Patna,2018-08-07,47.6,110.0
Patna,2018-08-08,44.42,90.0
Patna,2018-08-09,45.02,98.0
Patna,2018-08-10,60.95,105.0
Patna,2018-08-11,80.39,153.0
Patna,2018-08-12,66.95,140.0
Patna,2018-08-13,59.48,113.0
Patna,2018-08-14,61.14,122.0
Patna,2018-08-15,44.0,97.0
Patna,2018-08-16,37.12,82.0
Patna,2018-08-17,41.99,87.0
Patna,2018-08-18,65.93,108.0
Patna,2018-08-19,53.67,113.0
Patna,2018-08-20,40.25,100.0
Patna,2018-08-21,34.96,86.0
Patna,2018-08-22,60.08,91.0
Patna,2018-08-23,56.54,105.0
Patna,2018-08-24,67.18,122.0
Patna,2018-08-25,54.79,105.0
Patna,2018-08-26,55.12,107.0
Patna,2018-08-27,48.25,98.0
Patna,2018-08-28,39.88,90.0
Patna,2018-08-29,45.77,89.0
Patna,2018-08-30,70.69,123.0
Patna,2018-08-31,52.89,106.0
Patna,2018-09-01,51.74,97.0
Patna,2018-09-02,44.76,93.0
Patna,2018-09-03,41.48,71.0
Patna,2018-09-04,46.91,83.0
Patna,2018-09-05,53.07,98.0
Patna,2018-09-06,57.02,110.0
Patna,2018-09-07,38.81,81.0
Patna,2018-09-08,62.79,85.0
Patna,2018-09-09,75.02,159.0
Patna,2018-09-10,52.35,101.0
Patna,2018-09-11,57.38,89.0
Patna,2018-09-12,50.11,90.0
Patna,2018-09-13,56.67,96.0
Patna,2018-09-14,58.11,100.0
Patna,2018-09-15,63.78,116.0
Patna,2018-09-16,67.67,125.0
Patna,2018-09-17,88.56,159.0
Patna,2018-09-18,78.46,184.0
Patna,2018-09-19,96.29,191.0
Patna,2018-09-20,80.58,224.0
Patna,2018-09-21,32.7,98.0
Patna,2018-09-22,49.15,79.0
Patna,2018-09-23,63.65,108.0
Patna,2018-09-24,77.5,130.0
Patna,2018-09-25,73.45,155.0
Patna,2018-09-26,71.6,143.0
Patna,2018-09-28,81.55,147.0
Patna,2018-09-29,86.98,183.0
Patna,2018-09-30,75.9,191.0
Patna,2018-10-01,71.81,166.0
Patna,2018-10-02,85.22,181.0
Patna,2018-10-03,103.11,209.0
Patna,2018-10-04,96.92,245.0
Patna,2018-10-05,85.68,190.0
Patna,2018-10-06,90.95,197.0
Patna,2018-10-07,88.59,215.0
Patna,2018-10-08,107.44,224.0
Patna,2018-10-09,124.3,299.0
Patna,2018-10-10,97.3,273.0
Patna,2018-10-11,67.14,186.0
Patna,2018-10-12,40.05,109.0
Patna,2018-10-13,60.88,153.0
Patna,2018-10-14,78.93,141.0
Patna,2018-10-15,104.86,221.0
Patna,2018-10-16,110.89,270.0
Patna,2018-10-17,112.96,264.0
Patna,2018-10-18,125.18,301.0
Patna,2018-10-19,107.26,260.0
Patna,2018-10-20,120.85,284.0
Patna,2018-10-21,125.04,302.0
Patna,2018-10-22,141.92,309.0
Patna,2018-10-23,122.46,314.0
Patna,2018-10-24,140.29,301.0
Patna,2018-10-25,147.16,323.0
Patna,2018-10-26,171.12,332.0
Patna,2018-10-27,136.71,325.0
Patna,2018-10-28,132.09,316.0
Patna,2018-10-29,112.07,260.0
Patna,2018-10-30,137.34,302.0
Patna,2018-10-31,103.19,275.0
Patna,2018-11-01,155.93,311.0
Patna,2018-11-02,158.76,334.0
Patna,2018-11-03,148.34,314.0
Patna,2018-11-04,170.84,336.0
Patna,2018-11-05,180.68,351.0
Patna,2018-11-06,180.15,336.0
Patna,2018-11-07,258.99,371.0
Patna,2018-11-08,295.52,449.0
Patna,2018-11-09,186.59,372.0
Patna,2018-11-10,185.14,355.0
Patna,2018-11-11,228.08,362.0
Patna,2018-11-12,235.81,395.0
Patna,2018-11-13,229.06,375.0
Patna,2018-11-14,261.24,411.0
Patna,2018-11-15,172.82,369.0
Patna,2018-11-16,149.27,329.0
Patna,2018-11-17,135.62,321.0
Patna,2018-11-18,185.02,317.0
Patna,2018-11-19,259.86,397.0
Patna,2018-11-20,275.6,404.0
Patna,2018-11-21,276.11,428.0
Patna,2018-11-22,237.86,404.0
Patna,2018-11-23,214.56,377.0
Patna,2018-11-24,210.55,360.0
Patna,2018-11-25,253.65,399.0
Patna,2018-11-26,260.83,405.0
Patna,2018-11-27,204.45,395.0
Patna,2018-11-28,161.01,326.0
Patna,2018-11-29,195.57,355.0
Patna,2018-11-30,195.42,358.0
Patna,2018-12-01,251.78,371.0
Patna,2018-12-02,251.83,415.0
Patna,2018-12-03,260.82,395.0
Patna,2018-12-04,290.17,431.0
Patna,2018-12-05,289.43,416.0
Patna,2018-12-06,262.16,420.0
Patna,2018-12-07,246.52,413.0
Patna,2018-12-08,282.8,404.0
Patna,2018-12-09,258.02,427.0
Patna,2018-12-10,303.44,424.0
Patna,2018-12-11,253.4,425.0
Patna,2018-12-12,207.54,379.0
Patna,2018-12-13,234.72,392.0
Patna,2018-12-14,253.49,401.0
Patna,2018-12-15,159.5,354.0
Patna,2018-12-16,160.16,334.0
Patna,2018-12-18,205.41,403.0
Patna,2018-12-19,120.06,311.0
Patna,2018-12-20,343.85,376.0
Patna,2018-12-21,353.24,490.0
Patna,2018-12-22,426.71,481.0
Patna,2018-12-23,283.17,490.0
Patna,2018-12-24,253.38,404.0
Patna,2018-12-25,240.54,389.0
Patna,2018-12-26,263.32,404.0
Patna,2018-12-27,244.4,409.0
Patna,2018-12-28,203.88,372.0
Patna,2018-12-29,249.73,376.0
Patna,2018-12-30,337.17,430.0
Patna,2018-12-31,359.32,470.0
Patna,2019-01-01,436.55,539.0
Patna,2019-01-02,463.51,568.0
Patna,2019-01-03,398.93,524.0
Patna,2019-01-04,376.2,501.0
Patna,2019-01-05,423.94,520.0
Patna,2019-01-06,230.07,477.0
Patna,2019-01-07,214.9,359.0
Patna,2019-01-08,131.75,342.0
Patna,2019-01-09,162.64,313.0
Patna,2019-01-10,241.28,354.0
Patna,2019-01-11,312.38,455.0
Patna,2019-01-12,300.4,424.0
Patna,2019-01-13,295.69,447.0
Patna,2019-01-14,250.19,405.0
Patna,2019-01-15,122.77,349.0
Patna,2019-01-16,234.01,333.0
Patna,2019-01-17,359.72,449.0
Patna,2019-01-18,337.78,482.0
Patna,2019-01-19,277.86,443.0
Patna,2019-01-20,363.78,441.0
Patna,2019-01-21,478.16,550.0
Patna,2019-01-22,313.62,525.0
Patna,2019-01-23,176.15,396.0
Patna,2019-01-24,133.04,281.0
Patna,2019-01-25,191.67,345.0
Patna,2019-01-26,177.96,352.0
Patna,2019-01-27,100.17,304.0
Patna,2019-01-28,98.08,219.0
Patna,2019-01-29,103.89,235.0
Patna,2019-01-30,135.71,257.0
Patna,2019-01-31,262.54,375.0
Patna,2019-02-01,293.0,412.0
Patna,2019-02-02,237.45,435.0
Patna,2019-02-03,202.97,366.0
Patna,2019-02-04,138.09,336.0
Patna,2019-02-05,151.31,318.0
Patna,2019-02-06,189.49,335.0
Patna,2019-02-07,234.28,379.0
Patna,2019-02-08,119.02,344.0
Patna,2019-02-09,94.6,218.0
Patna,2019-02-10,101.83,208.0
Patna,2019-02-11,121.26,300.0
Patna,2019-02-12,134.59,289.0
Patna,2019-02-13,164.09,329.0
Patna,2019-02-14,173.68,342.0
Patna,2019-02-15,161.38,335.0
Patna,2019-02-16,83.53,264.0
Patna,2019-02-17,93.25,186.0
Patna,2019-02-18,106.34,217.0
Patna,2019-02-19,154.22,314.0
Patna,2019-02-20,150.62,330.0
Patna,2019-02-21,144.92,312.0
Patna,2019-02-22,160.57,331.0
Patna,2019-02-23,84.65,279.0
Patna,2019-02-24,64.36,191.0
Patna,2019-02-25,104.8,202.0
Patna,2019-02-26,170.92,311.0
Patna,2019-02-27,81.31,296.0
Patna,2019-02-28,46.41,112.0
Patna,2019-03-01,70.32,130.0
Patna,2019-03-02,127.84,255.0
Patna,2019-03-03,129.83,308.0
Patna,2019-03-04,98.66,266.0
Patna,2019-03-05,99.65,251.0
Patna,2019-03-06,74.15,191.0
Patna,2019-03-07,72.62,189.0
Patna,2019-03-08,88.98,199.0
Patna,2019-03-09,108.14,213.0
Patna,2019-03-10,140.06,316.0
Patna,2019-03-11,96.84,244.0
Patna,2019-03-12,105.04,241.0
Patna,2019-03-13,86.69,218.0
Patna,2019-03-14,79.54,195.0
Patna,2019-03-15,72.44,164.0
Patna,2019-03-16,84.57,173.0
Patna,2019-03-17,70.48,221.0
Patna,2019-03-18,78.3,174.0
Patna,2019-03-19,86.48,206.0
Patna,2019-03-20,87.83,205.0
Patna,2019-03-21,176.31,327.0
Patna,2019-03-22,58.35,255.0
Patna,2019-03-23,39.08,188.0
Patna,2019-03-24,46.72,204.0
Patna,2019-03-25,56.72,182.0
Patna,2019-03-26,59.91,134.0
Patna,2019-03-27,61.55,165.0
Patna,2019-03-28,82.12,201.0
Patna,2019-03-29,81.53,204.0
Patna,2019-03-30,91.88,224.0
Patna,2019-03-31,78.88,192.0
Patna,2019-04-01,46.83,149.0
Patna,2019-04-02,61.04,132.0
Patna,2019-04-03,85.51,188.0
Patna,2019-04-04,52.49,178.0
Patna,2019-04-05,51.62,108.0
Patna,2019-04-06,49.34,94.0
Patna,2019-04-07,33.27,140.0
Patna,2019-04-08,46.79,121.0
Patna,2019-04-09,53.38,111.0
Patna,2019-04-10,32.98,133.0
Patna,2019-04-11,59.64,136.0
Patna,2019-04-12,63.03,147.0
Patna,2019-04-13,66.67,148.0
Patna,2019-04-14,45.75,171.0
Patna,2019-04-15,53.35,141.0
Patna,2019-04-16,55.69,116.0
Patna,2019-04-17,36.33,98.0
Patna,2019-04-18,39.54,135.0
Patna,2019-04-19,43.79,187.0
Patna,2019-04-20,46.48,224.0
Patna,2019-04-21,73.24,189.0
Patna,2019-04-22,52.32,127.0
Patna,2019-04-23,47.92,144.0
Patna,2019-04-24,54.04,167.0
Patna,2019-04-25,62.99,204.0
Patna,2019-04-26,54.04,160.0
Patna,2019-04-27,63.02,153.0
Patna,2019-04-28,73.54,197.0
Patna,2019-04-29,59.06,168.0
Patna,2019-04-30,62.46,167.0
Patna,2019-05-01,52.69,149.0
Patna,2019-05-02,49.57,133.0
Patna,2019-05-03,36.0,84.0
Patna,2019-05-04,29.39,106.0
Patna,2019-05-05,43.15,181.0
Patna,2019-05-06,72.28,186.0
Patna,2019-05-07,79.01,210.0
Patna,2019-05-08,78.57,190.0
Patna,2019-05-09,75.52,202.0
Patna,2019-05-10,81.05,223.0
Patna,2019-05-11,73.39,200.0
Patna,2019-05-12,70.44,210.0
Patna,2019-05-13,65.06,151.0
Patna,2019-05-14,61.86,186.0
Patna,2019-05-15,53.43,209.0
Patna,2019-05-16,51.32,156.0
Patna,2019-05-17,54.79,147.0
Patna,2019-05-18,47.77,166.0
Patna,2019-05-19,34.67,220.0
Patna,2019-05-20,57.49,212.0
Patna,2019-05-21,66.9,200.0
Patna,2019-05-22,63.96,132.0
Patna,2019-05-23,44.89,166.0
Patna,2019-05-24,47.48,100.0
Patna,2019-05-25,46.78,93.0
Patna,2019-05-26,48.28,166.0
Patna,2019-05-27,77.49,196.0
Patna,2019-05-28,56.77,180.0
Patna,2019-05-29,49.83,167.0
Patna,2019-05-30,48.41,169.0
Patna,2019-05-31,31.34,205.0
Patna,2019-06-01,42.86,112.0
Patna,2019-06-02,34.21,136.0
Patna,2019-06-03,35.77,97.0
Patna,2019-06-04,36.8,128.0
Patna,2019-06-05,46.92,100.0
Patna,2019-06-06,43.46,115.0
Patna,2019-06-07,43.25,121.0
Patna,2019-06-08,40.57,158.0
Patna,2019-06-09,40.92,180.0
Patna,2019-06-10,57.1,155.0
Patna,2019-06-11,40.7,182.0
Patna,2019-06-12,41.25,133.0
Patna,2019-06-13,46.4,184.0
Patna,2019-06-14,59.45,200.0
Patna,2019-06-15,69.96,216.0
Patna,2019-06-16,57.0,172.0
Patna,2019-06-18,35.68,198.0
Patna,2019-06-19,48.61,142.0
Patna,2019-06-20,51.91,120.0
Patna,2019-06-21,43.05,125.0
Patna,2019-06-22,33.43,108.0
Patna,2019-06-23,34.24,104.0
Patna,2019-06-24,35.11,89.0
Patna,2019-06-25,58.89,93.0
Patna,2019-06-26,51.05,115.0
Patna,2019-06-27,38.19,111.0
Patna,2019-06-28,48.72,150.0
Patna,2019-06-29,47.26,117.0
Patna,2019-06-30,46.94,93.0
Patna,2019-07-01,52.42,113.0
Patna,2019-07-02,26.54,106.0
Patna,2019-07-03,28.36,91.0
Patna,2019-07-04,30.29,92.0
Patna,2019-07-05,38.58,101.0
Patna,2019-07-06,28.35,93.0
Patna,2019-07-07,21.55,84.0
Patna,2019-07-08,31.08,96.0
Patna,2019-07-09,25.31,101.0
Patna,2019-07-10,22.25,87.0
Patna,2019-07-11,22.96,78.0
Patna,2019-07-12,34.54,79.0
Patna,2019-07-13,27.84,83.0
Patna,2019-07-14,27.66,69.0
Patna,2019-07-15,37.65,91.0
Patna,2019-07-16,39.99,107.0
Patna,2019-07-17,39.48,108.0
Patna,2019-07-18,45.33,106.0
Patna,2019-07-19,45.33,112.0
Patna,2019-07-20,38.89,104.0
Patna,2019-07-21,35.29,100.0
Patna,2019-07-22,40.72,109.0
Patna,2019-07-23,41.09,102.0
Patna,2019-07-24,32.74,85.0
Patna,2019-07-25,28.02,83.0
Patna,2019-07-26,37.96,103.0
Patna,2019-07-27,24.6,108.0
Patna,2019-07-28,19.6,93.0
Patna,2019-07-29,21.78,90.0
Patna,2019-07-30,24.54,95.0
Patna,2019-07-31,27.05,94.0
Patna,2019-08-01,35.84,96.0
Patna,2019-08-02,37.57,102.0
Patna,2019-08-03,31.88,120.0
Patna,2019-08-04,31.26,101.0
Patna,2019-08-05,38.7,106.0
Patna,2019-08-06,35.82,145.0
Patna,2019-08-07,21.87,109.0
Patna,2019-08-09,23.56,112.0
Patna,2019-08-10,31.5,116.0
Patna,2019-08-11,36.64,116.0
Patna,2019-08-12,29.67,148.0
Patna,2019-08-13,18.34,121.0
Patna,2019-08-14,21.73,103.0
Patna,2019-08-15,29.84,90.0
Patna,2019-08-16,28.04,96.0
Patna,2019-08-17,39.24,100.0
Patna,2019-08-18,42.17,101.0
Patna,2019-08-19,28.88,122.0
Patna,2019-08-20,43.26,113.0
Patna,2019-08-21,41.19,107.0
Patna,2019-08-22,46.77,126.0
Patna,2019-08-23,34.23,86.0
Patna,2019-08-24,24.31,92.0
Patna,2019-08-25,25.84,93.0
Patna,2019-08-26,42.28,114.0
Patna,2019-08-27,34.9,108.0
Patna,2019-08-28,47.01,92.0
Patna,2019-08-29,47.0,107.0
Patna,2019-08-30,49.88,115.0
Patna,2019-08-31,52.66,144.0
Patna,2019-09-01,53.19,200.0
Patna,2019-09-02,46.19,87.0
Patna,2019-09-03,41.09,155.0
Patna,2019-09-04,36.88,135.0
Patna,2019-09-05,36.84,103.0
Patna,2019-09-06,37.17,138.0
Patna,2019-09-07,36.3,179.0
Patna,2019-09-08,33.21,160.0
Patna,2019-09-09,50.64,181.0
Patna,2019-09-10,50.89,98.0
Patna,2019-09-11,53.94,109.0
Patna,2019-09-12,31.61,98.0
Patna,2019-09-13,35.74,72.0
Patna,2019-09-14,42.49,68.0
Patna,2019-09-15,52.05,94.0
Patna,2019-09-16,52.86,109.0
Patna,2019-09-17,43.77,105.0
Patna,2019-09-18,28.09,102.0
Patna,2019-09-19,40.15,114.0
Patna,2019-09-20,46.77,101.0
Patna,2019-09-21,47.3,109.0
Patna,2019-09-22,36.47,95.0
Patna,2019-09-23,50.3,97.0
Patna,2019-09-24,47.28,97.0
Patna,2019-09-25,27.46,72.0
Patna,2019-09-26,29.0,65.0
Patna,2019-09-27,28.33,70.0
Patna,2019-09-28,20.58,69.0
Patna,2019-09-29,20.74,60.0
Patna,2019-09-30,27.64,70.0
Patna,2019-10-01,31.0,87.0
Patna,2019-10-02,45.73,85.0
Patna,2019-10-03,50.6,94.0
Patna,2019-10-04,47.01,105.0
Patna,2019-10-05,65.32,114.0
Patna,2019-10-06,66.62,119.0
Patna,2019-10-10,52.77,103.0
Patna,2019-10-11,59.78,107.0
Patna,2019-10-12,63.01,107.0
Patna,2019-10-13,75.29,120.0
Patna,2019-10-15,89.38,185.0
Patna,2019-10-16,107.92,225.0
Patna,2019-10-17,130.74,299.0
Patna,2019-10-18,145.0,313.0
Patna,2019-10-19,126.19,314.0
Patna,2019-10-20,75.27,204.0
Patna,2019-10-21,144.86,237.0
Patna,2019-10-22,138.71,329.0
Patna,2019-10-23,144.21,308.0
Patna,2019-10-24,134.29,330.0
Patna,2019-10-25,56.25,163.0
Patna,2019-10-26,53.88,113.0
Patna,2019-10-27,136.29,160.0
Patna,2019-10-28,268.5,408.0
Patna,2019-10-29,202.96,364.0
Patna,2019-10-30,191.01,364.0
Patna,2019-10-31,175.6,346.0
Patna,2019-11-01,241.85,356.0
Patna,2019-11-02,277.48,425.0
Patna,2019-11-03,271.56,419.0
Patna,2019-11-04,232.45,395.0
Patna,2019-11-05,248.06,416.0
Patna,2019-11-06,181.24,349.0
Patna,2019-11-07,181.71,346.0
Patna,2019-11-08,202.0,367.0
Patna,2019-11-09,126.4,328.0
Patna,2019-11-10,101.6,265.0
Patna,2019-11-11,129.03,282.0
Patna,2019-11-12,158.7,309.0
Patna,2019-11-13,233.2,358.0
Patna,2019-11-14,218.57,396.0
Patna,2019-11-15,157.47,349.0
Patna,2019-11-16,135.94,316.0
Patna,2019-11-17,153.46,319.0
Patna,2019-11-18,143.66,325.0
Patna,2019-11-19,140.54,311.0
Patna,2019-11-20,164.05,334.0
Patna,2019-11-21,179.12,332.0
Patna,2019-11-22,235.96,374.0
Patna,2019-11-23,257.38,403.0
Patna,2019-11-24,232.59,394.0
Patna,2019-11-25,264.9,400.0
Patna,2019-11-26,301.39,422.0
Patna,2019-11-27,287.55,435.0
Patna,2019-11-28,209.27,403.0
Patna,2019-11-29,241.26,378.0
Patna,2019-11-30,145.94,358.0
Patna,2019-12-01,140.88,315.0
Patna,2019-12-02,208.02,334.0
Patna,2019-12-03,216.25,375.0
Patna,2019-12-04,234.11,381.0
Patna,2019-12-05,271.84,404.0
Patna,2019-12-06,241.46,420.0
Patna,2019-12-07,153.67,345.0
Patna,2019-12-08,150.79,324.0
Patna,2019-12-09,211.92,348.0
Patna,2019-12-10,222.8,376.0
Patna,2019-12-11,262.2,397.0
Patna,2019-12-12,243.08,406.0
Patna,2019-12-13,153.66,361.0
Patna,2019-12-14,115.75,312.0
Patna,2019-12-15,172.06,322.0
Patna,2019-12-16,165.12,331.0
Patna,2019-12-17,147.88,340.0
Patna,2019-12-18,123.38,305.0
Patna,2019-12-19,196.64,310.0
Patna,2019-12-20,229.94,362.0
Patna,2019-12-21,273.62,412.0
Patna,2019-12-22,354.05,462.0
Patna,2019-12-23,290.28,443.0
Patna,2019-12-24,242.58,449.0
Patna,2019-12-25,151.31,336.0
Patna,2019-12-26,123.41,288.0
Patna,2019-12-27,124.26,256.0
Patna,2019-12-28,164.46,298.0
Patna,2019-12-29,161.92,331.0
Patna,2019-12-30,188.15,333.0
Patna,2019-12-31,195.81,364.0
Patna,2020-01-01,214.23,364.0
Patna,2020-01-02,207.2,372.0
Patna,2020-01-03,150.5,356.0
Patna,2020-01-04,79.29,205.0
Patna,2020-01-05,76.02,183.0
Patna,2020-01-06,116.68,184.0
Patna,2020-01-07,169.64,306.0
Patna,2020-01-08,172.07,349.0
Patna,2020-01-09,106.68,280.0
Patna,2020-01-10,85.02,220.0
Patna,2020-01-11,86.04,186.0
Patna,2020-01-12,107.55,202.0
Patna,2020-01-13,149.01,223.0
Patna,2020-01-14,154.59,343.0
Patna,2020-01-15,177.59,311.0
Patna,2020-01-16,140.36,346.0
Patna,2020-01-17,135.89,261.0
Patna,2020-01-18,86.75,231.0
Patna,2020-01-19,85.47,206.0
Patna,2020-01-20,77.24,172.0
Patna,2020-01-21,123.6,233.0
Patna,2020-01-22,124.14,286.0
Patna,2020-01-23,108.88,263.0
Patna,2020-01-24,66.21,171.0
Patna,2020-01-25,112.8,224.0
Patna,2020-01-26,140.13,265.0
Patna,2020-01-27,149.59,304.0
Patna,2020-01-28,152.45,309.0
Patna,2020-01-29,132.55,279.0
Patna,2020-01-30,152.02,296.0
Patna,2020-01-31,62.05,218.0
Patna,2020-02-01,84.7,204.0
Patna,2020-02-02,67.25,172.0
Patna,2020-02-03,81.92,181.0
Patna,2020-02-04,121.49,244.0
Patna,2020-02-05,104.57,245.0
Patna,2020-02-06,90.22,226.0
Patna,2020-02-07,94.78,235.0
Patna,2020-02-08,94.66,230.0
Patna,2020-02-09,97.57,218.0
Patna,2020-02-10,97.02,226.0
Patna,2020-02-11,124.61,242.0
Patna,2020-02-12,90.54,231.0
Patna,2020-02-13,102.24,211.0
Patna,2020-02-14,101.55,251.0
Patna,2020-02-15,65.2,176.0
Patna,2020-02-16,71.86,168.0
Patna,2020-02-17,83.35,197.0
Patna,2020-02-18,78.63,184.0
Patna,2020-02-19,88.14,197.0
Patna,2020-02-20,112.06,251.0
Patna,2020-02-21,118.06,253.0
Patna,2020-02-22,64.65,201.0
Patna,2020-02-23,75.3,158.0
Patna,2020-02-24,49.01,167.0
Patna,2020-02-25,42.9,111.0
Patna,2020-02-26,41.28,116.0
Patna,2020-02-27,56.63,149.0
Patna,2020-02-28,78.95,182.0
Patna,2020-02-29,81.48,209.0
Patna,2020-03-01,74.69,194.0
Patna,2020-03-02,69.37,168.0
Patna,2020-03-03,76.22,194.0
Patna,2020-03-04,95.29,214.0
Patna,2020-03-05,98.86,202.0
Patna,2020-03-06,52.48,148.0
Patna,2020-03-07,46.69,136.0
Patna,2020-03-08,59.79,190.0
Patna,2020-03-09,58.48,182.0
Patna,2020-03-10,124.48,232.0
Patna,2020-03-11,75.99,179.0
Patna,2020-03-12,70.53,163.0
Patna,2020-03-13,67.26,163.0
Patna,2020-03-14,36.68,120.0
Patna,2020-03-15,39.7,83.0
Patna,2020-03-16,55.2,125.0
Patna,2020-03-17,62.94,145.0
Patna,2020-03-18,66.68,156.0
Patna,2020-03-19,68.82,163.0
Patna,2020-03-20,53.45,135.0
Patna,2020-03-21,107.69,210.0
Patna,2020-03-22,79.23,205.0
Patna,2020-03-23,49.97,151.0
Patna,2020-03-24,65.94,177.0
Patna,2020-03-25,73.42,166.0
Patna,2020-03-26,58.01,152.0
Patna,2020-03-27,58.25,146.0
Patna,2020-03-28,31.87,122.0
Patna,2020-03-29,29.1,92.0
Patna,2020-03-30,35.36,92.0
Patna,2020-03-31,51.5,106.0
Patna,2020-04-01,67.83,156.0
Patna,2020-04-02,55.83,140.0
Patna,2020-04-03,43.86,120.0
Patna,2020-04-04,54.28,125.0
Patna,2020-04-05,55.12,127.0
Patna,2020-04-06,51.74,140.0
Patna,2020-04-07,44.93,142.0
Patna,2020-04-08,53.11,132.0
Patna,2020-04-09,52.64,144.0
Patna,2020-04-10,52.72,144.0
Patna,2020-04-11,62.28,150.0
Patna,2020-04-12,59.87,160.0
Patna,2020-04-13,45.0,149.0
Patna,2020-04-14,51.39,143.0
Patna,2020-04-15,29.74,158.0
Patna,2020-04-16,31.17,130.0
Patna,2020-04-17,38.82,134.0
Patna,2020-04-18,40.92,140.0
Patna,2020-04-19,47.95,143.0
Patna,2020-04-20,26.65,131.0
Patna,2020-04-21,19.17,119.0
Patna,2020-04-22,17.63,110.0
Patna,2020-04-23,35.07,122.0
Patna,2020-04-24,23.5,118.0
Patna,2020-04-25,27.09,118.0
Patna,2020-04-26,13.85,104.0
Patna,2020-04-27,19.03,109.0
Patna,2020-04-28,12.37,98.0
Patna,2020-04-29,15.21,111.0
Patna,2020-04-30,30.93,118.0
Patna,2020-05-01,22.83,129.0
Patna,2020-05-02,15.93,140.0
Patna,2020-05-03,26.6,147.0
Patna,2020-05-04,27.38,148.0
Patna,2020-05-05,19.04,149.0
Patna,2020-05-06,17.95,129.0
Patna,2020-05-07,24.24,139.0
Patna,2020-05-08,22.42,171.0
Patna,2020-05-09,35.51,191.0
Patna,2020-05-10,38.4,256.0
Patna,2020-05-11,22.51,138.0
Patna,2020-05-12,36.48,124.0
Patna,2020-05-13,42.52,146.0
Patna,2020-05-14,53.82,176.0
Patna,2020-05-15,32.79,124.0
Patna,2020-05-16,50.36,141.0
Patna,2020-05-17,52.11,239.0
Patna,2020-05-18,47.43,167.0
Patna,2020-05-19,43.06,137.0
Patna,2020-05-20,32.71,119.0
Patna,2020-05-21,19.31,105.0
Patna,2020-05-22,14.58,102.0
Patna,2020-05-23,25.92,95.0
Patna,2020-05-24,44.72,112.0
Patna,2020-05-25,49.58,119.0
Patna,2020-05-26,41.66,110.0
Patna,2020-05-27,33.42,116.0
Patna,2020-05-28,20.98,121.0
Patna,2020-05-29,27.04,95.0
Patna,2020-05-30,27.46,104.0
Patna,2020-05-31,12.95,105.0
Patna,2020-06-01,17.45,110.0
Patna,2020-06-02,28.54,117.0
Patna,2020-06-03,42.54,111.0
Patna,2020-06-04,30.76,106.0
Patna,2020-06-05,20.15,97.0
Patna,2020-06-06,10.78,82.0
Patna,2020-06-07,19.81,88.0
Patna,2020-06-08,18.17,100.0
Patna,2020-06-09,38.48,106.0
Patna,2020-06-10,37.57,111.0
Patna,2020-06-11,32.56,100.0
Patna,2020-06-12,19.01,86.0
Patna,2020-06-13,15.19,85.0
Patna,2020-06-14,14.44,60.0
Patna,2020-06-15,16.17,56.0
Patna,2020-06-16,17.75,53.0
Patna,2020-06-17,19.12,53.0
Patna,2020-06-18,24.18,63.0
Patna,2020-06-19,16.14,60.0
Patna,2020-06-20,20.07,62.0
Patna,2020-06-21,12.76,60.0
Patna,2020-06-22,15.42,60.0
Patna,2020-06-23,20.71,74.0
Patna,2020-06-24,25.62,84.0
Patna,2020-06-25,27.71,88.0
Patna,2020-06-26,23.16,71.0
Patna,2020-06-27,17.71,65.0
Patna,2020-06-28,19.27,82.0
Patna,2020-06-29,17.24,88.0
Patna,2020-06-30,29.76,93.0
Patna,2020-07-01,35.42,98.0
Aizawl,2020-03-12,31.21,52.0
Aizawl,2020-03-13,38.39,60.0
Aizawl,2020-03-14,43.23,62.0
Aizawl,2020-03-15,33.82,70.0
Aizawl,2020-03-16,27.14,54.0
Aizawl,2020-03-17,27.32,40.0
Aizawl,2020-03-18,31.76,51.0
Aizawl,2020-03-19,43.8,63.0
Aizawl,2020-03-20,35.48,69.0
Aizawl,2020-03-21,51.27,70.0
Aizawl,2020-03-22,33.24,71.0
Aizawl,2020-03-23,35.34,53.0
Aizawl,2020-03-24,47.34,66.0
Aizawl,2020-03-25,53.64,92.0
Aizawl,2020-03-26,54.9,89.0
Aizawl,2020-03-27,44.64,82.0
Aizawl,2020-03-28,51.33,71.0
Aizawl,2020-03-29,34.54,81.0
Aizawl,2020-03-30,39.47,60.0
Aizawl,2020-03-31,27.27,51.0
Aizawl,2020-04-01,38.6,62.0
Aizawl,2020-04-02,36.22,64.0
Aizawl,2020-04-03,30.35,54.0
Aizawl,2020-04-04,24.05,43.0
Aizawl,2020-04-05,26.47,44.0
Aizawl,2020-04-06,35.13,48.0
Aizawl,2020-04-07,33.19,61.0
Aizawl,2020-04-08,24.92,45.0
Aizawl,2020-04-09,39.15,59.0
Aizawl,2020-04-10,38.01,64.0
Aizawl,2020-04-11,30.06,55.0
Aizawl,2020-04-12,21.7,41.0
Aizawl,2020-04-13,28.33,42.0
Aizawl,2020-04-14,46.26,64.0
Aizawl,2020-04-15,40.72,76.0
Aizawl,2020-04-16,22.63,49.0
Aizawl,2020-04-17,15.06,33.0
Aizawl,2020-04-18,19.5,31.0
Aizawl,2020-04-19,10.48,24.0
Aizawl,2020-04-20,11.79,24.0
Aizawl,2020-04-21,9.53,23.0
Aizawl,2020-04-22,8.53,20.0
Aizawl,2020-04-23,10.42,19.0
Aizawl,2020-04-24,5.74,19.0
Aizawl,2020-04-25,3.14,19.0
Aizawl,2020-04-26,1.97,18.0
Aizawl,2020-04-27,5.4,19.0
Aizawl,2020-04-28,3.55,19.0
Aizawl,2020-04-29,3.85,19.0
Aizawl,2020-04-30,4.49,19.0
Aizawl,2020-05-01,7.92,20.0
Aizawl,2020-05-02,8.24,20.0
Aizawl,2020-05-03,5.48,19.0
Aizawl,2020-05-04,6.32,19.0
Aizawl,2020-05-05,10.16,19.0
Aizawl,2020-05-06,6.15,20.0
Aizawl,2020-05-07,3.93,20.0
Aizawl,2020-05-08,13.61,20.0
Aizawl,2020-05-09,13.29,24.0
Aizawl,2020-05-10,16.09,24.0
Aizawl,2020-05-11,25.35,35.0
Aizawl,2020-05-12,27.97,46.0
Aizawl,2020-05-13,23.72,46.0
Aizawl,2020-05-14,21.05,33.0
Aizawl,2020-05-15,14.82,31.0
Aizawl,2020-05-16,8.3,21.0
Aizawl,2020-05-17,12.42,20.0
Aizawl,2020-05-18,17.92,26.0
Aizawl,2020-05-19,18.83,32.0
Aizawl,2020-05-20,6.53,24.0
Aizawl,2020-05-21,8.97,20.0
Aizawl,2020-05-22,14.67,22.0
Aizawl,2020-05-23,16.13,22.0
Aizawl,2020-05-24,13.4,27.0
Aizawl,2020-05-25,9.72,20.0
Aizawl,2020-05-26,9.03,19.0
Aizawl,2020-05-27,1.96,21.0
Aizawl,2020-05-28,3.47,21.0
Aizawl,2020-05-29,3.62,20.0
Aizawl,2020-05-30,3.43,20.0
Aizawl,2020-05-31,3.68,19.0
Aizawl,2020-06-01,4.52,19.0
Aizawl,2020-06-02,3.96,20.0
Aizawl,2020-06-03,2.33,20.0
Aizawl,2020-06-04,2.17,19.0
Aizawl,2020-06-05,2.49,31.0
Aizawl,2020-06-06,2.81,20.0
Aizawl,2020-06-07,5.2,19.0
Aizawl,2020-06-08,14.44,25.0
Aizawl,2020-06-09,10.08,23.0
Aizawl,2020-06-10,1.54,19.0
Aizawl,2020-06-12,0.99,19.0
Aizawl,2020-06-13,1.4,19.0
Aizawl,2020-06-14,0.98,19.0
Aizawl,2020-06-15,1.19,19.0
Aizawl,2020-06-16,1.14,19.0
Aizawl,2020-06-17,16.99,20.0
Aizawl,2020-06-18,1.25,20.0
Aizawl,2020-06-19,5.92,20.0
Aizawl,2020-06-20,2.46,19.0
Aizawl,2020-06-21,2.63,19.0
Aizawl,2020-06-22,2.88,20.0
Aizawl,2020-06-23,2.76,20.0
Aizawl,2020-06-24,8.62,25.0
Aizawl,2020-06-25,7.98,33.0
Aizawl,2020-06-26,1.39,21.0
Aizawl,2020-06-27,0.16,19.0
Aizawl,2020-06-28,0.24,19.0
Aizawl,2020-06-29,0.28,20.0
Aizawl,2020-06-30,1.89,20.0
Aizawl,2020-07-01,4.49,20.0
Bhopal,2019-09-18,21.25,89.0
Bhopal,2019-09-19,16.94,77.0
Bhopal,2019-09-20,15.29,76.0
Bhopal,2019-09-21,20.75,82.0
Bhopal,2019-09-22,11.21,90.0
Bhopal,2019-09-23,11.81,82.0
Bhopal,2019-09-24,17.7,80.0
Bhopal,2019-09-25,20.41,81.0
Bhopal,2019-09-26,17.21,77.0
Bhopal,2019-09-27,12.65,69.0
Bhopal,2019-09-28,3.4,52.0
Bhopal,2019-09-29,7.23,49.0
Bhopal,2019-09-30,8.7,56.0
Bhopal,2019-10-01,6.53,68.0
Bhopal,2019-10-02,20.86,75.0
Bhopal,2019-10-03,24.92,97.0
Bhopal,2019-10-04,28.1,112.0
Bhopal,2019-10-05,26.41,117.0
Bhopal,2019-10-06,32.5,101.0
Bhopal,2019-10-07,39.74,109.0
Bhopal,2019-10-08,52.66,143.0
Bhopal,2019-10-09,36.92,123.0
Bhopal,2019-10-10,42.55,118.0
Bhopal,2019-10-11,53.12,141.0
Bhopal,2019-10-12,48.92,140.0
Bhopal,2019-10-13,55.86,168.0
Bhopal,2019-10-14,44.56,159.0
Bhopal,2019-10-15,49.07,141.0
Bhopal,2019-10-16,53.62,148.0
Bhopal,2019-10-17,60.57,155.0
Bhopal,2019-10-18,69.65,159.0
Bhopal,2019-10-19,70.39,146.0
Bhopal,2019-10-20,86.57,144.0
Bhopal,2019-10-21,98.98,225.0
Bhopal,2019-10-22,84.03,209.0
Bhopal,2019-10-23,49.01,135.0
Bhopal,2019-10-24,50.81,116.0
Bhopal,2019-10-25,82.8,181.0
Bhopal,2019-10-26,52.39,128.0
Bhopal,2019-10-27,61.4,99.0
Bhopal,2019-10-28,77.79,228.0
Bhopal,2019-10-29,41.17,85.0
Bhopal,2019-10-30,32.48,108.0
Bhopal,2019-10-31,76.75,117.0
Bhopal,2019-11-01,84.25,179.0
Bhopal,2019-11-02,59.49,153.0
Bhopal,2019-11-03,41.34,97.0
Bhopal,2019-11-04,62.23,129.0
Bhopal,2019-11-05,65.74,146.0
Bhopal,2019-11-06,80.33,146.0
Bhopal,2019-11-07,65.45,186.0
Bhopal,2019-11-08,44.76,97.0
Bhopal,2019-11-09,101.67,167.0
Bhopal,2019-11-10,99.16,234.0
Bhopal,2019-11-11,92.96,220.0
Bhopal,2019-11-12,82.3,193.0
Bhopal,2019-11-13,89.84,193.0
Bhopal,2019-11-14,84.8,190.0
Bhopal,2019-11-15,111.07,224.0
Bhopal,2019-11-16,111.98,268.0
Bhopal,2019-11-17,100.68,279.0
Bhopal,2019-11-18,76.82,180.0
Bhopal,2019-11-19,76.28,174.0
Bhopal,2019-11-20,73.75,170.0
Bhopal,2019-11-21,108.95,236.0
Bhopal,2019-11-22,119.3,274.0
Bhopal,2019-11-23,111.51,266.0
Bhopal,2019-11-24,107.39,268.0
Bhopal,2019-11-25,98.08,244.0
Bhopal,2019-11-26,88.87,204.0
Bhopal,2019-11-27,136.42,286.0
Bhopal,2019-11-28,120.33,312.0
Bhopal,2019-11-29,94.52,228.0
Bhopal,2019-11-30,97.46,225.0
Bhopal,2019-12-01,102.14,218.0
Bhopal,2019-12-02,106.73,274.0
Bhopal,2019-12-03,93.3,239.0
Bhopal,2019-12-04,58.17,140.0
Bhopal,2019-12-05,54.73,135.0
Bhopal,2019-12-06,62.92,120.0
Bhopal,2019-12-07,113.84,189.0
Bhopal,2019-12-08,132.79,310.0
Bhopal,2019-12-09,122.7,305.0
Bhopal,2019-12-10,119.7,295.0
Bhopal,2019-12-11,114.08,298.0
Bhopal,2019-12-12,86.48,243.0
Bhopal,2019-12-13,48.52,121.0
Bhopal,2019-12-14,70.34,119.0
Bhopal,2019-12-15,69.58,120.0
Bhopal,2019-12-16,68.18,137.0
Bhopal,2019-12-17,98.75,180.0
Bhopal,2019-12-18,82.89,217.0
Bhopal,2019-12-19,73.27,153.0
Bhopal,2019-12-20,92.61,197.0
Bhopal,2019-12-21,80.04,190.0
Bhopal,2019-12-22,78.56,147.0
Bhopal,2019-12-23,71.6,171.0
Bhopal,2019-12-24,76.98,117.0
Bhopal,2019-12-25,115.82,234.0
Bhopal,2019-12-26,77.06,241.0
Bhopal,2019-12-27,58.7,130.0
Bhopal,2019-12-28,45.61,99.0
Bhopal,2019-12-29,65.61,106.0
Bhopal,2019-12-30,67.7,119.0
Bhopal,2019-12-31,116.65,187.0
Bhopal,2020-01-01,100.55,266.0
Bhopal,2020-01-02,84.46,223.0
Bhopal,2020-01-03,96.58,199.0
Bhopal,2020-01-04,93.38,205.0
Bhopal,2020-01-05,75.17,213.0
Bhopal,2020-01-06,45.49,105.0
Bhopal,2020-01-07,65.96,114.0
Bhopal,2020-01-08,74.62,153.0
Bhopal,2020-01-09,78.07,174.0
Bhopal,2020-01-10,65.94,120.0
Bhopal,2020-01-11,65.7,115.0
Bhopal,2020-01-12,70.03,124.0
Bhopal,2020-01-13,62.95,146.0
Bhopal,2020-01-14,85.64,147.0
Bhopal,2020-01-15,105.95,200.0
Bhopal,2020-01-16,134.02,307.0
Bhopal,2020-01-17,80.47,234.0
Bhopal,2020-01-18,87.22,193.0
Bhopal,2020-01-19,61.76,137.0
Bhopal,2020-01-20,52.0,107.0
Bhopal,2020-01-21,66.21,104.0
Bhopal,2020-01-22,77.7,147.0
Bhopal,2020-01-23,65.7,141.0
Bhopal,2020-01-24,55.61,133.0
Bhopal,2020-01-25,80.92,151.0
Bhopal,2020-01-26,78.94,184.0
Bhopal,2020-01-27,59.64,123.0
Bhopal,2020-01-28,51.51,162.0
Bhopal,2020-01-29,26.35,120.0
Bhopal,2020-01-30,61.02,118.0
Bhopal,2020-01-31,41.52,111.0
Bhopal,2020-02-01,35.23,99.0
Bhopal,2020-02-02,34.11,94.0
Bhopal,2020-02-03,37.8,94.0
Bhopal,2020-02-04,48.21,115.0
Bhopal,2020-02-05,62.84,121.0
Bhopal,2020-02-06,53.09,124.0
Bhopal,2020-02-07,60.4,114.0
Bhopal,2020-02-08,53.49,119.0
Bhopal,2020-02-09,45.82,109.0
Bhopal,2020-02-10,49.99,112.0
Bhopal,2020-02-11,46.41,123.0
Bhopal,2020-02-12,58.48,122.0
Bhopal,2020-02-13,87.83,185.0
Bhopal,2020-02-14,57.25,155.0
Bhopal,2020-02-15,49.0,151.0
Bhopal,2020-02-16,43.85,149.0
Bhopal,2020-02-17,38.03,120.0
Bhopal,2020-02-18,36.17,136.0
Bhopal,2020-02-19,35.5,121.0
Bhopal,2020-02-20,48.82,137.0
Bhopal,2020-02-21,52.9,127.0
Bhopal,2020-02-22,56.47,141.0
Bhopal,2020-02-23,78.47,143.0
Bhopal,2020-02-24,64.76,138.0
Bhopal,2020-02-25,46.56,117.0
Bhopal,2020-02-26,56.79,137.0
Bhopal,2020-02-27,45.15,152.0
Bhopal,2020-02-28,45.67,141.0
Bhopal,2020-02-29,57.17,134.0
Bhopal,2020-03-01,56.96,149.0
Bhopal,2020-03-02,42.46,122.0
Bhopal,2020-03-03,35.71,111.0
Bhopal,2020-03-04,50.42,128.0
Bhopal,2020-03-05,31.62,129.0
Bhopal,2020-03-06,39.0,134.0
Bhopal,2020-03-07,31.08,126.0
Bhopal,2020-03-08,26.46,108.0
Bhopal,2020-03-09,21.71,88.0
Bhopal,2020-03-10,39.17,96.0
Bhopal,2020-03-11,28.29,87.0
Bhopal,2020-03-12,22.35,94.0
Bhopal,2020-03-13,20.58,98.0
Bhopal,2020-03-14,24.67,126.0
Bhopal,2020-03-15,31.08,126.0
Bhopal,2020-03-16,32.78,133.0
Bhopal,2020-03-17,29.44,124.0
Bhopal,2020-03-18,30.25,109.0
Bhopal,2020-03-19,37.56,110.0
Bhopal,2020-03-20,38.33,121.0
Bhopal,2020-03-21,48.89,118.0
Bhopal,2020-03-22,41.97,138.0
Bhopal,2020-03-23,39.45,106.0
Bhopal,2020-03-24,35.52,118.0
Bhopal,2020-03-25,23.88,96.0
Bhopal,2020-03-26,22.93,82.0
Bhopal,2020-03-27,18.97,58.0
Bhopal,2020-03-28,15.69,37.0
Bhopal,2020-04-08,32.15,102.0
Bhopal,2020-04-09,27.54,104.0
Bhopal,2020-04-10,28.85,100.0
Bhopal,2020-04-11,38.73,98.0
Bhopal,2020-04-12,40.28,99.0
Bhopal,2020-04-13,28.4,95.0
Bhopal,2020-04-14,44.88,106.0
Bhopal,2020-04-15,37.43,104.0
Bhopal,2020-04-16,57.8,109.0
Bhopal,2020-04-17,53.54,111.0
Bhopal,2020-04-18,59.34,120.0
Bhopal,2020-04-19,42.56,110.0
Bhopal,2020-04-20,60.33,130.0
Bhopal,2020-04-21,39.31,118.0
Bhopal,2020-04-22,47.96,117.0
Bhopal,2020-04-23,57.59,122.0
Bhopal,2020-04-24,41.99,110.0
Bhopal,2020-04-25,39.18,118.0
Bhopal,2020-04-26,41.85,126.0
Bhopal,2020-04-27,26.39,121.0
Bhopal,2020-04-28,35.29,111.0
Bhopal,2020-04-29,82.89,159.0
Bhopal,2020-04-30,44.8,127.0
Bhopal,2020-05-01,32.01,102.0
Bhopal,2020-05-02,27.77,103.0
Bhopal,2020-05-03,19.25,82.0
Bhopal,2020-05-04,31.58,104.0
Bhopal,2020-05-05,15.83,109.0
Bhopal,2020-05-06,34.54,114.0
Bhopal,2020-05-07,16.11,96.0
Bhopal,2020-05-08,27.52,103.0
Bhopal,2020-05-09,18.74,95.0
Bhopal,2020-05-10,14.74,99.0
Bhopal,2020-05-11,9.48,127.0
Bhopal,2020-05-12,24.64,109.0
Bhopal,2020-05-13,24.57,116.0
Bhopal,2020-05-14,21.91,107.0
Bhopal,2020-05-15,26.18,110.0
Bhopal,2020-05-16,24.81,112.0
Bhopal,2020-05-17,19.6,117.0
Bhopal,2020-05-18,23.88,98.0
Bhopal,2020-05-19,20.12,128.0
Bhopal,2020-05-20,16.4,115.0
Bhopal,2020-05-21,22.62,135.0
Bhopal,2020-05-22,25.27,92.0
Bhopal,2020-05-23,20.18,89.0
Bhopal,2020-05-24,18.29,71.0
Bhopal,2020-05-25,17.38,56.0
Bhopal,2020-05-26,14.9,80.0
Bhopal,2020-05-27,20.03,98.0
Bhopal,2020-05-28,17.85,111.0
Bhopal,2020-05-29,19.7,110.0
Bhopal,2020-05-30,21.88,116.0
Bhopal,2020-05-31,29.45,134.0
Bhopal,2020-06-01,21.03,120.0
Bhopal,2020-06-02,16.93,89.0
Bhopal,2020-06-03,17.26,64.0
Bhopal,2020-06-04,7.93,75.0
Bhopal,2020-06-05,13.61,70.0
Bhopal,2020-06-06,19.53,66.0
Bhopal,2020-06-07,14.54,78.0
Bhopal,2020-06-08,12.75,76.0
Bhopal,2020-06-09,15.77,73.0
Bhopal,2020-06-10,15.42,68.0
Bhopal,2020-06-11,20.25,65.0
Bhopal,2020-06-12,24.26,79.0
Bhopal,2020-06-13,21.85,67.0
Bhopal,2020-06-14,20.64,67.0
Bhopal,2020-06-15,12.16,84.0
Bhopal,2020-06-16,14.33,90.0
Bhopal,2020-06-17,15.38,87.0
Bhopal,2020-06-18,15.62,86.0
Bhopal,2020-06-19,16.08,81.0
Bhopal,2020-06-20,17.49,72.0
Bhopal,2020-06-21,20.94,59.0
Bhopal,2020-06-22,19.17,67.0
Bhopal,2020-06-23,15.56,52.0
Bhopal,2020-06-24,14.49,64.0
Bhopal,2020-06-25,19.66,55.0
Bhopal,2020-06-26,16.85,60.0
Bhopal,2020-06-27,11.04,66.0
Bhopal,2020-06-28,13.58,55.0
Bhopal,2020-06-29,14.68,56.0
Bhopal,2020-06-30,14.48,59.0
Bhopal,2020-07-01,14.0,69.0
Jaipur,2017-06-20,70.1,149.0
Jaipur,2017-06-21,67.5,126.0
Jaipur,2017-06-22,24.8,85.0
Jaipur,2017-06-23,32.3,62.0
Jaipur,2017-06-24,55.36,77.0
Jaipur,2017-06-25,47.62,86.0
Jaipur,2017-06-26,61.34,90.0
Jaipur,2017-06-27,36.51,85.0
Jaipur,2017-06-28,19.66,59.0
Jaipur,2017-06-29,16.8,50.0
Jaipur,2017-06-30,14.37,43.0
Jaipur,2017-07-01,25.14,55.0
Jaipur,2017-07-02,28.74,80.0
Jaipur,2017-07-03,39.4,58.0
Jaipur,2017-07-04,52.82,78.0
Jaipur,2017-07-05,56.88,94.0
Jaipur,2017-07-06,68.1,107.0
Jaipur,2017-07-07,60.61,118.0
Jaipur,2017-07-08,54.57,96.0
Jaipur,2017-07-09,46.43,85.0
Jaipur,2017-07-10,44.47,75.0
Jaipur,2017-07-11,81.08,108.0
Jaipur,2017-07-12,41.86,134.0
Jaipur,2017-07-13,33.25,61.0
Jaipur,2017-07-14,30.59,53.0
Jaipur,2017-07-15,45.02,67.0
Jaipur,2017-07-16,44.54,81.0
Jaipur,2017-07-17,33.83,83.0
Jaipur,2017-07-18,33.98,75.0
Jaipur,2017-07-20,30.57,82.0
Jaipur,2017-07-21,28.19,86.0
Jaipur,2017-07-22,18.78,66.0
Jaipur,2017-07-26,28.82,89.0
Jaipur,2017-07-27,26.78,86.0
Jaipur,2017-07-28,33.62,88.0
Jaipur,2017-07-29,54.69,95.0
Jaipur,2017-08-01,43.26,103.0
Jaipur,2017-08-03,31.91,106.0
Jaipur,2017-08-04,63.95,115.0
Jaipur,2017-08-05,68.29,157.0
Jaipur,2017-08-06,82.07,173.0
Jaipur,2017-08-07,72.83,161.0
Jaipur,2017-08-08,60.86,118.0
Jaipur,2017-08-09,50.6,116.0
Jaipur,2017-08-10,44.02,103.0
Jaipur,2017-08-11,35.78,96.0
Jaipur,2017-08-12,25.56,83.0
Jaipur,2017-08-13,28.29,78.0
Jaipur,2017-08-14,40.2,92.0
Jaipur,2017-08-15,39.21,116.0
Jaipur,2017-08-16,43.4,112.0
Jaipur,2017-08-17,54.69,117.0
Jaipur,2017-08-22,34.1,95.0
Jaipur,2017-08-23,34.1,88.0
Jaipur,2017-08-24,34.1,76.0
Jaipur,2017-08-25,34.1,88.0
Jaipur,2017-08-26,34.1,91.0
Jaipur,2017-08-27,34.1,107.0
Jaipur,2017-08-28,28.79,118.0
Jaipur,2017-08-30,25.35,115.0
Jaipur,2017-08-31,22.64,130.0
Jaipur,2017-09-01,22.13,184.0
Jaipur,2017-09-02,25.23,233.0
Jaipur,2017-09-03,16.29,79.0
Jaipur,2017-09-04,21.38,92.0
Jaipur,2017-09-05,20.83,105.0
Jaipur,2017-09-06,26.72,110.0
Jaipur,2017-09-07,31.5,118.0
Jaipur,2017-09-08,27.4,119.0
Jaipur,2017-09-09,29.31,127.0
Jaipur,2017-09-10,29.82,127.0
Jaipur,2017-09-11,27.27,111.0
Jaipur,2017-09-12,24.81,111.0
Jaipur,2017-09-13,22.04,91.0
Jaipur,2017-09-14,32.23,102.0
Jaipur,2017-09-15,38.06,142.0
Jaipur,2017-09-16,42.42,135.0
Jaipur,2017-09-17,36.33,149.0
Jaipur,2017-09-18,38.83,138.0
Jaipur,2017-09-19,30.51,146.0
Jaipur,2017-09-20,37.34,164.0
Jaipur,2017-09-21,37.63,125.0
Jaipur,2017-09-22,50.0,88.0
Jaipur,2017-09-23,54.45,84.0
Jaipur,2017-09-24,58.92,118.0
Jaipur,2017-09-25,45.26,96.0
Jaipur,2017-09-27,66.73,128.0
Jaipur,2017-09-28,50.59,109.0
Jaipur,2017-09-29,78.87,139.0
Jaipur,2017-09-30,92.75,190.0
Jaipur,2017-10-01,80.91,202.0
Jaipur,2017-10-02,60.15,114.0
Jaipur,2017-10-03,72.27,118.0
Jaipur,2017-10-04,91.49,181.0
Jaipur,2017-10-05,67.43,168.0
Jaipur,2017-10-07,82.3,159.0
Jaipur,2017-10-08,90.96,195.0
Jaipur,2017-10-09,112.8,235.0
Jaipur,2017-10-10,89.21,244.0
Jaipur,2017-10-11,101.04,206.0
Jaipur,2017-10-12,99.52,232.0
Jaipur,2017-10-13,108.16,254.0
Jaipur,2017-10-14,105.56,275.0
Jaipur,2017-10-15,104.08,238.0
Jaipur,2017-10-16,79.51,225.0
Jaipur,2017-10-17,87.06,249.0
Jaipur,2017-10-18,98.97,250.0
Jaipur,2017-10-19,75.56,213.0
Jaipur,2017-10-20,133.05,213.0
Jaipur,2017-10-21,126.59,276.0
Jaipur,2017-10-22,71.63,240.0
Jaipur,2017-10-23,64.19,197.0
Jaipur,2017-10-24,73.93,142.0
Jaipur,2017-10-25,121.26,246.0
Jaipur,2017-10-26,124.18,295.0
Jaipur,2017-10-27,96.68,226.0
Jaipur,2017-10-28,88.72,226.0
Jaipur,2017-10-29,70.41,180.0
Jaipur,2017-10-30,88.45,195.0
Jaipur,2017-10-31,110.96,233.0
Jaipur,2017-11-01,109.77,256.0
Jaipur,2017-11-02,75.66,210.0
Jaipur,2017-11-03,77.68,171.0
Jaipur,2017-11-04,107.35,211.0
Jaipur,2017-11-05,104.86,252.0
Jaipur,2017-11-06,102.63,244.0
Jaipur,2017-11-07,122.13,275.0
Jaipur,2017-11-08,97.73,251.0
Jaipur,2017-11-09,95.4,208.0
Jaipur,2017-11-10,124.91,257.0
Jaipur,2017-11-11,119.13,275.0
Jaipur,2017-11-12,173.72,270.0
Jaipur,2017-11-13,137.56,333.0
Jaipur,2017-11-14,84.21,193.0
Jaipur,2017-11-15,90.76,199.0
Jaipur,2017-11-16,102.37,221.0
Jaipur,2017-11-17,152.82,276.0
Jaipur,2017-11-18,90.89,220.0
Jaipur,2017-11-19,247.89,295.0
Jaipur,2017-11-20,70.12,280.0
Jaipur,2017-11-21,63.22,157.0
Jaipur,2017-11-22,66.56,185.0
Jaipur,2017-11-23,76.04,153.0
Jaipur,2017-11-24,112.71,230.0
Jaipur,2017-11-25,120.58,256.0
Jaipur,2017-11-26,165.57,305.0
Jaipur,2017-11-27,109.53,304.0
Jaipur,2017-11-28,102.04,203.0
Jaipur,2017-11-29,116.2,249.0
Jaipur,2017-11-30,106.23,249.0
Jaipur,2017-12-01,98.1,215.0
Jaipur,2017-12-02,161.94,336.0
Jaipur,2017-12-03,101.06,234.0
Jaipur,2017-12-04,119.08,253.0
Jaipur,2017-12-05,136.16,265.0
Jaipur,2017-12-06,89.75,218.0
Jaipur,2017-12-07,82.61,198.0
Jaipur,2017-12-08,84.81,187.0
Jaipur,2017-12-09,89.74,197.0
Jaipur,2017-12-10,72.32,182.0
Jaipur,2017-12-11,52.64,121.0
Jaipur,2017-12-12,58.96,93.0
Jaipur,2017-12-13,52.76,113.0
Jaipur,2017-12-14,43.67,93.0
Jaipur,2017-12-15,54.27,88.0
Jaipur,2017-12-16,43.25,89.0
Jaipur,2017-12-17,69.9,103.0
Jaipur,2017-12-18,50.09,153.0
Jaipur,2017-12-19,85.99,140.0
Jaipur,2017-12-20,67.74,174.0
Jaipur,2017-12-21,48.39,130.0
Jaipur,2017-12-22,31.24,96.0
Jaipur,2017-12-23,50.68,103.0
Jaipur,2017-12-24,70.37,147.0
Jaipur,2017-12-25,60.28,154.0
Jaipur,2017-12-26,154.11,242.0
Jaipur,2017-12-27,75.44,194.0
Jaipur,2017-12-28,102.64,227.0
Jaipur,2017-12-29,65.88,148.0
Jaipur,2017-12-30,68.64,174.0
Jaipur,2017-12-31,81.93,153.0
Jaipur,2018-01-01,82.33,221.0
Jaipur,2018-01-02,89.98,206.0
Jaipur,2018-01-03,106.38,232.0
Jaipur,2018-01-04,80.07,225.0
Jaipur,2018-01-05,87.46,177.0
Jaipur,2018-01-06,95.36,234.0
Jaipur,2018-01-07,70.3,183.0
Jaipur,2018-01-08,78.86,164.0
Jaipur,2018-01-09,89.46,193.0
Jaipur,2018-01-10,94.76,239.0
Jaipur,2018-01-11,88.44,211.0
Jaipur,2018-01-12,96.1,198.0
Jaipur,2018-01-13,105.77,260.0
Jaipur,2018-01-14,83.29,171.0
Jaipur,2018-01-15,67.74,173.0
Jaipur,2018-01-16,71.2,141.0
Jaipur,2018-01-17,52.41,116.0
Jaipur,2018-01-18,73.67,124.0
Jaipur,2018-01-19,84.48,190.0
Jaipur,2018-01-20,94.69,223.0
Jaipur,2018-01-21,84.69,189.0
Jaipur,2018-01-22,67.67,171.0
Jaipur,2018-01-23,67.38,148.0
Jaipur,2018-01-24,84.31,181.0
Jaipur,2018-01-25,86.57,163.0
Jaipur,2018-01-26,95.31,247.0
Jaipur,2018-01-27,72.7,171.0
Jaipur,2018-01-28,67.97,167.0
Jaipur,2018-01-29,59.22,154.0
Jaipur,2018-01-30,99.61,219.0
Jaipur,2018-01-31,69.6,208.0
Jaipur,2018-02-01,71.01,177.0
Jaipur,2018-02-02,79.98,168.0
Jaipur,2018-02-03,49.84,140.0
Jaipur,2018-02-04,56.54,132.0
Jaipur,2018-02-05,116.02,153.0
Jaipur,2018-02-06,311.35,305.0
Jaipur,2018-02-07,130.52,291.0
Jaipur,2018-02-08,53.61,208.0
Jaipur,2018-02-09,61.1,140.0
Jaipur,2018-02-10,68.06,158.0
Jaipur,2018-02-11,77.44,204.0
Jaipur,2018-02-12,56.46,140.0
Jaipur,2018-02-13,61.48,146.0
Jaipur,2018-02-14,79.69,114.0
Jaipur,2018-02-15,70.2,156.0
Jaipur,2018-02-16,73.01,174.0
Jaipur,2018-02-17,107.82,221.0
Jaipur,2018-02-18,103.08,275.0
Jaipur,2018-02-19,65.08,198.0
Jaipur,2018-02-20,65.66,167.0
Jaipur,2018-02-21,105.11,223.0
Jaipur,2018-02-22,116.61,254.0
Jaipur,2018-02-23,146.31,311.0
Jaipur,2018-02-24,74.56,180.0
Jaipur,2018-02-25,49.48,148.0
Jaipur,2018-02-26,42.24,107.0
Jaipur,2018-02-27,56.23,130.0
Jaipur,2018-02-28,55.39,154.0
Jaipur,2018-03-01,64.1,147.0
Jaipur,2018-03-02,55.62,118.0
Jaipur,2018-03-03,51.15,111.0
Jaipur,2018-03-04,56.89,114.0
Jaipur,2018-03-05,31.08,105.0
Jaipur,2018-03-06,33.67,98.0
Jaipur,2018-03-07,44.18,103.0
Jaipur,2018-03-08,30.45,100.0
Jaipur,2018-03-09,32.75,99.0
Jaipur,2018-03-10,45.01,127.0
Jaipur,2018-03-11,34.41,113.0
Jaipur,2018-03-12,42.66,118.0
Jaipur,2018-03-13,55.22,133.0
Jaipur,2018-03-14,47.13,126.0
Jaipur,2018-03-15,43.63,133.0
Jaipur,2018-03-16,50.2,137.0
Jaipur,2018-03-17,41.0,124.0
Jaipur,2018-03-18,33.6,116.0
Jaipur,2018-03-19,44.62,113.0
Jaipur,2018-03-20,41.72,115.0
Jaipur,2018-03-21,56.15,125.0
Jaipur,2018-03-22,52.94,146.0
Jaipur,2018-03-23,40.63,113.0
Jaipur,2018-03-24,48.33,117.0
Jaipur,2018-03-25,56.76,139.0
Jaipur,2018-03-26,56.16,121.0
Jaipur,2018-03-27,76.01,172.0
Jaipur,2018-03-28,49.92,140.0
Jaipur,2018-03-29,46.52,131.0
Jaipur,2018-03-30,60.9,151.0
Jaipur,2018-03-31,43.4,140.0
Jaipur,2018-04-01,54.63,134.0
Jaipur,2018-04-02,60.99,150.0
Jaipur,2018-04-03,62.79,181.0
Jaipur,2018-04-04,55.95,142.0
Jaipur,2018-04-05,62.98,151.0
Jaipur,2018-04-06,56.87,145.0
Jaipur,2018-04-07,45.6,157.0
Jaipur,2018-04-08,49.85,158.0
Jaipur,2018-04-09,39.81,127.0
Jaipur,2018-04-10,48.96,129.0
Jaipur,2018-04-11,42.24,116.0
Jaipur,2018-04-12,26.2,100.0
Jaipur,2018-04-13,27.64,97.0
Jaipur,2018-04-14,33.56,124.0
Jaipur,2018-04-15,37.67,125.0
Jaipur,2018-04-16,57.56,130.0
Jaipur,2018-04-17,51.78,153.0
Jaipur,2018-04-18,54.55,149.0
Jaipur,2018-04-19,64.1,140.0
Jaipur,2018-04-20,79.58,202.0
Jaipur,2018-04-21,126.39,434.0
Jaipur,2018-04-22,36.29,185.0
Jaipur,2018-04-23,96.02,173.0
Jaipur,2018-04-24,98.88,124.0
Jaipur,2018-04-25,56.46,157.0
Jaipur,2018-04-26,55.72,136.0
Jaipur,2018-04-27,76.08,176.0
Jaipur,2018-04-28,58.94,179.0
Jaipur,2018-04-29,56.72,157.0
Jaipur,2018-04-30,53.42,158.0
Jaipur,2018-05-01,56.81,147.0
Jaipur,2018-05-02,65.79,168.0
Jaipur,2018-05-03,47.86,172.0
Jaipur,2018-05-04,51.16,150.0
Jaipur,2018-05-05,60.11,160.0
Jaipur,2018-05-06,67.36,171.0
Jaipur,2018-05-07,53.19,176.0
Jaipur,2018-05-08,96.38,250.0
Jaipur,2018-05-09,55.01,181.0
Jaipur,2018-05-10,52.1,153.0
Jaipur,2018-05-11,60.83,137.0
Jaipur,2018-05-12,55.45,157.0
Jaipur,2018-05-13,76.41,152.0
Jaipur,2018-05-14,83.35,255.0
Jaipur,2018-05-15,78.39,204.0
Jaipur,2018-05-16,71.69,194.0
Jaipur,2018-05-17,70.42,181.0
Jaipur,2018-05-18,56.88,156.0
Jaipur,2018-05-19,66.11,161.0
Jaipur,2018-05-20,54.57,172.0
Jaipur,2018-05-21,57.33,193.0
Jaipur,2018-05-22,68.99,160.0
Jaipur,2018-05-23,75.45,199.0
Jaipur,2018-05-24,61.93,171.0
Jaipur,2018-05-25,68.44,169.0
Jaipur,2018-05-26,56.84,174.0
Jaipur,2018-05-27,63.49,153.0
Jaipur,2018-05-28,70.45,169.0
Jaipur,2018-05-29,64.81,170.0
Jaipur,2018-05-30,59.09,146.0
Jaipur,2018-05-31,50.38,138.0
Jaipur,2018-06-01,71.04,150.0
Jaipur,2018-06-02,116.5,379.0
Jaipur,2018-06-03,69.06,265.0
Jaipur,2018-06-04,79.44,190.0
Jaipur,2018-06-05,79.41,210.0
Jaipur,2018-06-06,59.58,189.0
Jaipur,2018-06-07,69.5,132.0
Jaipur,2018-06-08,83.02,220.0
Jaipur,2018-06-09,49.28,160.0
Jaipur,2018-06-10,45.19,100.0
Jaipur,2018-06-11,49.5,118.0
Jaipur,2018-06-12,73.33,169.0
Jaipur,2018-06-13,84.79,285.0
Jaipur,2018-06-14,92.4,269.0
Jaipur,2018-06-15,70.52,264.0
Jaipur,2018-06-16,62.62,155.0
Jaipur,2018-06-17,54.54,128.0
Jaipur,2018-06-18,79.91,161.0
Jaipur,2018-06-19,58.91,162.0
Jaipur,2018-06-20,51.15,111.0
Jaipur,2018-06-21,83.77,160.0
Jaipur,2018-06-22,71.26,173.0
Jaipur,2018-06-23,69.38,156.0
Jaipur,2018-06-24,60.2,132.0
Jaipur,2018-06-25,52.05,100.0
Jaipur,2018-06-26,46.38,90.0
Jaipur,2018-06-27,53.68,94.0
Jaipur,2018-06-28,54.1,155.0
Jaipur,2018-06-29,77.05,123.0
Jaipur,2018-06-30,73.53,135.0
Jaipur,2018-07-01,92.72,153.0
Jaipur,2018-07-02,42.08,151.0
Jaipur,2018-07-03,42.91,94.0
Jaipur,2018-07-04,45.51,89.0
Jaipur,2018-07-05,79.95,154.0
Jaipur,2018-07-06,51.39,155.0
Jaipur,2018-07-07,62.56,141.0
Jaipur,2018-07-08,61.82,154.0
Jaipur,2018-07-09,61.97,157.0
Jaipur,2018-07-10,53.08,136.0
Jaipur,2018-07-11,51.71,108.0
Jaipur,2018-07-12,66.31,142.0
Jaipur,2018-07-13,27.49,90.0
Jaipur,2018-07-14,26.18,60.0
Jaipur,2018-07-15,25.63,62.0
Jaipur,2018-07-16,39.39,86.0
Jaipur,2018-07-17,20.77,67.0
Jaipur,2018-07-18,70.35,134.0
Jaipur,2018-07-19,25.27,83.0
Jaipur,2018-07-20,35.41,81.0
Jaipur,2018-07-21,61.42,130.0
Jaipur,2018-07-22,22.64,89.0
Jaipur,2018-07-23,25.16,57.0
Jaipur,2018-07-24,35.17,73.0
Jaipur,2018-07-25,31.45,66.0
Jaipur,2018-07-26,55.96,114.0
Jaipur,2018-07-27,52.41,132.0
Jaipur,2018-07-28,48.42,117.0
Jaipur,2018-07-29,50.68,115.0
Jaipur,2018-07-30,44.09,107.0
Jaipur,2018-07-31,53.4,114.0
Jaipur,2018-08-01,63.97,147.0
Jaipur,2018-08-02,68.84,158.0
Jaipur,2018-08-03,68.51,165.0
Jaipur,2018-08-04,61.58,154.0
Jaipur,2018-08-05,60.62,153.0
Jaipur,2018-08-06,50.47,129.0
Jaipur,2018-08-07,54.87,113.0
Jaipur,2018-08-08,51.27,118.0
Jaipur,2018-08-09,28.7,93.0
Jaipur,2018-08-10,34.8,69.0
Jaipur,2018-08-11,37.53,79.0
Jaipur,2018-08-12,26.76,79.0
Jaipur,2018-08-13,35.63,82.0
Jaipur,2018-08-14,51.3,100.0
Jaipur,2018-08-15,73.24,158.0
Jaipur,2018-08-16,38.92,115.0
Jaipur,2018-08-17,32.28,61.0
Jaipur,2018-08-18,33.39,74.0
Jaipur,2018-08-19,25.88,75.0
Jaipur,2018-08-20,28.61,74.0
Jaipur,2018-08-21,29.54,79.0
Jaipur,2018-08-22,39.29,84.0
Jaipur,2018-08-23,28.67,69.0
Jaipur,2018-08-24,29.88,87.0
Jaipur,2018-08-25,29.4,70.0
Jaipur,2018-08-26,34.97,75.0
Jaipur,2018-08-27,42.25,100.0
Jaipur,2018-08-28,44.1,157.0
Jaipur,2018-08-29,28.57,100.0
Jaipur,2018-08-30,44.67,111.0
Jaipur,2018-08-31,38.23,127.0
Jaipur,2018-09-01,31.62,79.0
Jaipur,2018-09-02,28.93,80.0
Jaipur,2018-09-03,30.21,60.0
Jaipur,2018-09-04,34.05,68.0
Jaipur,2018-09-05,45.64,94.0
Jaipur,2018-09-06,45.95,122.0
Jaipur,2018-09-07,36.89,90.0
Jaipur,2018-09-08,29.7,89.0
Jaipur,2018-09-09,20.31,59.0
Jaipur,2018-09-10,32.94,68.0
Jaipur,2018-09-11,33.66,80.0
Jaipur,2018-09-12,36.18,90.0
Jaipur,2018-09-13,45.9,96.0
Jaipur,2018-09-14,47.34,104.0
Jaipur,2018-09-15,47.33,103.0
Jaipur,2018-09-16,43.96,99.0
Jaipur,2018-09-17,44.71,93.0
Jaipur,2018-09-18,48.12,105.0
Jaipur,2018-09-19,49.52,108.0
Jaipur,2018-09-20,48.99,120.0
Jaipur,2018-09-21,47.7,148.0
Jaipur,2018-09-22,17.46,81.0
Jaipur,2018-09-23,15.78,54.0
Jaipur,2018-09-24,22.0,62.0
Jaipur,2018-09-25,39.67,91.0
Jaipur,2018-09-26,52.7,135.0
Jaipur,2018-09-27,53.34,133.0
Jaipur,2018-09-28,57.85,134.0
Jaipur,2018-09-29,55.11,174.0
Jaipur,2018-09-30,50.9,151.0
Jaipur,2018-10-01,47.8,128.0
Jaipur,2018-10-02,52.83,125.0
Jaipur,2018-10-03,41.04,125.0
Jaipur,2018-10-04,42.35,101.0
Jaipur,2018-10-05,46.05,101.0
Jaipur,2018-10-06,46.46,103.0
Jaipur,2018-10-07,44.93,118.0
Jaipur,2018-10-08,44.43,116.0
Jaipur,2018-10-09,49.14,109.0
Jaipur,2018-10-10,69.46,121.0
Jaipur,2018-10-11,71.12,178.0
Jaipur,2018-10-12,61.36,137.0
Jaipur,2018-10-13,59.86,130.0
Jaipur,2018-10-14,65.77,142.0
Jaipur,2018-10-15,66.0,152.0
Jaipur,2018-10-16,85.38,195.0
Jaipur,2018-10-17,58.16,151.0
Jaipur,2018-10-18,67.49,149.0
Jaipur,2018-10-19,78.42,151.0
Jaipur,2018-10-20,72.99,180.0
Jaipur,2018-10-21,74.69,185.0
Jaipur,2018-10-22,60.43,163.0
Jaipur,2018-10-23,51.98,117.0
Jaipur,2018-10-24,59.1,135.0
Jaipur,2018-10-25,55.75,139.0
Jaipur,2018-10-26,62.72,146.0
Jaipur,2018-10-27,69.35,160.0
Jaipur,2018-10-28,80.31,186.0
Jaipur,2018-10-29,92.86,212.0
Jaipur,2018-10-30,80.37,219.0
Jaipur,2018-10-31,60.99,218.0
Jaipur,2018-11-01,71.04,195.0
Jaipur,2018-11-02,63.12,194.0
Jaipur,2018-11-03,49.51,142.0
Jaipur,2018-11-04,79.78,169.0
Jaipur,2018-11-05,44.83,120.0
Jaipur,2018-11-06,74.94,145.0
Jaipur,2018-11-07,74.51,141.0
Jaipur,2018-11-08,106.88,250.0
Jaipur,2018-11-09,108.86,243.0
Jaipur,2018-11-10,99.02,258.0
Jaipur,2018-11-11,60.18,175.0
Jaipur,2018-11-12,70.21,164.0
Jaipur,2018-11-13,73.57,202.0
Jaipur,2018-11-14,56.53,139.0
Jaipur,2018-11-15,84.76,158.0
Jaipur,2018-11-16,87.76,210.0
Jaipur,2018-11-17,77.87,193.0
Jaipur,2018-11-18,67.8,184.0
Jaipur,2018-11-19,59.2,132.0
Jaipur,2018-11-20,68.34,159.0
Jaipur,2018-11-21,87.81,161.0
Jaipur,2018-11-22,72.61,201.0
Jaipur,2018-11-23,70.4,175.0
Jaipur,2018-11-24,74.86,157.0
Jaipur,2018-11-25,92.15,220.0
Jaipur,2018-11-26,63.6,176.0
Jaipur,2018-11-27,67.29,149.0
Jaipur,2018-11-28,82.51,175.0
Jaipur,2018-11-29,73.02,198.0
Jaipur,2018-11-30,69.45,159.0
Jaipur,2018-12-01,73.56,180.0
Jaipur,2018-12-02,71.73,184.0
Jaipur,2018-12-03,71.78,184.0
Jaipur,2018-12-04,59.35,154.0
Jaipur,2018-12-05,62.76,143.0
Jaipur,2018-12-06,74.1,173.0
Jaipur,2018-12-07,55.16,163.0
Jaipur,2018-12-08,62.2,158.0
Jaipur,2018-12-09,74.88,168.0
Jaipur,2018-12-10,74.13,185.0
Jaipur,2018-12-11,63.82,162.0
Jaipur,2018-12-12,55.57,127.0
Jaipur,2018-12-13,42.72,94.0
Jaipur,2018-12-14,32.37,88.0
Jaipur,2018-12-15,37.28,80.0
Jaipur,2018-12-16,37.75,163.0
Jaipur,2018-12-17,38.53,109.0
Jaipur,2018-12-18,42.37,108.0
Jaipur,2018-12-19,64.83,163.0
Jaipur,2018-12-20,86.29,205.0
Jaipur,2018-12-21,110.36,244.0
Jaipur,2018-12-22,65.08,201.0
Jaipur,2018-12-23,63.37,154.0
Jaipur,2018-12-24,62.08,144.0
Jaipur,2018-12-25,54.27,135.0
Jaipur,2018-12-26,54.98,122.0
Jaipur,2018-12-27,96.51,214.0
Jaipur,2018-12-28,87.99,212.0
Jaipur,2018-12-29,90.45,213.0
Jaipur,2018-12-30,98.76,238.0
Jaipur,2018-12-31,135.19,239.0
Jaipur,2019-01-01,113.17,275.0
Jaipur,2019-01-02,76.03,173.0
Jaipur,2019-01-03,98.19,232.0
Jaipur,2019-01-04,65.04,203.0
Jaipur,2019-01-05,63.41,134.0
Jaipur,2019-01-06,98.16,196.0
Jaipur,2019-01-07,50.19,179.0
Jaipur,2019-01-08,70.88,123.0
Jaipur,2019-01-09,65.03,158.0
Jaipur,2019-01-10,65.24,141.0
Jaipur,2019-01-11,50.08,126.0
Jaipur,2019-01-12,70.83,130.0
Jaipur,2019-01-13,68.0,174.0
Jaipur,2019-01-14,49.54,144.0
Jaipur,2019-01-15,58.11,122.0
Jaipur,2019-01-16,58.36,175.0
Jaipur,2019-01-17,68.19,131.0
Jaipur,2019-01-18,76.46,191.0
Jaipur,2019-01-19,93.52,243.0
Jaipur,2019-01-20,64.56,176.0
Jaipur,2019-01-21,60.48,124.0
Jaipur,2019-01-22,44.36,131.0
Jaipur,2019-01-23,44.62,99.0
Jaipur,2019-01-24,52.33,109.0
Jaipur,2019-01-25,37.73,129.0
Jaipur,2019-01-26,43.55,89.0
Jaipur,2019-01-27,46.7,89.0
Jaipur,2019-01-28,56.01,118.0
Jaipur,2019-01-29,47.51,130.0
Jaipur,2019-01-30,42.38,115.0
Jaipur,2019-01-31,35.72,100.0
Jaipur,2019-02-01,51.65,102.0
Jaipur,2019-02-02,60.0,138.0
Jaipur,2019-02-03,67.4,159.0
Jaipur,2019-02-04,58.23,182.0
Jaipur,2019-02-05,59.43,151.0
Jaipur,2019-02-06,54.13,151.0
Jaipur,2019-02-07,52.17,130.0
Jaipur,2019-02-08,50.76,127.0
Jaipur,2019-02-09,48.6,115.0
Jaipur,2019-02-10,52.06,128.0
Jaipur,2019-02-11,45.82,115.0
Jaipur,2019-02-12,47.75,107.0
Jaipur,2019-02-13,45.85,108.0
Jaipur,2019-02-14,42.63,97.0
Jaipur,2019-02-15,51.51,115.0
Jaipur,2019-02-16,39.78,98.0
Jaipur,2019-02-17,48.23,102.0
Jaipur,2019-02-18,43.89,112.0
Jaipur,2019-02-19,54.38,130.0
Jaipur,2019-02-20,54.54,124.0
Jaipur,2019-02-21,54.38,130.0
Jaipur,2019-02-22,41.39,100.0
Jaipur,2019-02-23,35.97,93.0
Jaipur,2019-02-24,41.39,113.0
Jaipur,2019-02-25,42.61,105.0
Jaipur,2019-02-26,39.97,107.0
Jaipur,2019-02-27,42.89,85.0
Jaipur,2019-02-28,38.31,100.0
Jaipur,2019-03-01,42.41,104.0
Jaipur,2019-03-02,43.88,103.0
Jaipur,2019-03-03,42.81,100.0
Jaipur,2019-03-04,47.99,107.0
Jaipur,2019-03-05,36.58,102.0
Jaipur,2019-03-06,38.07,89.0
Jaipur,2019-03-07,40.68,112.0
Jaipur,2019-03-08,38.52,98.0
Jaipur,2019-03-09,42.31,102.0
Jaipur,2019-03-10,36.68,111.0
Jaipur,2019-03-11,41.91,96.0
Jaipur,2019-03-12,48.61,111.0
Jaipur,2019-03-13,46.44,105.0
Jaipur,2019-03-14,42.19,108.0
Jaipur,2019-03-15,34.03,90.0
Jaipur,2019-03-16,32.24,92.0
Jaipur,2019-03-17,33.98,109.0
Jaipur,2019-03-18,35.79,109.0
Jaipur,2019-03-19,36.6,107.0
Jaipur,2019-03-20,39.76,101.0
Jaipur,2019-03-21,48.81,121.0
Jaipur,2019-03-22,35.71,101.0
Jaipur,2019-03-23,34.26,90.0
Jaipur,2019-03-24,39.05,101.0
Jaipur,2019-03-25,39.88,112.0
Jaipur,2019-03-26,36.97,101.0
Jaipur,2019-03-27,42.6,110.0
Jaipur,2019-03-28,46.27,128.0
Jaipur,2019-03-29,49.69,142.0
Jaipur,2019-03-30,45.29,132.0
Jaipur,2019-03-31,46.08,116.0
Jaipur,2019-04-01,41.4,109.0
Jaipur,2019-04-02,40.71,109.0
Jaipur,2019-04-03,44.59,125.0
Jaipur,2019-04-04,44.88,128.0
Jaipur,2019-04-05,48.68,144.0
Jaipur,2019-04-06,38.72,137.0
Jaipur,2019-04-07,47.59,132.0
Jaipur,2019-04-08,92.68,457.0
Jaipur,2019-04-09,55.19,199.0
Jaipur,2019-04-10,54.01,140.0
Jaipur,2019-04-11,53.6,138.0
Jaipur,2019-04-12,72.04,258.0
Jaipur,2019-04-13,52.49,194.0
Jaipur,2019-04-14,47.63,121.0
Jaipur,2019-04-15,55.41,124.0
Jaipur,2019-04-16,44.23,164.0
Jaipur,2019-04-17,25.64,82.0
Jaipur,2019-04-18,28.96,86.0
Jaipur,2019-04-19,36.19,102.0
Jaipur,2019-04-20,35.66,122.0
Jaipur,2019-04-21,41.23,124.0
Jaipur,2019-04-22,49.55,119.0
Jaipur,2019-04-23,61.69,154.0
Jaipur,2019-04-24,56.24,157.0
Jaipur,2019-04-25,58.99,135.0
Jaipur,2019-04-26,76.51,181.0
Jaipur,2019-04-27,53.95,151.0
Jaipur,2019-04-28,62.44,142.0
Jaipur,2019-04-29,64.2,143.0
Jaipur,2019-04-30,59.3,153.0
Jaipur,2019-05-01,62.23,156.0
Jaipur,2019-05-02,73.33,166.0
Jaipur,2019-05-03,58.09,149.0
Jaipur,2019-05-04,50.37,124.0
Jaipur,2019-05-05,48.16,117.0
Jaipur,2019-05-06,52.53,138.0
Jaipur,2019-05-07,60.4,134.0
Jaipur,2019-05-08,90.69,183.0
Jaipur,2019-05-09,92.16,218.0
Jaipur,2019-05-10,54.87,156.0
Jaipur,2019-05-11,57.35,138.0
Jaipur,2019-05-12,72.52,206.0
Jaipur,2019-05-13,47.42,121.0
Jaipur,2019-05-14,47.02,100.0
Jaipur,2019-05-15,108.94,184.0
Jaipur,2019-05-16,84.33,343.0
Jaipur,2019-05-17,78.42,199.0
Jaipur,2019-05-18,41.98,169.0
Jaipur,2019-05-19,41.69,104.0
Jaipur,2019-05-20,46.85,107.0
Jaipur,2019-05-21,44.41,105.0
Jaipur,2019-05-22,42.93,105.0
Jaipur,2019-05-23,39.78,96.0
Jaipur,2019-05-24,48.64,97.0
Jaipur,2019-05-25,44.0,120.0
Jaipur,2019-05-26,39.45,98.0
Jaipur,2019-05-27,47.64,111.0
Jaipur,2019-05-28,44.35,134.0
Jaipur,2019-05-29,48.91,109.0
Jaipur,2019-05-30,49.88,103.0
Jaipur,2019-05-31,53.88,117.0
Jaipur,2019-06-01,56.82,116.0
Jaipur,2019-06-02,50.89,121.0
Jaipur,2019-06-03,63.32,148.0
Jaipur,2019-06-04,68.86,166.0
Jaipur,2019-06-05,65.03,175.0
Jaipur,2019-06-06,57.23,145.0
Jaipur,2019-06-07,72.96,158.0
Jaipur,2019-06-08,58.91,154.0
Jaipur,2019-06-09,52.86,137.0
Jaipur,2019-06-10,60.95,135.0
Jaipur,2019-06-11,47.08,125.0
Jaipur,2019-06-12,40.69,95.0
Jaipur,2019-06-13,26.57,85.0
Jaipur,2019-06-14,38.09,88.0
Jaipur,2019-06-15,44.52,100.0
Jaipur,2019-06-16,39.03,85.0
Jaipur,2019-06-17,44.82,101.0
Jaipur,2019-06-18,27.33,101.0
Jaipur,2019-06-19,21.31,88.0
Jaipur,2019-06-20,28.24,78.0
Jaipur,2019-06-21,38.46,91.0
Jaipur,2019-06-22,48.53,123.0
Jaipur,2019-06-23,42.39,135.0
Jaipur,2019-06-24,28.09,100.0
Jaipur,2019-06-25,35.62,100.0
Jaipur,2019-06-26,40.64,102.0
Jaipur,2019-06-27,76.2,172.0
Jaipur,2019-06-28,48.84,168.0
Jaipur,2019-06-29,37.33,109.0
Jaipur,2019-06-30,41.72,98.0
Jaipur,2019-07-01,34.07,102.0
Jaipur,2019-07-02,41.85,104.0
Jaipur,2019-07-03,44.32,107.0
Jaipur,2019-07-04,33.27,87.0
Jaipur,2019-07-05,30.64,69.0
Jaipur,2019-07-06,30.69,79.0
Jaipur,2019-07-07,29.18,66.0
Jaipur,2019-07-08,38.76,83.0
Jaipur,2019-07-09,48.45,104.0
Jaipur,2019-07-10,45.66,109.0
Jaipur,2019-07-11,46.92,120.0
Jaipur,2019-07-12,41.91,103.0
Jaipur,2019-07-13,41.74,95.0
Jaipur,2019-07-14,41.8,96.0
Jaipur,2019-07-15,47.34,96.0
Jaipur,2019-07-16,52.69,119.0
Jaipur,2019-07-17,46.04,103.0
Jaipur,2019-07-18,40.92,98.0
Jaipur,2019-07-19,34.56,68.0
Jaipur,2019-07-20,39.77,81.0
Jaipur,2019-07-21,37.12,81.0
Jaipur,2019-07-22,32.6,80.0
Jaipur,2019-07-23,33.02,71.0
Jaipur,2019-07-24,28.53,67.0
Jaipur,2019-07-25,21.37,61.0
Jaipur,2019-07-26,23.7,62.0
Jaipur,2019-07-27,28.4,73.0
Jaipur,2019-07-28,21.79,58.0
Jaipur,2019-07-29,16.61,59.0
Jaipur,2019-07-30,18.98,56.0
Jaipur,2019-07-31,24.33,72.0
Jaipur,2019-08-01,27.44,66.0
Jaipur,2019-08-02,20.99,56.0
Jaipur,2019-08-03,26.51,62.0
Jaipur,2019-08-04,23.6,54.0
Jaipur,2019-08-05,34.83,74.0
Jaipur,2019-08-06,23.5,66.0
Jaipur,2019-08-07,25.15,71.0
Jaipur,2019-08-08,24.36,67.0
Jaipur,2019-08-09,21.1,54.0
Jaipur,2019-08-10,16.14,48.0
Jaipur,2019-08-11,14.15,51.0
Jaipur,2019-08-12,24.43,62.0
Jaipur,2019-08-13,38.82,74.0
Jaipur,2019-08-14,30.54,79.0
Jaipur,2019-08-15,27.07,71.0
Jaipur,2019-08-16,18.96,49.0
Jaipur,2019-08-17,16.54,55.0
Jaipur,2019-08-18,22.73,55.0
Jaipur,2019-08-19,30.21,70.0
Jaipur,2019-08-20,32.54,81.0
Jaipur,2019-08-21,29.51,83.0
Jaipur,2019-08-22,33.85,71.0
Jaipur,2019-08-23,32.74,76.0
Jaipur,2019-08-24,34.66,66.0
Jaipur,2019-08-25,36.69,71.0
Jaipur,2019-08-26,19.12,61.0
Jaipur,2019-08-27,27.19,65.0
Jaipur,2019-08-28,26.9,73.0
Jaipur,2019-08-29,27.03,68.0
Jaipur,2019-08-30,25.61,73.0
Jaipur,2019-08-31,27.44,69.0
Jaipur,2019-09-01,29.95,75.0
Jaipur,2019-09-02,31.39,64.0
Jaipur,2019-09-03,44.03,86.0
Jaipur,2019-09-04,34.58,83.0
Jaipur,2019-09-05,36.95,76.0
Jaipur,2019-09-06,33.45,75.0
Jaipur,2019-09-07,27.09,74.0
Jaipur,2019-09-08,26.14,72.0
Jaipur,2019-09-09,34.8,75.0
Jaipur,2019-09-10,56.74,108.0
Jaipur,2019-09-11,47.43,103.0
Jaipur,2019-09-12,33.88,91.0
Jaipur,2019-09-13,37.92,83.0
Jaipur,2019-09-14,27.82,71.0
Jaipur,2019-09-15,28.04,67.0
Jaipur,2019-09-16,36.65,80.0
Jaipur,2019-09-17,44.2,88.0
Jaipur,2019-09-18,34.48,89.0
Jaipur,2019-09-19,31.61,81.0
Jaipur,2019-09-20,23.04,64.0
Jaipur,2019-09-21,26.26,59.0
Jaipur,2019-09-22,16.72,54.0
Jaipur,2019-09-23,21.94,57.0
Jaipur,2019-09-24,24.8,126.0
Jaipur,2019-09-25,27.05,78.0
Jaipur,2019-09-26,23.12,55.0
Jaipur,2019-09-27,18.11,53.0
Jaipur,2019-09-28,17.51,54.0
Jaipur,2019-09-29,25.74,66.0
Jaipur,2019-09-30,31.01,83.0
Jaipur,2019-10-01,29.93,80.0
Jaipur,2019-10-02,30.87,81.0
Jaipur,2019-10-03,39.35,95.0
Jaipur,2019-10-04,35.31,95.0
Jaipur,2019-10-05,38.07,78.0
Jaipur,2019-10-06,43.01,88.0
Jaipur,2019-10-07,51.77,106.0
Jaipur,2019-10-08,43.48,105.0
Jaipur,2019-10-09,42.7,108.0
Jaipur,2019-10-10,39.96,104.0
Jaipur,2019-10-11,48.35,104.0
Jaipur,2019-10-12,49.71,106.0
Jaipur,2019-10-13,53.72,125.0
Jaipur,2019-10-14,57.76,128.0
Jaipur,2019-10-15,64.81,136.0
Jaipur,2019-10-16,54.17,136.0
Jaipur,2019-10-17,56.0,127.0
Jaipur,2019-10-18,54.41,123.0
Jaipur,2019-10-19,46.17,109.0
Jaipur,2019-10-20,54.76,120.0
Jaipur,2019-10-21,58.89,143.0
Jaipur,2019-10-22,67.33,149.0
Jaipur,2019-10-23,73.4,193.0
Jaipur,2019-10-24,59.09,145.0
Jaipur,2019-10-25,77.5,163.0
Jaipur,2019-10-26,64.51,170.0
Jaipur,2019-10-27,87.77,144.0
Jaipur,2019-10-28,219.73,355.0
Jaipur,2019-10-29,141.99,310.0
Jaipur,2019-10-30,67.16,203.0
Jaipur,2019-10-31,61.65,143.0
Jaipur,2019-11-01,48.1,132.0
Jaipur,2019-11-02,104.62,171.0
Jaipur,2019-11-03,90.16,247.0
Jaipur,2019-11-04,60.87,191.0
Jaipur,2019-11-05,73.22,154.0
Jaipur,2019-11-06,49.36,139.0
Jaipur,2019-11-07,43.43,101.0
Jaipur,2019-11-08,88.44,162.0
Jaipur,2019-11-09,83.04,220.0
Jaipur,2019-11-10,76.91,188.0
Jaipur,2019-11-11,82.58,192.0
Jaipur,2019-11-12,92.89,209.0
Jaipur,2019-11-13,127.34,250.0
Jaipur,2019-11-14,131.2,277.0
Jaipur,2019-11-15,72.25,248.0
Jaipur,2019-11-16,78.29,167.0
Jaipur,2019-11-17,38.6,123.0
Jaipur,2019-11-18,47.08,104.0
Jaipur,2019-11-19,36.25,96.0
Jaipur,2019-11-20,43.07,115.0
Jaipur,2019-11-21,51.49,120.0
Jaipur,2019-11-22,68.84,130.0
Jaipur,2019-11-23,73.61,176.0
Jaipur,2019-11-24,67.26,145.0
Jaipur,2019-11-25,68.62,165.0
Jaipur,2019-11-26,47.55,124.0
Jaipur,2019-11-27,52.64,109.0
Jaipur,2019-11-28,91.33,175.0
Jaipur,2019-11-29,54.61,148.0
Jaipur,2019-11-30,51.18,118.0
Jaipur,2019-12-01,52.02,119.0
Jaipur,2019-12-02,42.73,120.0
Jaipur,2019-12-03,50.78,120.0
Jaipur,2019-12-04,52.85,134.0
Jaipur,2019-12-05,52.63,123.0
Jaipur,2019-12-06,73.44,138.0
Jaipur,2019-12-07,73.42,189.0
Jaipur,2019-12-08,53.69,140.0
Jaipur,2019-12-09,56.61,127.0
Jaipur,2019-12-10,70.48,164.0
Jaipur,2019-12-11,73.27,172.0
Jaipur,2019-12-12,67.04,162.0
Jaipur,2019-12-13,53.64,141.0
Jaipur,2019-12-14,33.21,86.0
Jaipur,2019-12-15,42.15,86.0
Jaipur,2019-12-16,41.92,85.0
Jaipur,2019-12-17,47.55,89.0
Jaipur,2019-12-18,67.99,136.0
Jaipur,2019-12-19,47.92,118.0
Jaipur,2019-12-20,59.26,118.0
Jaipur,2019-12-21,52.95,129.0
Jaipur,2019-12-22,29.05,100.0
Jaipur,2019-12-23,37.53,101.0
Jaipur,2019-12-24,43.69,108.0
Jaipur,2019-12-25,43.58,110.0
Jaipur,2019-12-26,54.28,124.0
Jaipur,2019-12-27,55.55,145.0
Jaipur,2019-12-28,64.59,144.0
Jaipur,2019-12-29,71.03,146.0
Jaipur,2019-12-30,80.04,182.0
Jaipur,2019-12-31,69.91,174.0
Jaipur,2020-01-01,68.61,154.0
Jaipur,2020-01-02,48.02,153.0
Jaipur,2020-01-03,47.44,108.0
Jaipur,2020-01-04,52.46,111.0
Jaipur,2020-01-05,66.18,138.0
Jaipur,2020-01-06,55.07,129.0
Jaipur,2020-01-07,46.61,106.0
Jaipur,2020-01-08,54.75,113.0
Jaipur,2020-01-09,31.13,92.0
Jaipur,2020-01-10,39.21,90.0
Jaipur,2020-01-11,46.14,112.0
Jaipur,2020-01-12,49.42,121.0
Jaipur,2020-01-13,48.46,126.0
Jaipur,2020-01-14,34.99,108.0
Jaipur,2020-01-15,43.5,100.0
Jaipur,2020-01-16,43.27,92.0
Jaipur,2020-01-17,49.19,99.0
Jaipur,2020-01-18,47.61,116.0
Jaipur,2020-01-19,58.77,114.0
Jaipur,2020-01-20,60.37,136.0
Jaipur,2020-01-21,47.88,108.0
Jaipur,2020-01-22,52.59,106.0
Jaipur,2020-01-23,35.76,97.0
Jaipur,2020-01-24,42.58,106.0
Jaipur,2020-01-25,51.8,114.0
Jaipur,2020-01-26,62.6,159.0
Jaipur,2020-01-27,31.85,115.0
Jaipur,2020-01-28,41.35,94.0
Jaipur,2020-01-29,28.2,91.0
Jaipur,2020-01-30,34.78,88.0
Jaipur,2020-01-31,39.16,90.0
Jaipur,2020-02-01,48.24,104.0
Jaipur,2020-02-02,51.08,109.0
Jaipur,2020-02-03,47.03,116.0
Jaipur,2020-02-04,50.51,108.0
Jaipur,2020-02-05,50.79,106.0
Jaipur,2020-02-06,55.6,117.0
Jaipur,2020-02-07,50.77,114.0
Jaipur,2020-02-08,46.02,110.0
Jaipur,2020-02-09,59.48,111.0
Jaipur,2020-02-10,65.67,150.0
Jaipur,2020-02-11,60.95,132.0
Jaipur,2020-02-12,64.04,150.0
Jaipur,2020-02-13,72.87,163.0
Jaipur,2020-02-14,59.62,147.0
Jaipur,2020-02-15,50.97,134.0
Jaipur,2020-02-16,49.83,133.0
Jaipur,2020-02-17,65.69,159.0
Jaipur,2020-02-18,61.27,160.0
Jaipur,2020-02-19,66.08,179.0
Jaipur,2020-02-20,46.11,104.0
Jaipur,2020-02-21,66.72,132.0
Jaipur,2020-02-22,49.79,106.0
Jaipur,2020-02-23,51.39,107.0
Jaipur,2020-02-24,50.4,102.0
Jaipur,2020-02-25,60.53,127.0
Jaipur,2020-02-26,48.24,115.0
Jaipur,2020-02-27,50.09,111.0
Jaipur,2020-02-28,53.32,116.0
Jaipur,2020-02-29,48.52,110.0
Jaipur,2020-03-01,29.03,113.0
Jaipur,2020-03-02,35.93,95.0
Jaipur,2020-03-03,49.42,115.0
Jaipur,2020-03-04,44.52,117.0
Jaipur,2020-03-05,29.46,88.0
Jaipur,2020-03-06,28.6,83.0
Jaipur,2020-03-07,31.86,88.0
Jaipur,2020-03-08,27.29,92.0
Jaipur,2020-03-09,30.17,100.0
Jaipur,2020-03-10,30.88,96.0
Jaipur,2020-03-11,30.18,90.0
Jaipur,2020-03-12,43.86,104.0
Jaipur,2020-03-13,78.24,144.0
Jaipur,2020-03-14,60.0,199.0
Jaipur,2020-03-15,44.49,132.0
Jaipur,2020-03-16,45.38,127.0
Jaipur,2020-03-17,43.23,133.0
Jaipur,2020-03-18,43.92,123.0
Jaipur,2020-03-19,46.94,122.0
Jaipur,2020-03-20,47.44,116.0
Jaipur,2020-03-21,31.9,108.0
Jaipur,2020-03-22,32.69,100.0
Jaipur,2020-03-23,36.05,90.0
Jaipur,2020-03-24,34.35,92.0
Jaipur,2020-03-25,26.0,73.0
Jaipur,2020-03-26,14.28,57.0
Jaipur,2020-03-27,9.12,52.0
Jaipur,2020-03-28,10.59,67.0
Jaipur,2020-03-29,12.92,71.0
Jaipur,2020-03-30,13.71,72.0
Jaipur,2020-03-31,21.58,70.0
Jaipur,2020-04-01,27.53,79.0
Jaipur,2020-04-02,21.65,71.0
Jaipur,2020-04-03,18.43,74.0
Jaipur,2020-04-04,19.85,76.0
Jaipur,2020-04-05,24.93,79.0
Jaipur,2020-04-06,31.2,79.0
Jaipur,2020-04-07,26.38,80.0
Jaipur,2020-04-08,20.07,78.0
Jaipur,2020-04-09,22.06,78.0
Jaipur,2020-04-10,24.47,76.0
Jaipur,2020-04-11,30.99,79.0
Jaipur,2020-04-12,28.61,86.0
Jaipur,2020-04-13,33.95,83.0
Jaipur,2020-04-14,42.11,113.0
Jaipur,2020-04-15,32.07,100.0
Jaipur,2020-04-16,26.89,93.0
Jaipur,2020-04-17,47.5,120.0
Jaipur,2020-04-18,49.37,125.0
Jaipur,2020-04-19,33.63,110.0
Jaipur,2020-04-20,26.15,76.0
Jaipur,2020-04-21,16.38,77.0
Jaipur,2020-04-22,20.81,85.0
Jaipur,2020-04-23,23.28,78.0
Jaipur,2020-04-24,23.18,68.0
Jaipur,2020-04-25,26.18,69.0
Jaipur,2020-04-26,30.22,85.0
Jaipur,2020-04-27,22.23,74.0
Jaipur,2020-04-28,25.22,79.0
Jaipur,2020-04-29,32.26,84.0
Jaipur,2020-04-30,51.34,132.0
Jaipur,2020-05-01,36.28,119.0
Jaipur,2020-05-02,37.27,100.0
Jaipur,2020-05-03,42.37,107.0
Jaipur,2020-05-04,21.56,85.0
Jaipur,2020-05-05,22.36,82.0
Jaipur,2020-05-06,25.89,75.0
Jaipur,2020-05-07,24.88,81.0
Jaipur,2020-05-08,32.87,89.0
Jaipur,2020-05-09,45.16,112.0
Jaipur,2020-05-10,47.55,110.0
Jaipur,2020-05-11,31.29,125.0
Jaipur,2020-05-12,23.63,91.0
Jaipur,2020-05-13,66.4,132.0
Jaipur,2020-05-14,35.15,124.0
Jaipur,2020-05-15,44.78,100.0
Jaipur,2020-05-16,35.33,116.0
Jaipur,2020-05-17,36.12,106.0
Jaipur,2020-05-18,47.73,121.0
Jaipur,2020-05-19,50.93,136.0
Jaipur,2020-05-20,45.31,127.0
Jaipur,2020-05-21,43.03,110.0
Jaipur,2020-05-22,51.18,119.0
Jaipur,2020-05-23,54.27,143.0
Jaipur,2020-05-24,55.99,140.0
Jaipur,2020-05-25,46.96,124.0
Jaipur,2020-05-26,48.1,119.0
Jaipur,2020-05-27,48.33,126.0
Jaipur,2020-05-28,61.57,145.0
Jaipur,2020-05-29,49.62,150.0
Jaipur,2020-05-30,33.9,115.0
Jaipur,2020-05-31,28.51,82.0
Jaipur,2020-06-01,22.58,93.0
Jaipur,2020-06-02,29.66,106.0
Jaipur,2020-06-03,31.13,94.0
Jaipur,2020-06-04,29.78,84.0
Jaipur,2020-06-05,21.7,89.0
Jaipur,2020-06-06,28.32,84.0
Jaipur,2020-06-07,29.8,80.0
Jaipur,2020-06-08,31.64,79.0
Jaipur,2020-06-09,35.26,90.0
Jaipur,2020-06-10,36.6,85.0
Jaipur,2020-06-11,33.19,92.0
Jaipur,2020-06-12,37.85,103.0
Jaipur,2020-06-13,43.7,108.0
Jaipur,2020-06-14,37.85,96.0
Jaipur,2020-06-15,32.72,97.0
Jaipur,2020-06-16,44.22,108.0
Jaipur,2020-06-17,44.53,108.0
Jaipur,2020-06-18,51.98,110.0
Jaipur,2020-06-19,44.05,108.0
Jaipur,2020-06-20,49.29,121.0
Jaipur,2020-06-21,44.14,96.0
Jaipur,2020-06-22,34.32,80.0
Jaipur,2020-06-23,28.29,80.0
Jaipur,2020-06-24,24.06,72.0
Jaipur,2020-06-25,64.47,76.0
Jaipur,2020-06-26,35.81,172.0
Jaipur,2020-06-27,28.33,89.0
Jaipur,2020-06-28,23.76,75.0
Jaipur,2020-06-29,30.58,69.0
Jaipur,2020-06-30,30.03,79.0
Jaipur,2020-07-01,58.79,70.0
Mumbai,2018-05-07,18.44,73.0
Mumbai,2018-05-08,18.07,82.0
Mumbai,2018-05-09,18.55,84.0
Mumbai,2018-05-10,22.57,77.0
Mumbai,2018-05-11,23.57,73.0
Mumbai,2018-05-12,31.18,86.0
Mumbai,2018-05-13,24.22,90.0
Mumbai,2018-05-14,21.81,70.0
Mumbai,2018-05-15,14.93,64.0
Mumbai,2018-05-16,17.86,64.0
Mumbai,2018-05-17,24.73,66.0
Mumbai,2018-05-18,24.09,85.0
Mumbai,2018-05-19,23.97,83.0
Mumbai,2018-05-20,20.7,90.0
Mumbai,2018-05-21,19.01,76.0
Mumbai,2018-05-22,21.85,90.0
Mumbai,2018-05-23,24.32,81.0
Mumbai,2018-05-24,22.76,92.0
Mumbai,2018-05-25,15.38,75.0
Mumbai,2018-05-26,18.58,51.0
Mumbai,2018-05-27,15.53,61.0
Mumbai,2018-05-28,17.17,118.0
Mumbai,2018-05-29,22.54,115.0
Mumbai,2018-05-30,18.79,83.0
Mumbai,2018-05-31,20.14,69.0
Mumbai,2018-06-01,24.8,75.0
Mumbai,2018-06-02,19.38,84.0
Mumbai,2018-06-03,18.68,98.0
Mumbai,2018-06-04,19.98,82.0
Mumbai,2018-06-05,26.85,105.0
Mumbai,2018-06-06,17.66,77.0
Mumbai,2018-06-07,45.54,78.0
Mumbai,2018-06-08,17.79,86.0
Mumbai,2018-06-09,19.26,72.0
Mumbai,2018-06-11,12.89,55.0
Mumbai,2018-06-12,18.02,56.0
Mumbai,2018-06-13,16.97,56.0
Mumbai,2018-06-14,19.16,59.0
Mumbai,2018-06-15,19.64,77.0
Mumbai,2018-06-16,17.02,101.0
Mumbai,2018-06-17,16.94,118.0
Mumbai,2018-06-18,10.87,125.0
Mumbai,2018-06-19,15.87,88.0
Mumbai,2018-06-20,25.71,82.0
Mumbai,2018-06-21,22.86,71.0
Mumbai,2018-06-22,18.09,75.0
Mumbai,2018-06-23,17.52,89.0
Mumbai,2018-06-24,10.53,91.0
Mumbai,2018-06-25,13.38,77.0
Mumbai,2018-06-26,22.06,68.0
Mumbai,2018-06-27,18.54,72.0
Mumbai,2018-06-28,19.38,80.0
Mumbai,2018-06-29,18.39,109.0
Mumbai,2018-06-30,16.59,78.0
Mumbai,2018-07-01,13.0,88.0
Mumbai,2018-07-02,13.78,77.0
Mumbai,2018-07-03,18.5,89.0
Mumbai,2018-07-04,14.71,75.0
Mumbai,2018-07-05,14.11,68.0
Mumbai,2018-07-06,14.53,72.0
Mumbai,2018-07-07,12.84,73.0
Mumbai,2018-07-08,35.18,74.0
Mumbai,2018-07-11,18.15,67.0
Mumbai,2018-07-12,15.31,68.0
Mumbai,2018-07-13,14.72,72.0
Mumbai,2018-07-14,19.26,84.0
Mumbai,2018-07-15,13.43,60.0
Mumbai,2018-07-16,15.67,69.0
Mumbai,2018-07-17,16.43,80.0
Mumbai,2018-07-18,23.32,70.0
Mumbai,2018-07-19,46.76,82.0
Mumbai,2018-07-20,16.52,70.0
Mumbai,2018-07-21,15.0,66.0
Mumbai,2018-07-22,15.37,62.0
Mumbai,2018-07-23,14.24,63.0
Mumbai,2018-07-24,15.24,61.0
Mumbai,2018-07-25,16.28,61.0
Mumbai,2018-07-26,15.88,60.0
Mumbai,2018-07-27,13.23,63.0
Mumbai,2018-07-28,14.11,62.0
Mumbai,2018-07-29,13.39,62.0
Mumbai,2018-07-30,15.45,64.0
Mumbai,2018-07-31,16.22,44.0
Mumbai,2018-08-01,14.71,64.0
Mumbai,2018-08-02,14.87,84.0
Mumbai,2018-08-03,17.72,75.0
Mumbai,2018-08-04,10.36,65.0
Mumbai,2018-08-05,9.21,64.0
Mumbai,2018-08-06,11.21,66.0
Mumbai,2018-08-07,12.65,66.0
Mumbai,2018-08-08,13.33,67.0
Mumbai,2018-08-09,11.61,67.0
Mumbai,2018-08-10,12.59,69.0
Mumbai,2018-08-11,11.7,67.0
Mumbai,2018-08-12,9.7,67.0
Mumbai,2018-08-13,12.94,68.0
Mumbai,2018-08-14,80.13,107.0
Mumbai,2018-08-15,26.83,93.0
Mumbai,2018-08-16,26.49,90.0
Mumbai,2018-08-17,23.72,83.0
Mumbai,2018-08-18,24.15,74.0
Mumbai,2018-08-19,22.94,76.0
Mumbai,2018-08-20,26.68,81.0
Mumbai,2018-08-21,30.76,95.0
Mumbai,2018-08-22,25.47,64.0
Mumbai,2018-08-23,23.11,65.0
Mumbai,2018-08-24,18.94,65.0
Mumbai,2018-08-25,25.28,70.0
Mumbai,2018-08-26,23.62,72.0
Mumbai,2018-08-27,26.46,77.0
Mumbai,2018-08-28,30.97,100.0
Mumbai,2018-08-29,28.58,77.0
Mumbai,2018-08-30,26.49,71.0
Mumbai,2018-08-31,25.69,70.0
Mumbai,2018-09-01,28.24,71.0
Mumbai,2018-09-02,24.03,70.0
Mumbai,2018-09-03,26.35,69.0
Mumbai,2018-09-04,23.49,70.0
Mumbai,2018-09-05,22.67,68.0
Mumbai,2018-09-06,25.5,60.0
Mumbai,2018-09-07,27.31,65.0
Mumbai,2018-09-08,26.77,67.0
Mumbai,2018-09-09,24.28,70.0
Mumbai,2018-09-10,21.84,84.0
Mumbai,2018-09-11,26.76,106.0
Mumbai,2018-09-12,21.64,89.0
Mumbai,2018-09-13,19.28,82.0
Mumbai,2018-09-14,23.52,89.0
Mumbai,2018-09-15,22.09,102.0
Mumbai,2018-09-16,25.6,103.0
Mumbai,2018-09-17,20.37,93.0
Mumbai,2018-09-18,25.51,93.0
Mumbai,2018-09-19,17.68,78.0
Mumbai,2018-09-20,25.44,100.0
Mumbai,2018-09-21,42.73,113.0
Mumbai,2018-09-22,31.22,80.0
Mumbai,2018-09-23,35.95,82.0
Mumbai,2018-09-24,33.06,104.0
Mumbai,2018-09-25,33.86,92.0
Mumbai,2018-09-26,32.52,91.0
Mumbai,2018-09-27,37.21,90.0
Mumbai,2018-09-28,44.86,108.0
Mumbai,2018-09-29,44.05,106.0
Mumbai,2018-09-30,54.77,122.0
Mumbai,2018-10-01,49.35,128.0
Mumbai,2018-10-02,49.52,111.0
Mumbai,2018-10-03,50.87,122.0
Mumbai,2018-10-04,43.4,110.0
Mumbai,2018-10-05,42.12,106.0
Mumbai,2018-10-06,48.16,117.0
Mumbai,2018-10-07,54.76,112.0
Mumbai,2018-10-08,48.6,109.0
Mumbai,2018-10-09,45.06,103.0
Mumbai,2018-10-10,42.82,104.0
Mumbai,2018-10-11,34.35,100.0
Mumbai,2018-10-12,44.57,105.0
Mumbai,2018-10-13,54.92,136.0
Mumbai,2018-10-14,48.18,149.0
Mumbai,2018-10-15,49.42,135.0
Mumbai,2018-10-16,54.25,142.0
Mumbai,2018-10-17,46.14,130.0
Mumbai,2018-10-18,26.07,132.0
Mumbai,2018-10-19,49.65,150.0
Mumbai,2018-10-24,45.04,123.0
Mumbai,2018-10-25,52.53,146.0
Mumbai,2018-10-26,39.38,118.0
Mumbai,2018-10-27,54.0,136.0
Mumbai,2018-10-28,35.18,144.0
Mumbai,2018-10-30,36.32,110.0
Mumbai,2018-10-31,41.76,106.0
Mumbai,2018-11-01,49.85,141.0
Mumbai,2018-11-02,41.8,138.0
Mumbai,2018-11-03,40.22,132.0
Mumbai,2018-11-04,37.39,100.0
Mumbai,2018-11-05,34.93,102.0
Mumbai,2018-11-06,65.23,112.0
Mumbai,2018-11-07,67.63,184.0
Mumbai,2018-11-08,130.47,299.0
Mumbai,2018-11-09,93.59,195.0
Mumbai,2018-11-10,122.18,307.0
Mumbai,2018-11-11,63.69,179.0
Mumbai,2018-11-12,56.06,146.0
Mumbai,2018-11-13,51.04,123.0
Mumbai,2018-11-14,48.02,132.0
Mumbai,2018-11-15,49.79,122.0
Mumbai,2018-11-16,51.3,147.0
Mumbai,2018-11-17,56.72,150.0
Mumbai,2018-11-18,65.09,153.0
Mumbai,2018-11-19,35.18,145.0
Mumbai,2018-11-24,48.76,125.0
Mumbai,2018-11-25,51.75,145.0
Mumbai,2018-11-26,63.19,169.0
Mumbai,2018-11-27,57.74,143.0
Mumbai,2018-11-28,55.7,149.0
Mumbai,2018-11-29,53.71,146.0
Mumbai,2018-11-30,56.87,158.0
Mumbai,2018-12-01,62.05,154.0
Mumbai,2018-12-02,62.82,172.0
Mumbai,2018-12-03,76.86,174.0
Mumbai,2018-12-04,65.54,168.0
Mumbai,2018-12-05,72.91,163.0
Mumbai,2018-12-06,70.04,176.0
Mumbai,2018-12-07,54.61,140.0
Mumbai,2018-12-08,63.47,152.0
Mumbai,2018-12-09,56.9,158.0
Mumbai,2018-12-10,51.82,137.0
Mumbai,2018-12-11,49.73,138.0
Mumbai,2018-12-12,38.67,124.0
Mumbai,2018-12-13,50.03,117.0
Mumbai,2018-12-14,61.98,123.0
Mumbai,2018-12-15,57.49,136.0
Mumbai,2018-12-16,56.54,146.0
Mumbai,2018-12-17,50.82,128.0
Mumbai,2018-12-18,63.59,136.0
Mumbai,2018-12-19,66.38,174.0
Mumbai,2018-12-20,50.75,135.0
Mumbai,2018-12-21,52.93,123.0
Mumbai,2018-12-22,74.39,160.0
Mumbai,2018-12-23,92.96,197.0
Mumbai,2018-12-24,96.74,219.0
Mumbai,2018-12-25,88.48,210.0
Mumbai,2018-12-26,68.03,149.0
Mumbai,2018-12-27,67.26,119.0
Mumbai,2018-12-28,69.88,130.0
Mumbai,2018-12-29,65.85,143.0
Mumbai,2018-12-30,81.14,154.0
Mumbai,2018-12-31,81.34,188.0
Mumbai,2019-01-01,79.78,181.0
Mumbai,2019-01-02,80.41,175.0
Mumbai,2019-01-03,103.76,239.0
Mumbai,2019-01-04,84.61,221.0
Mumbai,2019-01-05,75.92,180.0
Mumbai,2019-01-06,81.14,183.0
Mumbai,2019-01-07,52.78,156.0
Mumbai,2019-01-08,57.44,156.0
Mumbai,2019-01-09,71.68,150.0
Mumbai,2019-01-10,84.32,199.0
Mumbai,2019-01-11,85.51,201.0
Mumbai,2019-01-12,76.86,187.0
Mumbai,2019-01-13,75.79,197.0
Mumbai,2019-01-14,66.32,163.0
Mumbai,2019-01-15,68.1,162.0
Mumbai,2019-01-16,69.37,162.0
Mumbai,2019-01-17,83.31,184.0
Mumbai,2019-01-18,84.99,200.0
Mumbai,2019-01-19,82.07,190.0
Mumbai,2019-01-20,93.45,234.0
Mumbai,2019-01-21,51.0,160.0
Mumbai,2019-01-22,34.26,114.0
Mumbai,2019-01-23,26.04,100.0
Mumbai,2019-01-24,53.38,125.0
Mumbai,2019-01-25,47.4,133.0
Mumbai,2019-01-26,38.28,131.0
Mumbai,2019-01-27,36.88,117.0
Mumbai,2019-01-28,46.01,112.0
Mumbai,2019-01-29,47.42,118.0
Mumbai,2019-01-30,51.55,150.0
Mumbai,2019-01-31,51.24,151.0
Mumbai,2019-02-01,48.04,146.0
Mumbai,2019-02-02,50.63,152.0
Mumbai,2019-02-03,73.37,186.0
Mumbai,2019-02-04,66.26,201.0
Mumbai,2019-02-05,65.62,164.0
Mumbai,2019-02-06,43.34,156.0
Mumbai,2019-02-07,18.67,103.0
Mumbai,2019-02-08,52.26,132.0
Mumbai,2019-02-09,72.35,170.0
Mumbai,2019-02-10,86.52,180.0
Mumbai,2019-02-11,101.67,213.0
Mumbai,2019-02-12,94.74,225.0
Mumbai,2019-02-13,78.47,190.0
Mumbai,2019-02-14,49.64,139.0
Mumbai,2019-02-15,47.74,118.0
Mumbai,2019-02-16,52.57,125.0
Mumbai,2019-02-17,59.84,165.0
Mumbai,2019-02-18,54.99,155.0
Mumbai,2019-02-19,49.87,143.0
Mumbai,2019-02-20,64.73,166.0
Mumbai,2019-02-21,35.61,114.0
Mumbai,2019-02-22,38.3,105.0
Mumbai,2019-02-23,58.39,156.0
Mumbai,2019-02-24,31.67,140.0
Mumbai,2019-02-25,35.64,119.0
Mumbai,2019-02-26,27.8,118.0
Mumbai,2019-02-27,22.69,108.0
Mumbai,2019-02-28,49.14,106.0
Mumbai,2019-03-01,41.12,159.0
Mumbai,2019-03-02,49.77,184.0
Mumbai,2019-03-03,15.85,114.0
Mumbai,2019-03-04,16.82,95.0
Mumbai,2019-03-05,22.15,106.0
Mumbai,2019-03-06,23.44,113.0
Mumbai,2019-03-07,25.23,113.0
Mumbai,2019-03-08,29.13,122.0
Mumbai,2019-03-09,36.24,151.0
Mumbai,2019-03-10,30.19,142.0
Mumbai,2019-03-11,23.72,127.0
Mumbai,2019-03-12,21.02,109.0
Mumbai,2019-03-13,23.36,142.0
Mumbai,2019-03-14,21.54,104.0
Mumbai,2019-03-15,28.02,124.0
Mumbai,2019-03-16,39.49,153.0
Mumbai,2019-03-17,37.52,135.0
Mumbai,2019-03-18,40.68,137.0
Mumbai,2019-03-19,35.58,140.0
Mumbai,2019-03-20,27.08,108.0
Mumbai,2019-03-21,19.81,98.0
Mumbai,2019-03-22,18.03,81.0
Mumbai,2019-03-23,31.96,90.0
Mumbai,2019-03-24,49.58,149.0
Mumbai,2019-03-25,55.04,160.0
Mumbai,2019-03-26,40.69,147.0
Mumbai,2019-03-27,34.51,128.0
Mumbai,2019-03-28,32.94,111.0
Mumbai,2019-03-29,29.55,98.0
Mumbai,2019-03-30,24.24,101.0
Mumbai,2019-03-31,18.43,87.0
Mumbai,2019-04-01,19.8,90.0
Mumbai,2019-04-02,22.9,86.0
Mumbai,2019-04-03,27.35,138.0
Mumbai,2019-04-04,16.91,94.0
Mumbai,2019-04-05,19.09,94.0
Mumbai,2019-04-06,17.84,95.0
Mumbai,2019-04-07,18.74,98.0
Mumbai,2019-04-08,16.1,95.0
Mumbai,2019-04-09,16.87,93.0
Mumbai,2019-04-10,14.22,94.0
Mumbai,2019-04-11,17.17,92.0
Mumbai,2019-04-12,22.32,96.0
Mumbai,2019-04-13,33.1,109.0
Mumbai,2019-04-14,22.7,108.0
Mumbai,2019-04-15,20.7,102.0
Mumbai,2019-04-16,27.28,101.0
Mumbai,2019-04-17,13.15,93.0
Mumbai,2019-04-18,21.44,96.0
Mumbai,2019-04-19,21.5,99.0
Mumbai,2019-04-20,22.27,102.0
Mumbai,2019-04-21,21.17,100.0
Mumbai,2019-04-22,20.98,98.0
Mumbai,2019-04-23,18.09,97.0
Mumbai,2019-04-24,16.24,93.0
Mumbai,2019-04-25,17.48,90.0
Mumbai,2019-04-26,17.19,93.0
Mumbai,2019-04-27,26.23,100.0
Mumbai,2019-04-28,23.77,103.0
Mumbai,2019-04-29,22.63,97.0
Mumbai,2019-04-30,21.86,96.0
Mumbai,2019-05-01,19.09,90.0
Mumbai,2019-05-02,21.65,105.0
Mumbai,2019-05-03,17.93,97.0
Mumbai,2019-05-04,16.54,92.0
Mumbai,2019-05-05,14.8,91.0
Mumbai,2019-05-06,15.73,93.0
Mumbai,2019-05-07,13.48,95.0
Mumbai,2019-05-08,12.89,90.0
Mumbai,2019-05-09,10.95,91.0
Mumbai,2019-05-10,12.8,89.0
Mumbai,2019-05-11,12.96,93.0
Mumbai,2019-05-12,14.62,94.0
Mumbai,2019-05-13,18.73,92.0
Mumbai,2019-05-14,15.43,92.0
Mumbai,2019-05-15,15.19,80.0
Mumbai,2019-05-16,16.01,76.0
Mumbai,2019-05-17,15.25,79.0
Mumbai,2019-05-18,16.14,92.0
Mumbai,2019-05-19,12.37,83.0
Mumbai,2019-05-20,12.04,84.0
Mumbai,2019-05-21,14.62,92.0
Mumbai,2019-05-22,11.08,89.0
Mumbai,2019-05-23,25.61,93.0
Mumbai,2019-05-24,16.84,90.0
Mumbai,2019-05-25,14.03,75.0
Mumbai,2019-05-26,17.07,71.0
Mumbai,2019-05-27,18.11,86.0
Mumbai,2019-05-28,16.57,90.0
Mumbai,2019-05-29,14.93,91.0
Mumbai,2019-05-30,12.88,73.0
Mumbai,2019-05-31,13.92,76.0
Mumbai,2019-06-01,12.38,81.0
Mumbai,2019-06-02,12.49,81.0
Mumbai,2019-06-03,16.91,81.0
Mumbai,2019-06-04,14.51,66.0
Mumbai,2019-06-05,16.41,64.0
Mumbai,2019-06-06,12.41,65.0
Mumbai,2019-06-07,12.86,72.0
Mumbai,2019-06-08,14.42,77.0
Mumbai,2019-06-09,16.3,86.0
Mumbai,2019-06-10,18.41,87.0
Mumbai,2019-06-11,18.13,90.0
Mumbai,2019-06-12,15.48,71.0
Mumbai,2019-06-13,13.64,61.0
Mumbai,2019-06-14,15.87,69.0
Mumbai,2019-06-15,13.97,62.0
Mumbai,2019-06-16,11.64,58.0
Mumbai,2019-06-17,12.33,60.0
Mumbai,2019-06-18,14.3,65.0
Mumbai,2019-06-19,14.45,61.0
Mumbai,2019-06-20,15.98,80.0
Mumbai,2019-06-21,16.49,82.0
Mumbai,2019-06-22,19.33,84.0
Mumbai,2019-06-23,18.81,90.0
Mumbai,2019-06-24,20.36,92.0
Mumbai,2019-06-25,17.72,71.0
Mumbai,2019-06-26,15.04,63.0
Mumbai,2019-06-27,10.52,60.0
Mumbai,2019-06-28,7.2,59.0
Mumbai,2019-06-29,10.31,63.0
Mumbai,2019-06-30,11.91,59.0
Mumbai,2019-07-01,8.73,59.0
Mumbai,2019-07-02,9.86,61.0
Mumbai,2019-07-03,13.44,67.0
Mumbai,2019-07-04,16.28,68.0
Mumbai,2019-07-05,13.97,84.0
Mumbai,2019-07-06,10.48,57.0
Mumbai,2019-07-07,17.65,76.0
Mumbai,2019-07-08,9.78,84.0
Mumbai,2019-07-09,10.49,61.0
Mumbai,2019-07-10,8.69,59.0
Mumbai,2019-07-11,11.0,67.0
Mumbai,2019-07-12,11.6,72.0
Mumbai,2019-07-13,11.06,63.0
Mumbai,2019-07-14,9.18,65.0
Mumbai,2019-07-15,10.76,66.0
Mumbai,2019-07-16,11.46,66.0
Mumbai,2019-07-17,14.55,69.0
Mumbai,2019-07-18,14.07,70.0
Mumbai,2019-07-19,18.79,77.0
Mumbai,2019-07-20,18.67,78.0
Mumbai,2019-07-21,22.6,79.0
Mumbai,2019-07-22,11.58,64.0
Mumbai,2019-07-23,7.33,55.0
Mumbai,2019-07-24,7.93,51.0
Mumbai,2019-07-25,14.23,56.0
Mumbai,2019-07-26,11.83,59.0
Mumbai,2019-07-27,11.84,56.0
Mumbai,2019-07-28,14.16,61.0
Mumbai,2019-07-29,12.93,65.0
Mumbai,2019-07-30,10.37,58.0
Mumbai,2019-07-31,9.25,56.0
Mumbai,2019-08-01,9.44,58.0
Mumbai,2019-08-02,7.97,56.0
Mumbai,2019-08-03,8.06,49.0
Mumbai,2019-08-04,10.3,48.0
Mumbai,2019-08-05,11.9,56.0
Mumbai,2019-08-06,10.6,59.0
Mumbai,2019-08-07,12.73,60.0
Mumbai,2019-08-08,18.67,69.0
Mumbai,2019-08-09,18.48,74.0
Mumbai,2019-08-10,18.71,78.0
Mumbai,2019-08-11,15.56,72.0
Mumbai,2019-08-12,12.73,66.0
Mumbai,2019-08-13,13.07,66.0
Mumbai,2019-08-14,15.06,69.0
Mumbai,2019-08-15,11.75,70.0
Mumbai,2019-08-16,11.89,60.0
Mumbai,2019-08-17,13.3,67.0
Mumbai,2019-08-18,11.37,65.0
Mumbai,2019-08-19,11.44,67.0
Mumbai,2019-08-20,13.78,73.0
Mumbai,2019-08-21,15.77,68.0
Mumbai,2019-08-22,12.96,62.0
Mumbai,2019-08-23,16.01,64.0
Mumbai,2019-08-24,18.56,62.0
Mumbai,2019-08-25,12.37,66.0
Mumbai,2019-08-26,14.76,73.0
Mumbai,2019-08-27,13.53,64.0
Mumbai,2019-08-28,12.75,53.0
Mumbai,2019-08-29,13.24,57.0
Mumbai,2019-08-30,11.17,62.0
Mumbai,2019-08-31,11.53,62.0
Mumbai,2019-09-01,9.75,62.0
Mumbai,2019-09-02,12.12,67.0
Mumbai,2019-09-03,6.72,60.0
Mumbai,2019-09-04,7.68,54.0
Mumbai,2019-09-05,5.68,49.0
Mumbai,2019-09-06,7.6,47.0
Mumbai,2019-09-07,10.71,49.0
Mumbai,2019-09-08,8.69,51.0
Mumbai,2019-09-09,12.07,54.0
Mumbai,2019-09-10,13.89,54.0
Mumbai,2019-09-11,14.62,55.0
Mumbai,2019-09-12,10.93,55.0
Mumbai,2019-09-13,12.93,53.0
Mumbai,2019-09-14,13.24,60.0
Mumbai,2019-09-15,10.85,57.0
Mumbai,2019-09-16,11.95,65.0
Mumbai,2019-09-17,16.24,64.0
Mumbai,2019-09-18,17.95,80.0
Mumbai,2019-09-19,21.73,83.0
Mumbai,2019-09-20,14.94,73.0
Mumbai,2019-09-21,12.09,57.0
Mumbai,2019-09-22,15.09,56.0
Mumbai,2019-09-23,18.6,64.0
Mumbai,2019-09-24,15.04,67.0
Mumbai,2019-09-25,16.9,64.0
Mumbai,2019-09-26,17.28,70.0
Mumbai,2019-09-27,8.39,49.0
Mumbai,2019-09-28,8.32,40.0
Mumbai,2019-09-29,9.62,42.0
Mumbai,2019-09-30,8.33,41.0
Mumbai,2019-10-01,10.46,50.0
Mumbai,2019-10-02,16.15,64.0
Mumbai,2019-10-03,17.62,68.0
Mumbai,2019-10-04,24.77,72.0
Mumbai,2019-10-05,32.11,96.0
Mumbai,2019-10-06,35.13,99.0
Mumbai,2019-10-07,45.48,93.0
Mumbai,2019-10-08,54.08,112.0
Mumbai,2019-10-09,21.6,90.0
Mumbai,2019-10-10,39.03,89.0
Mumbai,2019-10-11,39.11,118.0
Mumbai,2019-10-12,49.37,110.0
Mumbai,2019-10-13,42.92,112.0
Mumbai,2019-10-14,55.33,117.0
Mumbai,2019-10-15,50.61,116.0
Mumbai,2019-10-16,49.19,121.0
Mumbai,2019-10-17,56.89,135.0
Mumbai,2019-10-18,62.55,135.0
Mumbai,2019-10-19,28.56,99.0
Mumbai,2019-10-20,15.09,86.0
Mumbai,2019-10-21,17.75,81.0
Mumbai,2019-10-22,17.92,76.0
Mumbai,2019-10-23,17.85,72.0
Mumbai,2019-10-24,30.71,87.0
Mumbai,2019-10-25,20.04,82.0
Mumbai,2019-10-26,25.58,69.0
Mumbai,2019-10-27,39.09,105.0
Mumbai,2019-10-28,53.5,92.0
Mumbai,2019-10-29,56.28,113.0
Mumbai,2019-10-30,40.81,97.0
Mumbai,2019-10-31,25.37,81.0
Mumbai,2019-11-01,16.55,77.0
Mumbai,2019-11-02,11.99,57.0
Mumbai,2019-11-03,20.09,71.0
Mumbai,2019-11-04,28.41,78.0
Mumbai,2019-11-05,36.96,79.0
Mumbai,2019-11-06,52.87,105.0
Mumbai,2019-11-07,19.26,84.0
Mumbai,2019-11-08,12.19,57.0
Mumbai,2019-11-09,27.12,82.0
Mumbai,2019-11-10,49.51,97.0
Mumbai,2019-11-11,57.72,108.0
Mumbai,2019-11-12,69.7,134.0
Mumbai,2019-11-13,64.9,140.0
Mumbai,2019-11-14,62.54,128.0
Mumbai,2019-11-15,69.75,131.0
Mumbai,2019-11-16,77.05,149.0
Mumbai,2019-11-17,70.89,149.0
Mumbai,2019-11-18,72.13,140.0
Mumbai,2019-11-19,90.92,184.0
Mumbai,2019-11-20,91.86,209.0
Mumbai,2019-11-21,92.37,209.0
Mumbai,2019-11-22,87.03,208.0
Mumbai,2019-11-23,82.21,184.0
Mumbai,2019-11-24,82.78,176.0
Mumbai,2019-11-25,89.06,190.0
Mumbai,2019-11-26,83.45,193.0
Mumbai,2019-11-27,73.81,173.0
Mumbai,2019-11-28,71.95,146.0
Mumbai,2019-11-29,81.38,163.0
Mumbai,2019-11-30,87.36,186.0
Mumbai,2019-12-01,94.89,212.0
Mumbai,2019-12-02,64.67,174.0
Mumbai,2019-12-03,39.87,115.0
Mumbai,2019-12-04,49.87,99.0
Mumbai,2019-12-05,65.29,111.0
Mumbai,2019-12-06,83.28,180.0
Mumbai,2019-12-07,70.54,154.0
Mumbai,2019-12-08,88.13,174.0
Mumbai,2019-12-09,82.73,205.0
Mumbai,2019-12-10,82.73,171.0
Mumbai,2019-12-11,95.77,198.0
Mumbai,2019-12-12,95.21,229.0
Mumbai,2019-12-13,72.43,203.0
Mumbai,2019-12-14,50.06,110.0
Mumbai,2019-12-15,69.63,128.0
Mumbai,2019-12-16,89.46,180.0
Mumbai,2019-12-17,80.42,191.0
Mumbai,2019-12-18,73.92,164.0
Mumbai,2019-12-19,75.17,164.0
Mumbai,2019-12-20,94.27,187.0
Mumbai,2019-12-21,94.04,212.0
Mumbai,2019-12-22,94.72,225.0
Mumbai,2019-12-23,94.33,214.0
Mumbai,2019-12-24,122.89,250.0
Mumbai,2019-12-25,134.32,283.0
Mumbai,2019-12-26,87.5,268.0
Mumbai,2019-12-27,88.03,184.0
Mumbai,2019-12-28,75.77,167.0
Mumbai,2019-12-29,75.81,160.0
Mumbai,2019-12-30,86.42,181.0
Mumbai,2019-12-31,65.76,159.0
Mumbai,2020-01-01,104.06,194.0
Mumbai,2020-01-02,107.87,260.0
Mumbai,2020-01-03,93.64,221.0
Mumbai,2020-01-04,94.05,225.0
Mumbai,2020-01-05,91.04,229.0
Mumbai,2020-01-06,70.2,157.0
Mumbai,2020-01-07,87.2,177.0
Mumbai,2020-01-08,64.97,166.0
Mumbai,2020-01-09,59.98,122.0
Mumbai,2020-01-10,65.06,127.0
Mumbai,2020-01-11,76.71,151.0
Mumbai,2020-01-12,98.12,211.0
Mumbai,2020-01-13,68.39,178.0
Mumbai,2020-01-14,36.33,100.0
Mumbai,2020-01-15,30.53,97.0
Mumbai,2020-01-16,34.16,90.0
Mumbai,2020-01-17,51.0,93.0
Mumbai,2020-01-18,87.28,160.0
Mumbai,2020-01-19,96.1,213.0
Mumbai,2020-01-20,89.26,205.0
Mumbai,2020-01-21,96.99,227.0
Mumbai,2020-01-22,78.69,192.0
Mumbai,2020-01-23,87.78,196.0
Mumbai,2020-01-24,73.57,172.0
Mumbai,2020-01-25,91.57,182.0
Mumbai,2020-01-26,103.35,253.0
Mumbai,2020-01-27,57.22,183.0
Mumbai,2020-01-28,25.47,94.0
Mumbai,2020-01-29,19.77,85.0
Mumbai,2020-01-30,52.66,123.0
Mumbai,2020-01-31,65.97,145.0
Mumbai,2020-02-01,72.14,154.0
Mumbai,2020-02-02,80.79,183.0
Mumbai,2020-02-03,83.47,192.0
Mumbai,2020-02-04,77.73,178.0
Mumbai,2020-02-05,60.91,151.0
Mumbai,2020-02-06,47.67,138.0
Mumbai,2020-02-07,49.35,129.0
Mumbai,2020-02-08,68.47,133.0
Mumbai,2020-02-09,68.29,142.0
Mumbai,2020-02-10,56.58,134.0
Mumbai,2020-02-11,60.95,130.0
Mumbai,2020-02-12,60.53,136.0
Mumbai,2020-02-13,67.91,144.0
Mumbai,2020-02-14,58.14,141.0
Mumbai,2020-02-15,53.27,141.0
Mumbai,2020-02-16,68.93,147.0
Mumbai,2020-02-17,102.48,234.0
Mumbai,2020-02-18,88.15,217.0
Mumbai,2020-02-19,92.5,224.0
Mumbai,2020-02-20,62.8,175.0
Mumbai,2020-02-21,39.37,110.0
Mumbai,2020-02-22,65.93,121.0
Mumbai,2020-02-23,77.63,185.0
Mumbai,2020-02-24,84.7,176.0
Mumbai,2020-02-25,48.01,170.0
Mumbai,2020-02-26,41.03,130.0
Mumbai,2020-02-27,51.74,136.0
Mumbai,2020-02-28,77.61,173.0
Mumbai,2020-02-29,74.98,193.0
Mumbai,2020-03-01,43.39,125.0
Mumbai,2020-03-02,52.18,123.0
Mumbai,2020-03-03,43.68,127.0
Mumbai,2020-03-04,36.73,118.0
Mumbai,2020-03-05,32.59,108.0
Mumbai,2020-03-06,20.15,102.0
Mumbai,2020-03-07,24.45,107.0
Mumbai,2020-03-08,27.0,122.0
Mumbai,2020-03-09,35.03,121.0
Mumbai,2020-03-10,40.47,128.0
Mumbai,2020-03-11,16.04,88.0
Mumbai,2020-03-12,18.59,80.0
Mumbai,2020-03-13,23.81,84.0
Mumbai,2020-03-14,30.33,117.0
Mumbai,2020-03-15,49.84,143.0
Mumbai,2020-03-16,57.99,154.0
Mumbai,2020-03-17,78.54,191.0
Mumbai,2020-03-18,52.03,167.0
Mumbai,2020-03-19,30.33,113.0
Mumbai,2020-03-20,21.08,91.0
Mumbai,2020-03-21,20.14,82.0
Mumbai,2020-03-22,16.75,67.0
Mumbai,2020-03-23,23.48,66.0
Mumbai,2020-03-24,35.58,86.0
Mumbai,2020-03-25,30.86,91.0
Mumbai,2020-03-26,27.82,71.0
Mumbai,2020-03-27,24.81,70.0
Mumbai,2020-03-28,28.14,78.0
Mumbai,2020-03-29,23.43,78.0
Mumbai,2020-03-30,23.57,77.0
Mumbai,2020-03-31,25.36,69.0
Mumbai,2020-04-01,20.08,63.0
Mumbai,2020-04-02,26.27,78.0
Mumbai,2020-04-03,24.33,85.0
Mumbai,2020-04-04,24.7,83.0
Mumbai,2020-04-05,27.36,78.0
Mumbai,2020-04-06,20.82,67.0
Mumbai,2020-04-07,24.1,62.0
Mumbai,2020-04-08,29.52,93.0
Mumbai,2020-04-09,28.3,95.0
Mumbai,2020-04-10,25.89,87.0
Mumbai,2020-04-11,29.54,81.0
Mumbai,2020-04-12,28.26,86.0
Mumbai,2020-04-13,25.58,79.0
Mumbai,2020-04-14,26.89,87.0
Mumbai,2020-04-15,26.61,85.0
Mumbai,2020-04-16,20.55,75.0
Mumbai,2020-04-17,20.54,73.0
Mumbai,2020-04-18,18.48,70.0
Mumbai,2020-04-19,19.99,74.0
Mumbai,2020-04-20,25.7,82.0
Mumbai,2020-04-21,18.64,76.0
Mumbai,2020-04-22,18.03,61.0
Mumbai,2020-04-23,19.8,67.0
Mumbai,2020-04-24,20.82,58.0
Mumbai,2020-04-25,16.78,57.0
Mumbai,2020-04-26,19.05,63.0
Mumbai,2020-04-27,17.23,60.0
Mumbai,2020-04-28,19.82,60.0
Mumbai,2020-04-29,21.01,77.0
Mumbai,2020-04-30,20.8,68.0
Mumbai,2020-05-01,15.53,61.0
Mumbai,2020-05-02,13.15,53.0
Mumbai,2020-05-03,12.02,53.0
Mumbai,2020-05-04,11.51,47.0
Mumbai,2020-05-05,11.2,51.0
Mumbai,2020-05-06,12.09,61.0
Mumbai,2020-05-07,14.3,65.0
Mumbai,2020-05-08,15.26,69.0
Mumbai,2020-05-09,14.21,67.0
Mumbai,2020-05-10,13.08,70.0
Mumbai,2020-05-11,16.85,75.0
Mumbai,2020-05-12,13.72,81.0
Mumbai,2020-05-13,14.67,74.0
Mumbai,2020-05-14,15.23,65.0
Mumbai,2020-05-15,17.67,70.0
Mumbai,2020-05-16,30.44,79.0
Mumbai,2020-05-17,29.74,119.0
Mumbai,2020-05-18,21.3,86.0
Mumbai,2020-05-19,15.36,74.0
Mumbai,2020-05-20,14.14,66.0
Mumbai,2020-05-21,16.44,57.0
Mumbai,2020-05-22,14.78,51.0
Mumbai,2020-05-23,15.18,55.0
Mumbai,2020-05-24,12.33,55.0
Mumbai,2020-05-25,11.81,54.0
Mumbai,2020-05-26,12.64,57.0
Mumbai,2020-05-27,11.7,59.0
Mumbai,2020-05-28,12.21,56.0
Mumbai,2020-05-29,7.33,50.0
Mumbai,2020-05-30,10.08,49.0
Mumbai,2020-05-31,8.99,53.0
Mumbai,2020-06-01,17.27,48.0
Mumbai,2020-06-02,21.94,52.0
Mumbai,2020-06-03,8.38,50.0
Mumbai,2020-06-04,20.53,48.0
Mumbai,2020-06-05,11.26,66.0
Mumbai,2020-06-06,9.38,46.0
Mumbai,2020-06-07,10.85,49.0
Mumbai,2020-06-08,8.92,50.0
Mumbai,2020-06-09,8.93,47.0
Mumbai,2020-06-10,10.43,48.0
Mumbai,2020-06-11,9.0,48.0
Mumbai,2020-06-12,10.46,52.0
Mumbai,2020-06-13,10.36,54.0
Mumbai,2020-06-14,9.87,51.0
Mumbai,2020-06-15,10.58,49.0
Mumbai,2020-06-16,9.59,54.0
Mumbai,2020-06-17,6.62,46.0
Mumbai,2020-06-18,7.46,50.0
Mumbai,2020-06-19,14.69,58.0
Mumbai,2020-06-20,11.97,61.0
Mumbai,2020-06-21,9.27,55.0
Mumbai,2020-06-22,12.61,51.0
Mumbai,2020-06-23,9.56,59.0
Mumbai,2020-06-24,8.73,55.0
Mumbai,2020-06-25,11.84,59.0
Mumbai,2020-06-26,13.82,57.0
Mumbai,2020-06-27,18.04,64.0
Mumbai,2020-06-28,12.33,64.0
Mumbai,2020-06-29,7.88,54.0
Mumbai,2020-06-30,4.66,54.0
Mumbai,2020-07-01,3.84,53.0
Chennai,2015-03-24,149.04,333.0
Chennai,2015-03-26,140.21,318.0
Chennai,2015-03-27,266.29,408.0
Chennai,2015-03-28,88.65,448.0
Chennai,2015-03-31,51.69,312.0
Chennai,2015-04-01,103.75,289.0
Chennai,2015-04-02,106.27,206.0
Chennai,2015-04-03,42.82,248.0
Chennai,2015-04-05,85.86,302.0
Chennai,2015-04-06,83.19,193.0
Chennai,2015-04-07,48.35,151.0
Chennai,2015-04-08,73.66,137.0
Chennai,2015-04-09,66.72,208.0
Chennai,2015-04-10,80.79,172.0
Chennai,2015-04-11,75.59,149.0
Chennai,2015-04-12,75.82,157.0
Chennai,2015-04-13,80.23,242.0
Chennai,2015-04-14,87.48,205.0
Chennai,2015-04-15,72.65,245.0
Chennai,2015-04-16,90.72,244.0
Chennai,2015-04-17,73.28,152.0
Chennai,2015-04-18,73.33,152.0
Chennai,2015-04-19,71.17,148.0
Chennai,2015-04-20,78.58,149.0
Chennai,2015-04-21,74.55,158.0
Chennai,2015-04-22,73.8,145.0
Chennai,2015-04-23,69.28,142.0
Chennai,2015-04-24,70.45,180.0
Chennai,2015-04-25,60.15,130.0
Chennai,2015-04-26,57.57,102.0
Chennai,2015-04-27,67.8,113.0
Chennai,2015-04-28,70.85,136.0
Chennai,2015-04-29,63.16,130.0
Chennai,2015-04-30,55.47,115.0
Chennai,2015-05-01,51.62,108.0
Chennai,2015-05-02,85.26,139.0
Chennai,2015-05-03,44.26,140.0
Chennai,2015-05-04,28.97,100.0
Chennai,2015-05-05,35.16,107.0
Chennai,2015-05-06,44.1,124.0
Chennai,2015-05-07,57.31,130.0
Chennai,2015-05-08,54.28,201.0
Chennai,2015-05-09,60.64,126.0
Chennai,2015-05-10,53.69,153.0
Chennai,2015-05-11,49.2,176.0
Chennai,2015-05-12,82.63,146.0
Chennai,2015-05-13,100.77,208.0
Chennai,2015-05-14,120.24,285.0
Chennai,2015-05-15,70.64,178.0
Chennai,2015-05-16,91.69,209.0
Chennai,2015-05-17,79.98,201.0
Chennai,2015-05-18,87.7,196.0
Chennai,2015-05-19,83.47,156.0
Chennai,2015-05-20,97.96,135.0
Chennai,2015-05-21,97.74,197.0
Chennai,2015-05-22,85.55,200.0
Chennai,2015-05-23,90.87,166.0
Chennai,2015-05-24,78.25,148.0
Chennai,2015-05-25,125.51,177.0
Chennai,2015-05-26,113.78,235.0
Chennai,2015-05-27,119.68,277.0
Chennai,2015-05-28,105.59,221.0
Chennai,2015-05-29,100.5,204.0
Chennai,2015-05-30,102.97,206.0
Chennai,2015-05-31,127.46,211.0
Chennai,2015-06-01,129.49,216.0
Chennai,2015-06-02,100.13,220.0
Chennai,2015-06-03,108.88,203.0
Chennai,2015-06-04,111.48,207.0
Chennai,2015-06-05,73.81,200.0
Chennai,2015-06-06,60.15,125.0
Chennai,2015-06-07,61.59,150.0
Chennai,2015-06-08,64.94,119.0
Chennai,2015-06-09,61.26,121.0
Chennai,2015-06-10,58.49,144.0
Chennai,2015-06-11,58.84,117.0
Chennai,2015-06-12,60.75,121.0
Chennai,2015-06-13,58.12,118.0
Chennai,2015-06-14,58.33,117.0
Chennai,2015-06-15,59.87,165.0
Chennai,2015-06-16,49.91,118.0
Chennai,2015-06-17,53.53,120.0
Chennai,2015-06-18,45.43,114.0
Chennai,2015-06-19,54.86,155.0
Chennai,2015-06-20,56.25,158.0
Chennai,2015-06-21,57.87,118.0
Chennai,2015-06-22,72.61,152.0
Chennai,2015-06-23,68.28,181.0
Chennai,2015-06-24,58.07,167.0
Chennai,2015-06-25,67.93,158.0
Chennai,2015-06-26,69.03,147.0
Chennai,2015-06-27,76.57,149.0
Chennai,2015-06-28,77.2,157.0
Chennai,2015-06-29,76.18,157.0
Chennai,2015-06-30,77.16,172.0
Chennai,2015-07-01,83.72,201.0
Chennai,2015-07-02,68.41,169.0
Chennai,2015-07-03,73.86,186.0
Chennai,2015-07-04,70.58,290.0
Chennai,2015-07-05,70.61,193.0
Chennai,2015-07-06,71.19,164.0
Chennai,2015-07-07,69.56,187.0
Chennai,2015-07-08,68.72,160.0
Chennai,2015-07-09,67.95,207.0
Chennai,2015-07-10,59.59,169.0
Chennai,2015-07-11,62.54,208.0
Chennai,2015-07-12,61.7,230.0
Chennai,2015-07-13,65.54,146.0
Chennai,2015-07-14,53.35,188.0
Chennai,2015-07-15,59.2,191.0
Chennai,2015-07-16,57.02,189.0
Chennai,2015-07-17,53.75,154.0
Chennai,2015-07-18,48.36,190.0
Chennai,2015-07-19,40.7,104.0
Chennai,2015-07-20,36.72,132.0
Chennai,2015-07-21,42.94,100.0
Chennai,2015-07-22,47.23,126.0
Chennai,2015-07-23,81.77,141.0
Chennai,2015-07-24,83.64,210.0
Chennai,2015-07-25,53.69,102.0
Chennai,2015-07-26,47.88,92.0
Chennai,2015-07-27,57.59,123.0
Chennai,2015-07-28,51.55,143.0
Chennai,2015-07-29,50.58,144.0
Chennai,2015-07-30,49.89,141.0
Chennai,2015-07-31,56.67,106.0
Chennai,2015-08-01,85.39,195.0
Chennai,2015-08-02,70.17,194.0
Chennai,2015-08-03,49.45,98.0
Chennai,2015-08-04,64.89,120.0
Chennai,2015-08-05,59.69,112.0
Chennai,2015-08-06,49.27,189.0
Chennai,2015-08-07,56.12,100.0
Chennai,2015-08-08,63.11,145.0
Chennai,2015-08-09,55.12,123.0
Chennai,2015-08-10,54.41,96.0
Chennai,2015-08-11,61.65,96.0
Chennai,2015-08-12,53.49,106.0
Chennai,2015-08-13,58.42,102.0
Chennai,2015-08-14,57.52,121.0
Chennai,2015-08-15,51.29,96.0
Chennai,2015-08-16,58.79,111.0
Chennai,2015-08-17,63.39,129.0
Chennai,2015-08-18,66.98,106.0
Chennai,2015-08-19,69.54,123.0
Chennai,2015-08-20,64.9,176.0
Chennai,2015-08-21,43.12,91.0
Chennai,2015-08-22,39.93,165.0
Chennai,2015-08-23,33.26,108.0
Chennai,2015-08-24,40.27,119.0
Chennai,2015-08-25,46.96,98.0
Chennai,2015-08-26,39.91,100.0
Chennai,2015-08-27,39.65,127.0
Chennai,2015-08-28,45.16,100.0
Chennai,2015-08-29,43.58,146.0
Chennai,2015-08-30,37.62,112.0
Chennai,2015-08-31,41.0,97.0
Chennai,2015-09-01,32.37,88.0
Chennai,2015-09-02,24.27,163.0
Chennai,2015-09-03,26.54,99.0
Chennai,2015-09-04,26.96,106.0
Chennai,2015-09-05,25.83,83.0
Chennai,2015-09-06,26.47,82.0
Chennai,2015-09-07,27.97,107.0
Chennai,2015-09-08,27.86,86.0
Chennai,2015-09-09,26.89,88.0
Chennai,2015-09-10,28.78,148.0
Chennai,2015-09-11,31.49,79.0
Chennai,2015-09-12,32.09,82.0
Chennai,2015-09-13,29.23,79.0
Chennai,2015-09-14,30.94,128.0
Chennai,2015-09-15,29.62,77.0
Chennai,2015-09-16,29.73,74.0
Chennai,2015-09-17,30.34,70.0
Chennai,2015-09-18,31.63,116.0
Chennai,2015-09-19,35.42,77.0
Chennai,2015-09-20,27.32,197.0
Chennai,2015-09-21,27.69,214.0
Chennai,2015-09-22,39.77,121.0
Chennai,2015-09-23,31.65,84.0
Chennai,2015-09-24,39.97,131.0
Chennai,2015-09-25,41.94,153.0
Chennai,2015-09-26,65.79,171.0
Chennai,2015-09-27,86.4,165.0
Chennai,2015-09-28,61.69,176.0
Chennai,2015-09-29,44.26,224.0
Chennai,2015-09-30,42.71,154.0
Chennai,2015-10-01,46.97,188.0
Chennai,2015-10-02,42.17,135.0
Chennai,2015-10-03,47.0,84.0
Chennai,2015-10-04,49.45,107.0
Chennai,2015-10-05,46.7,89.0
Chennai,2015-10-06,33.87,136.0
Chennai,2015-10-07,33.0,94.0
Chennai,2015-10-08,36.3,82.0
Chennai,2015-10-09,36.51,86.0
Chennai,2015-10-10,37.71,107.0
Chennai,2015-10-11,35.73,165.0
Chennai,2015-10-12,36.27,150.0
Chennai,2015-10-13,122.16,203.0
Chennai,2015-10-14,90.73,263.0
Chennai,2015-10-15,63.96,196.0
Chennai,2015-10-16,48.79,156.0
Chennai,2015-10-17,34.96,147.0
Chennai,2015-10-18,37.55,109.0
Chennai,2015-10-19,31.54,121.0
Chennai,2015-10-20,37.74,83.0
Chennai,2015-10-21,41.27,241.0
Chennai,2015-10-22,47.68,133.0
Chennai,2015-10-23,81.26,238.0
Chennai,2015-10-24,44.79,175.0
Chennai,2015-10-25,50.98,136.0
Chennai,2015-10-26,46.79,130.0
Chennai,2015-10-27,54.0,128.0
Chennai,2015-10-28,52.65,136.0
Chennai,2015-10-29,55.75,125.0
Chennai,2015-10-30,52.29,113.0
Chennai,2015-10-31,41.39,195.0
Chennai,2015-11-01,44.08,174.0
Chennai,2015-11-02,41.44,142.0
Chennai,2015-11-03,41.96,122.0
Chennai,2015-11-04,41.8,135.0
Chennai,2015-11-05,43.18,128.0
Chennai,2015-11-06,44.74,204.0
Chennai,2015-11-07,53.31,132.0
Chennai,2015-11-08,38.73,154.0
Chennai,2015-11-09,23.46,119.0
Chennai,2015-11-10,76.42,117.0
Chennai,2015-11-11,53.36,183.0
Chennai,2015-11-12,44.5,100.0
Chennai,2015-11-13,51.11,106.0
Chennai,2015-11-14,55.76,132.0
Chennai,2015-11-15,49.55,122.0
Chennai,2015-11-16,31.49,105.0
Chennai,2015-11-17,30.89,133.0
Chennai,2015-11-18,36.51,98.0
Chennai,2015-11-19,30.69,98.0
Chennai,2015-11-20,28.66,89.0
Chennai,2015-11-21,33.37,87.0
Chennai,2015-11-22,29.11,126.0
Chennai,2015-11-23,27.08,90.0
Chennai,2015-11-24,25.63,93.0
Chennai,2015-11-25,35.35,96.0
Chennai,2015-11-26,36.82,107.0
Chennai,2015-11-27,36.96,103.0
Chennai,2015-11-28,44.41,112.0
Chennai,2015-11-29,29.55,113.0
Chennai,2015-11-30,31.97,99.0
Chennai,2015-12-01,28.82,103.0
Chennai,2015-12-02,32.64,161.0
Chennai,2015-12-03,52.16,85.0
Chennai,2015-12-04,50.15,80.0
Chennai,2015-12-08,48.08,107.0
Chennai,2015-12-09,40.81,121.0
Chennai,2015-12-10,40.96,100.0
Chennai,2015-12-11,46.17,108.0
Chennai,2015-12-12,78.83,97.0
Chennai,2015-12-13,138.07,130.0
Chennai,2015-12-14,54.85,113.0
Chennai,2015-12-15,42.45,106.0
Chennai,2015-12-16,46.16,102.0
Chennai,2015-12-17,48.64,129.0
Chennai,2015-12-18,44.78,130.0
Chennai,2015-12-19,39.11,114.0
Chennai,2015-12-20,42.67,117.0
Chennai,2015-12-21,65.01,103.0
Chennai,2015-12-22,56.1,150.0
Chennai,2015-12-23,50.32,104.0
Chennai,2015-12-24,63.0,106.0
Chennai,2015-12-25,59.47,108.0
Chennai,2015-12-26,71.81,111.0
Chennai,2015-12-27,81.74,165.0
Chennai,2015-12-28,62.63,211.0
Chennai,2015-12-29,65.1,241.0
Chennai,2015-12-30,57.23,114.0
Chennai,2015-12-31,52.27,100.0
Chennai,2016-01-01,65.97,125.0
Chennai,2016-01-02,41.3,123.0
Chennai,2016-01-03,36.81,106.0
Chennai,2016-01-04,44.87,63.0
Chennai,2016-01-05,63.67,132.0
Chennai,2016-01-06,67.49,136.0
Chennai,2016-01-07,52.94,184.0
Chennai,2016-01-08,69.88,120.0
Chennai,2016-01-09,66.89,162.0
Chennai,2016-01-10,62.27,119.0
Chennai,2016-01-11,51.56,113.0
Chennai,2016-01-12,58.27,119.0
Chennai,2016-01-13,63.13,129.0
Chennai,2016-01-14,80.23,220.0
Chennai,2016-01-15,39.74,139.0
Chennai,2016-01-16,49.21,130.0
Chennai,2016-01-17,55.73,121.0
Chennai,2016-01-18,58.28,114.0
Chennai,2016-01-19,56.47,115.0
Chennai,2016-01-20,60.04,200.0
Chennai,2016-01-21,55.45,167.0
Chennai,2016-01-22,65.26,172.0
Chennai,2016-01-23,53.07,117.0
Chennai,2016-01-24,51.32,198.0
Chennai,2016-01-25,46.84,153.0
Chennai,2016-01-26,46.29,142.0
Chennai,2016-01-27,42.49,144.0
Chennai,2016-01-28,47.11,145.0
Chennai,2016-01-29,50.13,149.0
Chennai,2016-01-30,53.58,186.0
Chennai,2016-01-31,76.91,216.0
Chennai,2016-02-01,107.65,220.0
Chennai,2016-02-02,69.9,209.0
Chennai,2016-02-03,112.72,251.0
Chennai,2016-02-04,81.79,191.0
Chennai,2016-02-05,127.03,203.0
Chennai,2016-02-06,70.57,183.0
Chennai,2016-02-07,79.55,162.0
Chennai,2016-02-08,76.36,154.0
Chennai,2016-02-09,92.83,181.0
Chennai,2016-02-10,98.75,223.0
Chennai,2016-02-11,82.03,193.0
Chennai,2016-02-12,85.64,157.0
Chennai,2016-02-13,76.72,173.0
Chennai,2016-02-14,57.58,133.0
Chennai,2016-02-15,65.38,109.0
Chennai,2016-02-16,80.38,160.0
Chennai,2016-02-17,68.45,145.0
Chennai,2016-02-18,73.22,134.0
Chennai,2016-02-19,79.01,170.0
Chennai,2016-02-20,83.44,179.0
Chennai,2016-02-21,62.16,156.0
Chennai,2016-02-22,41.54,130.0
Chennai,2016-02-23,67.25,106.0
Chennai,2016-02-24,44.41,96.0
Chennai,2016-02-25,47.25,99.0
Chennai,2016-02-26,35.75,80.0
Chennai,2016-02-27,51.79,88.0
Chennai,2016-02-28,32.96,108.0
Chennai,2016-02-29,52.25,114.0
Chennai,2016-03-01,90.02,153.0
Chennai,2016-03-02,69.55,196.0
Chennai,2016-03-03,47.78,132.0
Chennai,2016-03-04,67.25,117.0
Chennai,2016-03-05,62.62,143.0
Chennai,2016-03-06,62.87,142.0
Chennai,2016-03-07,56.24,135.0
Chennai,2016-03-08,60.92,120.0
Chennai,2016-03-09,81.03,158.0
Chennai,2016-03-10,80.44,186.0
Chennai,2016-03-11,66.08,155.0
Chennai,2016-03-12,65.08,136.0
Chennai,2016-03-13,57.73,131.0
Chennai,2016-03-14,74.65,135.0
Chennai,2016-03-15,76.68,193.0
Chennai,2016-03-16,81.93,188.0
Chennai,2016-03-17,86.31,187.0
Chennai,2016-03-18,87.07,214.0
Chennai,2016-03-19,100.61,216.0
Chennai,2016-03-20,98.47,221.0
Chennai,2016-03-21,123.36,251.0
Chennai,2016-03-22,69.38,179.0
Chennai,2016-03-23,68.25,143.0
Chennai,2016-03-24,64.05,132.0
Chennai,2016-03-25,59.46,123.0
Chennai,2016-03-26,64.1,125.0
Chennai,2016-03-27,63.03,134.0
Chennai,2016-03-28,46.09,121.0
Chennai,2016-03-29,51.43,114.0
Chennai,2016-03-30,53.32,114.0
Chennai,2016-03-31,55.51,113.0
Chennai,2016-04-01,64.92,128.0
Chennai,2016-04-02,65.84,216.0
Chennai,2016-04-03,63.65,132.0
Chennai,2016-04-04,67.33,137.0
Chennai,2016-04-05,68.04,140.0
Chennai,2016-04-06,70.13,151.0
Chennai,2016-04-07,64.37,144.0
Chennai,2016-04-08,56.54,128.0
Chennai,2016-04-09,54.83,117.0
Chennai,2016-04-10,61.1,132.0
Chennai,2016-04-11,61.34,141.0
Chennai,2016-04-12,56.23,125.0
Chennai,2016-04-13,59.15,130.0
Chennai,2016-04-14,55.65,129.0
Chennai,2016-04-15,54.15,122.0
Chennai,2016-04-16,56.37,122.0
Chennai,2016-04-17,54.71,123.0
Chennai,2016-04-18,55.5,113.0
Chennai,2016-04-19,56.62,127.0
Chennai,2016-04-20,60.73,134.0
Chennai,2016-04-21,51.55,123.0
Chennai,2016-04-22,51.96,129.0
Chennai,2016-04-23,60.21,133.0
Chennai,2016-04-24,65.26,134.0
Chennai,2016-04-25,61.78,130.0
Chennai,2016-04-26,57.7,122.0
Chennai,2016-04-27,56.99,120.0
Chennai,2016-04-28,51.73,120.0
Chennai,2016-04-29,48.7,124.0
Chennai,2016-04-30,65.21,169.0
Chennai,2016-05-01,89.6,212.0
Chennai,2016-05-02,58.58,147.0
Chennai,2016-05-03,54.16,123.0
Chennai,2016-05-04,55.79,127.0
Chennai,2016-05-05,57.2,125.0
Chennai,2016-05-06,64.95,129.0
Chennai,2016-05-07,56.02,139.0
Chennai,2016-05-08,53.3,123.0
Chennai,2016-05-09,52.04,122.0
Chennai,2016-05-10,61.37,135.0
Chennai,2016-05-11,59.24,136.0
Chennai,2016-05-12,58.43,144.0
Chennai,2016-05-13,68.42,161.0
Chennai,2016-05-14,62.47,166.0
Chennai,2016-05-15,55.77,183.0
Chennai,2016-05-16,58.8,136.0
Chennai,2016-05-17,81.06,171.0
Chennai,2016-05-18,65.17,164.0
Chennai,2016-05-19,48.59,113.0
Chennai,2016-05-20,45.05,91.0
Chennai,2016-05-21,51.6,94.0
Chennai,2016-05-22,51.67,95.0
Chennai,2016-05-23,51.11,93.0
Chennai,2016-05-24,50.24,91.0
Chennai,2016-05-25,45.89,102.0
Chennai,2016-05-26,48.61,112.0
Chennai,2016-05-27,51.67,117.0
Chennai,2016-05-28,50.64,115.0
Chennai,2016-05-29,44.88,124.0
Chennai,2016-05-30,43.41,97.0
Chennai,2016-05-31,57.32,120.0
Chennai,2016-06-01,43.52,122.0
Chennai,2016-06-02,41.29,122.0
Chennai,2016-06-03,50.15,88.0
Chennai,2016-06-15,32.64,92.0
Chennai,2016-06-16,44.73,94.0
Chennai,2016-06-17,41.29,102.0
Chennai,2016-06-18,45.76,100.0
Chennai,2016-06-19,43.38,100.0
Chennai,2016-06-20,38.93,89.0
Chennai,2016-06-21,42.3,89.0
Chennai,2016-06-22,32.8,83.0
Chennai,2016-06-23,40.78,70.0
Chennai,2016-06-24,50.94,71.0
Chennai,2016-06-25,50.15,117.0
Chennai,2016-06-28,60.36,86.0
Chennai,2016-06-29,42.8,100.0
Chennai,2016-06-30,109.5,88.0
Chennai,2016-07-01,45.6,161.0
Chennai,2016-07-02,47.91,81.0
Chennai,2016-07-03,30.43,81.0
Chennai,2016-07-04,96.65,86.0
Chennai,2016-07-05,196.81,271.0
Chennai,2016-07-06,29.09,162.0
Chennai,2016-07-07,29.34,91.0
Chennai,2016-07-08,57.26,104.0
Chennai,2016-07-09,28.3,103.0
Chennai,2016-07-10,35.38,74.0
Chennai,2016-07-11,22.97,129.0
Chennai,2016-07-12,23.24,58.0
Chennai,2016-07-13,24.87,69.0
Chennai,2016-07-14,18.67,66.0
Chennai,2016-07-15,26.6,70.0
Chennai,2016-07-16,34.33,69.0
Chennai,2016-07-17,35.16,70.0
Chennai,2016-07-18,31.69,71.0
Chennai,2016-07-19,32.43,125.0
Chennai,2016-07-20,33.09,87.0
Chennai,2016-07-21,27.02,59.0
Chennai,2016-07-23,29.69,62.0
Chennai,2016-07-24,59.34,54.0
Chennai,2016-07-25,30.71,103.0
Chennai,2016-07-26,23.58,73.0
Chennai,2016-07-27,24.43,78.0
Chennai,2016-07-28,42.82,87.0
Chennai,2016-07-29,28.51,81.0
Chennai,2016-07-30,34.01,82.0
Chennai,2016-07-31,32.41,84.0
Chennai,2016-08-01,32.88,75.0
Chennai,2016-08-02,34.8,78.0
Chennai,2016-08-03,40.39,151.0
Chennai,2016-08-04,32.44,100.0
Chennai,2016-08-05,30.54,131.0
Chennai,2016-08-06,32.54,68.0
Chennai,2016-08-07,37.71,70.0
Chennai,2016-08-08,40.69,89.0
Chennai,2016-08-09,40.85,174.0
Chennai,2016-08-10,35.23,178.0
Chennai,2016-08-11,33.51,155.0
Chennai,2016-08-12,29.11,55.0
Chennai,2016-08-13,30.94,169.0
Chennai,2016-08-14,29.48,124.0
Chennai,2016-08-15,25.42,256.0
Chennai,2016-08-16,35.09,126.0
Chennai,2016-08-17,34.2,125.0
Chennai,2016-08-18,55.88,111.0
Chennai,2016-08-19,39.96,129.0
Chennai,2016-08-20,36.33,83.0
Chennai,2016-08-21,26.4,199.0
Chennai,2016-08-22,40.36,74.0
Chennai,2016-08-23,40.21,139.0
Chennai,2016-08-24,37.07,167.0
Chennai,2016-08-25,26.7,142.0
Chennai,2016-08-26,38.63,90.0
Chennai,2016-08-27,32.14,188.0
Chennai,2016-08-28,33.02,126.0
Chennai,2016-08-29,38.11,172.0
Chennai,2016-08-30,37.79,244.0
Chennai,2016-08-31,28.6,189.0
Chennai,2016-09-01,30.82,160.0
Chennai,2016-09-02,42.16,215.0
Chennai,2016-09-03,36.8,126.0
Chennai,2016-09-04,31.97,227.0
Chennai,2016-09-05,23.6,172.0
Chennai,2016-09-06,38.5,266.0
Chennai,2016-09-07,36.26,257.0
Chennai,2016-09-08,42.37,141.0
Chennai,2016-09-09,38.87,228.0
Chennai,2016-09-10,43.96,171.0
Chennai,2016-09-11,36.26,73.0
Chennai,2016-09-12,41.33,120.0
Chennai,2016-09-13,44.76,77.0
Chennai,2016-09-14,33.01,92.0
Chennai,2016-09-15,26.79,228.0
Chennai,2016-09-16,24.54,224.0
Chennai,2016-09-17,34.16,260.0
Chennai,2016-09-18,26.59,240.0
Chennai,2016-09-19,23.76,372.0
Chennai,2016-09-20,22.2,437.0
Chennai,2016-09-21,16.18,449.0
Chennai,2016-09-22,12.79,434.0
Chennai,2016-09-23,18.98,118.0
Chennai,2016-09-24,18.35,30.0
Chennai,2016-09-25,24.87,54.0
Chennai,2016-09-26,33.32,94.0
Chennai,2016-09-27,31.93,66.0
Chennai,2016-09-28,45.71,70.0
Chennai,2016-09-29,40.61,77.0
Chennai,2016-09-30,38.14,70.0
Chennai,2016-10-01,35.96,94.0
Chennai,2016-10-02,50.15,136.0
Chennai,2016-10-04,34.06,73.0
Chennai,2016-10-05,29.14,78.0
Chennai,2016-10-06,60.14,85.0
Chennai,2016-10-07,51.01,118.0
Chennai,2016-10-08,36.09,73.0
Chennai,2016-10-09,38.46,66.0
Chennai,2016-10-10,44.91,79.0
Chennai,2016-10-11,32.16,66.0
Chennai,2016-10-12,45.11,75.0
Chennai,2016-10-13,81.45,131.0
Chennai,2016-10-14,60.89,180.0
Chennai,2016-10-15,62.96,124.0
Chennai,2016-10-16,60.19,125.0
Chennai,2016-10-17,66.69,197.0
Chennai,2016-10-18,78.52,167.0
Chennai,2016-10-19,63.07,187.0
Chennai,2016-10-20,80.58,130.0
Chennai,2016-10-21,73.75,170.0
Chennai,2016-10-22,80.18,183.0
Chennai,2016-10-23,87.04,208.0
Chennai,2016-10-24,81.0,200.0
Chennai,2016-10-25,85.73,187.0
Chennai,2016-10-26,92.64,202.0
Chennai,2016-10-27,98.0,215.0
Chennai,2016-10-28,132.38,370.0
Chennai,2016-10-29,114.08,298.0
Chennai,2016-10-30,67.86,168.0
Chennai,2016-10-31,49.57,130.0
Chennai,2016-11-01,52.28,87.0
Chennai,2016-11-02,47.86,80.0
Chennai,2016-11-03,35.54,75.0
Chennai,2016-11-04,57.22,87.0
Chennai,2016-11-05,66.29,110.0
Chennai,2016-11-06,80.11,177.0
Chennai,2016-11-07,71.86,133.0
Chennai,2016-11-08,80.49,166.0
Chennai,2016-11-09,83.26,160.0
Chennai,2016-11-10,71.16,165.0
Chennai,2016-11-11,76.21,148.0
Chennai,2016-11-12,82.67,164.0
Chennai,2016-11-13,42.54,117.0
Chennai,2016-11-14,29.08,57.0
Chennai,2016-11-15,34.55,49.0
Chennai,2016-11-16,55.67,81.0
Chennai,2016-11-17,66.57,113.0
Chennai,2016-11-18,62.58,109.0
Chennai,2016-11-19,71.55,135.0
Chennai,2016-11-20,58.21,113.0
Chennai,2016-11-21,63.87,110.0
Chennai,2016-11-22,83.29,132.0
Chennai,2016-11-23,88.08,200.0
Chennai,2016-11-24,91.49,199.0
Chennai,2016-11-25,93.71,224.0
Chennai,2016-11-26,82.55,195.0
Chennai,2016-11-27,101.77,216.0
Chennai,2016-11-28,92.41,216.0
Chennai,2016-11-29,91.15,210.0
Chennai,2016-11-30,94.8,200.0
Chennai,2016-12-01,74.73,188.0
Chennai,2016-12-02,43.52,97.0
Chennai,2016-12-03,27.93,69.0
Chennai,2016-12-04,45.98,81.0
Chennai,2016-12-05,45.48,68.0
Chennai,2016-12-06,54.12,101.0
Chennai,2016-12-07,48.91,78.0
Chennai,2016-12-08,59.74,94.0
Chennai,2016-12-09,80.55,134.0
Chennai,2016-12-10,84.69,182.0
Chennai,2016-12-11,77.14,175.0
Chennai,2016-12-12,51.17,107.0
Chennai,2016-12-13,50.15,86.0
Chennai,2016-12-31,84.04,174.0
Chennai,2017-01-01,44.56,118.0
Chennai,2017-01-02,40.9,64.0
Chennai,2017-01-03,42.31,74.0
Chennai,2017-01-04,41.5,68.0
Chennai,2017-01-05,72.86,104.0
Chennai,2017-01-06,82.48,171.0
Chennai,2017-01-07,58.09,135.0
Chennai,2017-01-08,50.17,110.0
Chennai,2017-01-09,44.1,105.0
Chennai,2017-01-10,293.43,332.0
Chennai,2017-01-11,55.2,244.0
Chennai,2017-01-12,169.75,246.0
Chennai,2017-01-13,144.02,360.0
Chennai,2017-01-14,69.97,146.0
Chennai,2017-01-15,55.97,103.0
Chennai,2017-01-16,62.53,103.0
Chennai,2017-01-17,80.76,137.0
Chennai,2017-01-18,55.43,142.0
Chennai,2017-01-19,50.27,76.0
Chennai,2017-01-20,64.06,107.0
Chennai,2017-01-21,36.85,86.0
Chennai,2017-01-22,57.05,78.0
Chennai,2017-01-23,73.27,117.0
Chennai,2017-01-24,56.51,125.0
Chennai,2017-01-25,66.54,111.0
Chennai,2017-01-26,43.6,104.0
Chennai,2017-01-27,36.16,68.0
Chennai,2017-01-28,21.64,44.0
Chennai,2017-01-29,36.77,51.0
Chennai,2017-01-30,38.73,58.0
Chennai,2017-01-31,100.68,70.0
Chennai,2017-02-01,45.13,130.0
Chennai,2017-02-02,52.59,89.0
Chennai,2017-02-03,50.38,81.0
Chennai,2017-02-04,67.15,105.0
Chennai,2017-02-05,77.17,149.0
Chennai,2017-02-06,72.94,148.0
Chennai,2017-02-07,83.86,166.0
Chennai,2017-02-08,80.59,183.0
Chennai,2017-02-09,91.75,183.0
Chennai,2017-02-10,89.0,217.0
Chennai,2017-02-11,84.05,186.0
Chennai,2017-02-12,56.6,126.0
Chennai,2017-02-13,54.94,89.0
Chennai,2017-02-14,45.2,80.0
Chennai,2017-02-15,63.51,95.0
Chennai,2017-02-16,63.42,125.0
Chennai,2017-02-17,77.03,141.0
Chennai,2017-02-18,71.15,151.0
Chennai,2017-02-19,71.72,142.0
Chennai,2017-02-20,50.86,116.0
Chennai,2017-02-21,51.46,88.0
Chennai,2017-02-22,56.59,92.0
Chennai,2017-02-23,42.42,76.0
Chennai,2017-02-24,45.27,80.0
Chennai,2017-02-25,37.91,69.0
Chennai,2017-02-26,44.1,65.0
Chennai,2017-02-27,59.53,90.0
Chennai,2017-02-28,65.96,108.0
Chennai,2017-03-01,82.44,157.0
Chennai,2017-03-02,72.86,152.0
Chennai,2017-03-03,63.96,123.0
Chennai,2017-03-04,40.43,93.0
Chennai,2017-03-05,34.07,52.0
Chennai,2017-03-06,36.92,59.0
Chennai,2017-03-07,36.88,65.0
Chennai,2017-03-08,62.57,78.0
Chennai,2017-03-09,31.34,93.0
Chennai,2017-03-10,227.17,148.0
Chennai,2017-03-11,62.95,348.0
Chennai,2017-03-12,33.53,63.0
Chennai,2017-03-13,23.54,52.0
Chennai,2017-03-14,29.17,43.0
Chennai,2017-03-15,53.27,80.0
Chennai,2017-03-16,286.08,350.0
Chennai,2017-03-17,37.43,197.0
Chennai,2017-03-18,26.43,87.0
Chennai,2017-03-19,88.83,110.0
Chennai,2017-03-20,29.53,109.0
Chennai,2017-03-21,25.53,59.0
Chennai,2017-03-22,35.25,57.0
Chennai,2017-03-23,36.76,65.0
Chennai,2017-03-24,52.62,80.0
Chennai,2017-03-25,80.48,137.0
Chennai,2017-03-26,74.46,158.0
Chennai,2017-03-27,60.44,131.0
Chennai,2017-03-28,39.11,86.0
Chennai,2017-03-29,35.04,61.0
Chennai,2017-03-30,37.42,80.0
Chennai,2017-03-31,35.34,57.0
Chennai,2017-04-01,34.69,60.0
Chennai,2017-04-02,37.57,65.0
Chennai,2017-04-03,44.33,71.0
Chennai,2017-04-04,40.56,75.0
Chennai,2017-04-05,48.62,67.0
Chennai,2017-04-06,36.85,80.0
Chennai,2017-04-07,41.16,65.0
Chennai,2017-04-08,61.68,80.0
Chennai,2017-04-09,34.28,89.0
Chennai,2017-04-10,53.6,67.0
Chennai,2017-04-11,67.15,117.0
Chennai,2017-04-12,37.05,107.0
Chennai,2017-04-13,49.49,83.0
Chennai,2017-04-14,45.09,76.0
Chennai,2017-04-15,61.73,87.0
Chennai,2017-04-16,55.89,106.0
Chennai,2017-04-17,72.65,111.0
Chennai,2017-04-18,75.8,192.0
Chennai,2017-04-19,91.14,125.0
Chennai,2017-04-20,68.14,184.0
Chennai,2017-04-21,89.0,152.0
Chennai,2017-04-22,81.33,184.0
Chennai,2017-04-23,82.7,210.0
Chennai,2017-04-24,62.54,125.0
Chennai,2017-04-25,51.38,96.0
Chennai,2017-04-26,60.21,93.0
Chennai,2017-04-27,59.63,97.0
Chennai,2017-04-28,56.7,104.0
Chennai,2017-04-29,61.92,99.0
Chennai,2017-04-30,43.89,101.0
Chennai,2017-05-01,40.4,76.0
Chennai,2017-05-02,34.05,64.0
Chennai,2017-05-03,37.71,58.0
Chennai,2017-05-04,43.64,62.0
Chennai,2017-05-05,40.54,76.0
Chennai,2017-05-06,44.14,67.0
Chennai,2017-05-07,38.85,74.0
Chennai,2017-05-08,44.08,72.0
Chennai,2017-05-09,34.59,79.0
Chennai,2017-05-10,47.85,105.0
Chennai,2017-05-11,27.0,79.0
Chennai,2017-05-12,46.29,67.0
Chennai,2017-05-13,36.62,70.0
Chennai,2017-05-14,60.49,94.0
Chennai,2017-05-15,73.27,165.0
Chennai,2017-05-16,64.22,194.0
Chennai,2017-05-17,86.49,139.0
Chennai,2017-05-18,131.2,262.0
Chennai,2017-05-19,86.94,276.0
Chennai,2017-05-20,63.82,165.0
Chennai,2017-05-21,71.68,159.0
Chennai,2017-05-22,50.12,113.0
Chennai,2017-05-23,86.59,137.0
Chennai,2017-05-24,100.14,191.0
Chennai,2017-05-25,65.53,231.0
Chennai,2017-05-26,71.65,167.0
Chennai,2017-05-27,60.4,144.0
Chennai,2017-05-28,46.27,123.0
Chennai,2017-05-29,57.25,90.0
Chennai,2017-05-30,43.31,90.0
Chennai,2017-05-31,43.14,80.0
Chennai,2017-06-01,44.66,91.0
Chennai,2017-06-02,56.39,91.0
Chennai,2017-06-03,40.58,102.0
Chennai,2017-06-04,41.33,120.0
Chennai,2017-06-05,38.61,92.0
Chennai,2017-06-06,41.32,72.0
Chennai,2017-06-07,37.63,95.0
Chennai,2017-06-08,41.44,80.0
Chennai,2017-06-09,41.41,70.0
Chennai,2017-06-10,46.32,77.0
Chennai,2017-06-11,30.88,66.0
Chennai,2017-06-12,35.9,73.0
Chennai,2017-06-13,38.33,60.0
Chennai,2017-06-14,41.07,81.0
Chennai,2017-06-15,48.23,69.0
Chennai,2017-06-16,49.47,82.0
Chennai,2017-06-17,43.64,84.0
Chennai,2017-06-18,38.35,74.0
Chennai,2017-06-19,50.48,71.0
Chennai,2017-06-20,45.95,76.0
Chennai,2017-06-21,51.81,91.0
Chennai,2017-06-22,43.94,77.0
Chennai,2017-06-23,46.72,79.0
Chennai,2017-06-24,51.02,93.0
Chennai,2017-06-25,41.41,75.0
Chennai,2017-06-26,45.53,73.0
Chennai,2017-06-27,47.32,76.0
Chennai,2017-06-28,39.61,71.0
Chennai,2017-06-29,48.43,81.0
Chennai,2017-07-01,56.49,116.0
Chennai,2017-07-02,62.74,109.0
Chennai,2017-07-03,47.17,92.0
Chennai,2017-07-04,37.6,74.0
Chennai,2017-07-05,46.61,63.0
Chennai,2017-07-06,42.38,77.0
Chennai,2017-07-07,53.45,119.0
Chennai,2017-07-08,59.81,94.0
Chennai,2017-07-09,52.28,104.0
Chennai,2017-07-10,42.48,76.0
Chennai,2017-07-11,62.34,92.0
Chennai,2017-07-12,28.72,85.0
Chennai,2017-07-13,62.64,96.0
Chennai,2017-07-14,48.22,84.0
Chennai,2017-07-15,63.29,86.0
Chennai,2017-07-16,46.96,99.0
Chennai,2017-07-17,45.1,80.0
Chennai,2017-07-18,37.98,78.0
Chennai,2017-07-19,48.24,73.0
Chennai,2017-07-20,41.12,70.0
Chennai,2017-07-21,86.01,117.0
Chennai,2017-07-22,50.07,131.0
Chennai,2017-07-23,37.84,77.0
Chennai,2017-07-24,112.23,169.0
Chennai,2017-07-25,94.7,203.0
Chennai,2017-07-26,92.04,221.0
Chennai,2017-07-27,51.29,164.0
Chennai,2017-07-28,49.33,85.0
Chennai,2017-07-29,40.62,74.0
Chennai,2017-07-30,45.56,81.0
Chennai,2017-07-31,28.16,73.0
Chennai,2017-08-01,74.6,82.0
Chennai,2017-08-02,68.25,144.0
Chennai,2017-08-03,29.95,120.0
Chennai,2017-08-04,42.18,84.0
Chennai,2017-08-05,30.69,149.0
Chennai,2017-08-06,38.43,202.0
Chennai,2017-08-07,39.48,96.0
Chennai,2017-08-08,33.9,96.0
Chennai,2017-08-09,31.33,71.0
Chennai,2017-08-10,27.71,48.0
Chennai,2017-08-11,46.18,61.0
Chennai,2017-08-12,42.11,82.0
Chennai,2017-08-13,23.87,55.0
Chennai,2017-08-14,52.24,80.0
Chennai,2017-08-15,34.61,86.0
Chennai,2017-08-16,39.27,101.0
Chennai,2017-08-17,42.01,99.0
Chennai,2017-08-18,50.15,76.0
Chennai,2017-08-22,29.83,90.0
Chennai,2017-08-23,36.03,86.0
Chennai,2017-08-24,32.77,91.0
Chennai,2017-08-25,56.97,91.0
Chennai,2017-08-26,41.58,81.0
Chennai,2017-08-27,34.32,81.0
Chennai,2017-08-28,79.2,109.0
Chennai,2017-08-29,37.1,127.0
Chennai,2017-08-30,61.29,92.0
Chennai,2017-08-31,40.37,93.0
Chennai,2017-09-01,37.18,84.0
Chennai,2017-09-02,48.82,86.0
Chennai,2017-09-03,34.52,93.0
Chennai,2017-09-04,39.0,82.0
Chennai,2017-09-05,69.85,136.0
Chennai,2017-09-06,31.96,104.0
Chennai,2017-09-07,27.78,78.0
Chennai,2017-09-08,28.24,82.0
Chennai,2017-09-09,19.53,84.0
Chennai,2017-09-10,18.22,73.0
Chennai,2017-09-11,28.14,64.0
Chennai,2017-09-12,40.87,68.0
Chennai,2017-09-13,33.66,79.0
Chennai,2017-09-14,29.41,73.0
Chennai,2017-09-15,36.17,77.0
Chennai,2017-09-16,36.71,77.0
Chennai,2017-09-17,25.13,77.0
Chennai,2017-09-18,25.17,67.0
Chennai,2017-09-19,32.9,68.0
Chennai,2017-09-20,39.01,67.0
Chennai,2017-09-21,31.68,71.0
Chennai,2017-09-22,49.34,87.0
Chennai,2017-09-23,65.67,98.0
Chennai,2017-09-24,85.36,137.0
Chennai,2017-09-25,49.27,156.0
Chennai,2017-09-26,69.26,116.0
Chennai,2017-09-27,51.96,104.0
Chennai,2017-09-28,50.0,106.0
Chennai,2017-09-29,44.9,81.0
Chennai,2017-09-30,29.8,78.0
Chennai,2017-10-01,25.58,66.0
Chennai,2017-10-02,16.59,62.0
Chennai,2017-10-03,25.6,58.0
Chennai,2017-10-04,20.75,62.0
Chennai,2017-10-05,25.51,78.0
Chennai,2017-10-06,38.5,68.0
Chennai,2017-10-07,40.16,75.0
Chennai,2017-10-08,35.37,75.0
Chennai,2017-10-09,35.94,77.0
Chennai,2017-10-10,52.2,89.0
Chennai,2017-10-11,41.34,94.0
Chennai,2017-10-12,35.8,86.0
Chennai,2017-10-13,44.53,146.0
Chennai,2017-10-14,56.36,90.0
Chennai,2017-10-15,37.27,83.0
Chennai,2017-10-16,35.62,77.0
Chennai,2017-10-17,68.01,76.0
Chennai,2017-10-18,193.3,277.0
Chennai,2017-10-19,226.74,431.0
Chennai,2017-10-20,57.62,213.0
Chennai,2017-10-21,30.2,72.0
Chennai,2017-10-22,31.17,70.0
Chennai,2017-10-23,58.59,114.0
Chennai,2017-10-24,53.74,115.0
Chennai,2017-10-25,36.65,100.0
Chennai,2017-10-26,25.9,68.0
Chennai,2017-10-27,31.32,70.0
Chennai,2017-10-28,53.37,83.0
Chennai,2017-10-29,62.08,113.0
Chennai,2017-10-30,19.87,88.0
Chennai,2017-10-31,41.87,75.0
Chennai,2017-11-01,24.56,99.0
Chennai,2017-11-02,27.99,70.0
Chennai,2017-11-03,30.02,62.0
Chennai,2017-11-04,27.1,66.0
Chennai,2017-11-05,24.37,58.0
Chennai,2017-11-06,29.63,68.0
Chennai,2017-11-07,33.67,68.0
Chennai,2017-11-08,37.64,74.0
Chennai,2017-11-09,40.88,70.0
Chennai,2017-11-10,68.58,103.0
Chennai,2017-11-11,70.8,146.0
Chennai,2017-11-12,81.94,163.0
Chennai,2017-11-13,48.07,110.0
Chennai,2017-11-14,30.57,91.0
Chennai,2017-11-15,41.87,68.0
Chennai,2017-11-16,45.77,96.0
Chennai,2017-11-17,58.96,108.0
Chennai,2017-11-18,24.73,82.0
Chennai,2017-11-19,22.81,62.0
Chennai,2017-11-20,22.57,69.0
Chennai,2017-11-21,18.44,61.0
Chennai,2017-11-22,41.9,64.0
Chennai,2017-11-23,79.51,126.0
Chennai,2017-11-24,75.6,158.0
Chennai,2017-11-25,90.46,184.0
Chennai,2017-11-26,57.36,136.0
Chennai,2017-11-27,37.83,87.0
Chennai,2017-11-28,42.05,71.0
Chennai,2017-11-29,38.73,75.0
Chennai,2017-11-30,29.62,69.0
Chennai,2017-12-01,31.57,57.0
Chennai,2017-12-02,50.43,71.0
Chennai,2017-12-03,46.63,90.0
Chennai,2017-12-04,43.1,86.0
Chennai,2017-12-05,34.52,76.0
Chennai,2017-12-06,38.1,70.0
Chennai,2017-12-07,94.87,143.0
Chennai,2017-12-08,73.06,175.0
Chennai,2017-12-09,77.29,156.0
Chennai,2017-12-10,79.19,163.0
Chennai,2017-12-11,70.02,153.0
Chennai,2017-12-12,59.77,126.0
Chennai,2017-12-13,45.88,93.0
Chennai,2017-12-14,46.3,81.0
Chennai,2017-12-15,59.7,95.0
Chennai,2017-12-16,53.21,107.0
Chennai,2017-12-17,50.08,102.0
Chennai,2017-12-18,47.66,97.0
Chennai,2017-12-19,41.07,91.0
Chennai,2017-12-20,45.39,78.0
Chennai,2017-12-21,52.1,93.0
Chennai,2017-12-22,62.7,109.0
Chennai,2017-12-23,38.95,89.0
Chennai,2017-12-24,51.21,83.0
Chennai,2017-12-25,53.02,88.0
Chennai,2017-12-26,79.72,113.0
Chennai,2017-12-27,82.28,186.0
Chennai,2017-12-28,64.49,148.0
Chennai,2017-12-29,52.37,95.0
Chennai,2017-12-30,53.72,108.0
Chennai,2017-12-31,48.28,77.0
Chennai,2018-01-01,51.16,89.0
Chennai,2018-01-02,58.46,94.0
Chennai,2018-01-03,56.26,105.0
Chennai,2018-01-04,113.21,184.0
Chennai,2018-01-05,76.77,176.0
Chennai,2018-01-06,76.4,158.0
Chennai,2018-01-07,62.12,136.0
Chennai,2018-01-08,75.69,124.0
Chennai,2018-01-09,55.3,121.0
Chennai,2018-01-10,66.55,96.0
Chennai,2018-01-11,79.23,179.0
Chennai,2018-01-12,82.65,156.0
Chennai,2018-01-13,164.37,258.0
Chennai,2018-01-14,76.62,207.0
Chennai,2018-01-15,68.45,147.0
Chennai,2018-01-16,74.62,134.0
Chennai,2018-01-17,71.04,161.0
Chennai,2018-01-18,67.8,129.0
Chennai,2018-01-19,70.06,164.0
Chennai,2018-01-20,68.89,140.0
Chennai,2018-01-21,85.98,180.0
Chennai,2018-01-22,70.63,167.0
Chennai,2018-01-23,80.58,149.0
Chennai,2018-01-24,80.11,164.0
Chennai,2018-01-25,84.31,187.0
Chennai,2018-01-26,74.03,172.0
Chennai,2018-01-27,79.6,161.0
Chennai,2018-01-28,71.53,165.0
Chennai,2018-01-29,73.21,155.0
Chennai,2018-01-30,68.01,148.0
Chennai,2018-01-31,72.05,159.0
Chennai,2018-02-01,66.15,135.0
Chennai,2018-02-02,78.68,167.0
Chennai,2018-02-03,74.22,164.0
Chennai,2018-02-04,37.64,123.0
Chennai,2018-02-05,38.01,79.0
Chennai,2018-02-06,44.18,94.0
Chennai,2018-02-07,33.44,78.0
Chennai,2018-02-08,34.52,78.0
Chennai,2018-02-09,49.07,107.0
Chennai,2018-02-10,50.86,113.0
Chennai,2018-02-11,52.68,131.0
Chennai,2018-02-12,46.07,88.0
Chennai,2018-02-13,76.41,130.0
Chennai,2018-02-14,55.38,138.0
Chennai,2018-02-15,63.06,99.0
Chennai,2018-02-16,57.82,119.0
Chennai,2018-02-17,55.81,113.0
Chennai,2018-02-18,70.43,133.0
Chennai,2018-02-19,67.83,150.0
Chennai,2018-02-20,63.29,118.0
Chennai,2018-02-21,74.3,146.0
Chennai,2018-02-22,59.12,118.0
Chennai,2018-02-23,50.3,95.0
Chennai,2018-02-24,48.95,88.0
Chennai,2018-02-25,31.53,73.0
Chennai,2018-02-26,48.05,76.0
Chennai,2018-02-27,73.78,117.0
Chennai,2018-02-28,95.58,182.0
Chennai,2018-03-01,100.8,234.0
Chennai,2018-03-02,52.34,138.0
Chennai,2018-03-03,49.83,115.0
Chennai,2018-03-04,60.18,113.0
Chennai,2018-03-05,43.63,93.0
Chennai,2018-03-06,48.43,83.0
Chennai,2018-03-07,68.14,113.0
Chennai,2018-03-08,82.38,174.0
Chennai,2018-03-09,61.5,126.0
Chennai,2018-03-10,70.08,128.0
Chennai,2018-03-11,59.66,128.0
Chennai,2018-03-12,93.32,118.0
Chennai,2018-03-13,30.74,153.0
Chennai,2018-03-14,26.74,74.0
Chennai,2018-03-15,30.99,69.0
Chennai,2018-03-16,26.1,78.0
Chennai,2018-03-17,37.93,81.0
Chennai,2018-03-18,53.22,89.0
Chennai,2018-03-19,50.29,88.0
Chennai,2018-03-20,65.17,108.0
Chennai,2018-03-21,56.5,115.0
Chennai,2018-03-22,45.69,93.0
Chennai,2018-03-23,56.79,94.0
Chennai,2018-03-24,66.3,127.0
Chennai,2018-03-25,51.92,117.0
Chennai,2018-03-26,50.55,109.0
Chennai,2018-03-27,51.77,109.0
Chennai,2018-03-28,26.35,90.0
Chennai,2018-03-29,22.93,70.0
Chennai,2018-03-30,34.85,69.0
Chennai,2018-03-31,39.89,75.0
Chennai,2018-04-01,45.25,86.0
Chennai,2018-04-02,29.45,67.0
Chennai,2018-04-03,27.82,68.0
Chennai,2018-04-04,36.15,71.0
Chennai,2018-04-05,38.02,81.0
Chennai,2018-04-06,38.53,103.0
Chennai,2018-04-07,35.94,84.0
Chennai,2018-04-08,24.52,62.0
Chennai,2018-04-09,26.0,70.0
Chennai,2018-04-10,36.7,66.0
Chennai,2018-04-11,29.62,66.0
Chennai,2018-04-12,26.52,61.0
Chennai,2018-04-13,43.91,63.0
Chennai,2018-04-14,22.23,61.0
Chennai,2018-04-15,16.69,59.0
Chennai,2018-04-16,21.91,61.0
Chennai,2018-04-17,22.75,62.0
Chennai,2018-04-18,41.36,56.0
Chennai,2018-04-19,27.35,71.0
Chennai,2018-04-20,36.7,65.0
Chennai,2018-04-21,31.87,66.0
Chennai,2018-04-22,31.22,55.0
Chennai,2018-04-23,38.58,65.0
Chennai,2018-04-24,51.52,76.0
Chennai,2018-04-25,41.31,78.0
Chennai,2018-04-26,44.01,89.0
Chennai,2018-04-27,42.33,74.0
Chennai,2018-04-28,29.34,62.0
Chennai,2018-04-29,32.08,59.0
Chennai,2018-04-30,42.57,68.0
Chennai,2018-05-01,50.73,92.0
Chennai,2018-05-02,62.94,112.0
Chennai,2018-05-03,52.76,111.0
Chennai,2018-05-04,76.95,127.0
Chennai,2018-05-05,37.39,128.0
Chennai,2018-05-06,39.42,77.0
Chennai,2018-05-07,48.75,75.0
Chennai,2018-05-08,22.47,77.0
Chennai,2018-05-09,15.55,94.0
Chennai,2018-05-10,22.62,80.0
Chennai,2018-05-11,23.19,70.0
Chennai,2018-05-12,20.7,74.0
Chennai,2018-05-13,28.08,77.0
Chennai,2018-05-14,25.14,71.0
Chennai,2018-05-15,27.68,79.0
Chennai,2018-05-16,27.85,81.0
Chennai,2018-05-17,23.7,82.0
Chennai,2018-05-18,48.5,70.0
Chennai,2018-05-19,35.46,81.0
Chennai,2018-05-20,35.53,66.0
Chennai,2018-05-21,42.6,64.0
Chennai,2018-05-22,52.89,82.0
Chennai,2018-05-23,42.53,84.0
Chennai,2018-05-24,40.25,73.0
Chennai,2018-05-25,28.46,64.0
Chennai,2018-05-26,38.2,65.0
Chennai,2018-05-27,51.13,79.0
Chennai,2018-05-28,47.54,77.0
Chennai,2018-05-29,46.07,88.0
Chennai,2018-05-30,44.17,82.0
Chennai,2018-05-31,56.1,85.0
Chennai,2018-06-01,57.69,98.0
Chennai,2018-06-02,64.65,124.0
Chennai,2018-06-03,50.69,98.0
Chennai,2018-06-04,52.68,83.0
Chennai,2018-06-05,42.26,86.0
Chennai,2018-06-06,50.38,79.0
Chennai,2018-06-07,34.9,66.0
Chennai,2018-06-08,36.28,71.0
Chennai,2018-06-09,41.3,67.0
Chennai,2018-06-10,33.79,73.0
Chennai,2018-06-11,41.09,73.0
Chennai,2018-06-12,43.9,88.0
Chennai,2018-06-13,45.77,88.0
Chennai,2018-06-14,50.27,91.0
Chennai,2018-06-15,66.88,97.0
Chennai,2018-06-16,49.62,114.0
Chennai,2018-06-17,59.7,86.0
Chennai,2018-06-18,48.19,99.0
Chennai,2018-06-19,52.41,90.0
Chennai,2018-06-20,57.34,104.0
Chennai,2018-06-21,60.06,107.0
Chennai,2018-06-22,57.98,107.0
Chennai,2018-06-23,61.21,102.0
Chennai,2018-06-24,55.1,109.0
Chennai,2018-06-25,61.59,101.0
Chennai,2018-06-26,61.34,112.0
Chennai,2018-06-27,76.53,133.0
Chennai,2018-06-28,54.64,127.0
Chennai,2018-06-29,57.46,98.0
Chennai,2018-06-30,81.3,135.0
Chennai,2018-07-01,68.11,150.0
Chennai,2018-07-02,87.21,150.0
Chennai,2018-07-03,54.36,159.0
Chennai,2018-07-04,53.97,93.0
Chennai,2018-07-05,55.84,97.0
Chennai,2018-07-06,78.46,128.0
Chennai,2018-07-07,54.32,135.0
Chennai,2018-07-08,53.66,80.0
Chennai,2018-07-09,62.38,106.0
Chennai,2018-07-10,56.32,103.0
Chennai,2018-07-11,49.15,97.0
Chennai,2018-07-12,44.79,77.0
Chennai,2018-07-13,45.82,84.0
Chennai,2018-07-14,47.78,76.0
Chennai,2018-07-15,50.76,92.0
Chennai,2018-07-16,43.0,79.0
Chennai,2018-07-17,37.08,66.0
Chennai,2018-07-18,41.77,69.0
Chennai,2018-07-19,47.86,79.0
Chennai,2018-07-20,40.3,71.0
Chennai,2018-07-21,46.01,70.0
Chennai,2018-07-22,55.78,87.0
Chennai,2018-07-23,50.08,101.0
Chennai,2018-07-24,49.87,87.0
Chennai,2018-07-25,35.67,68.0
Chennai,2018-07-26,37.4,63.0
Chennai,2018-07-27,41.69,63.0
Chennai,2018-07-28,54.4,95.0
Chennai,2018-07-29,54.77,97.0
Chennai,2018-07-30,45.89,78.0
Chennai,2018-07-31,51.13,93.0
Chennai,2018-08-01,50.78,80.0
Chennai,2018-08-02,39.82,91.0
Chennai,2018-08-03,44.27,71.0
Chennai,2018-08-04,52.36,79.0
Chennai,2018-08-05,60.28,107.0
Chennai,2018-08-06,60.81,123.0
Chennai,2018-08-07,40.73,96.0
Chennai,2018-08-08,26.05,57.0
Chennai,2018-08-09,29.65,54.0
Chennai,2018-08-10,45.66,63.0
Chennai,2018-08-11,30.97,87.0
Chennai,2018-08-12,26.95,60.0
Chennai,2018-08-13,38.03,60.0
Chennai,2018-08-14,35.44,71.0
Chennai,2018-08-15,20.43,61.0
Chennai,2018-08-16,26.01,53.0
Chennai,2018-08-17,60.61,76.0
Chennai,2018-08-18,55.4,126.0
Chennai,2018-08-19,49.34,111.0
Chennai,2018-08-20,69.17,152.0
Chennai,2018-08-21,85.12,148.0
Chennai,2018-08-22,52.23,161.0
Chennai,2018-08-23,34.77,74.0
Chennai,2018-08-24,40.39,71.0
Chennai,2018-08-25,55.14,106.0
Chennai,2018-08-26,32.83,81.0
Chennai,2018-08-27,34.87,70.0
Chennai,2018-08-28,29.44,62.0
Chennai,2018-08-29,32.56,58.0
Chennai,2018-08-30,50.7,89.0
Chennai,2018-08-31,29.65,83.0
Chennai,2018-09-01,38.58,65.0
Chennai,2018-09-02,47.56,84.0
Chennai,2018-09-03,42.77,83.0
Chennai,2018-09-04,54.8,87.0
Chennai,2018-09-05,47.98,111.0
Chennai,2018-09-06,61.47,93.0
Chennai,2018-09-07,48.17,108.0
Chennai,2018-09-08,67.78,118.0
Chennai,2018-09-09,30.81,115.0
Chennai,2018-09-10,41.96,68.0
Chennai,2018-09-11,40.59,79.0
Chennai,2018-09-12,44.5,70.0
Chennai,2018-09-13,45.96,86.0
Chennai,2018-09-14,82.38,161.0
Chennai,2018-09-15,42.08,112.0
Chennai,2018-09-16,43.25,97.0
Chennai,2018-09-17,30.77,96.0
Chennai,2018-09-18,44.32,92.0
Chennai,2018-09-19,24.98,80.0
Chennai,2018-09-20,55.76,92.0
Chennai,2018-09-21,49.28,109.0
Chennai,2018-09-22,50.3,108.0
Chennai,2018-09-23,50.51,89.0
Chennai,2018-09-24,31.02,111.0
Chennai,2018-09-25,43.43,107.0
Chennai,2018-09-26,61.73,93.0
Chennai,2018-09-27,28.2,111.0
Chennai,2018-09-28,22.68,54.0
Chennai,2018-09-29,71.65,58.0
Chennai,2018-09-30,64.87,157.0
Chennai,2018-10-01,32.53,82.0
Chennai,2018-10-02,22.28,66.0
Chennai,2018-10-03,17.89,63.0
Chennai,2018-10-04,20.58,66.0
Chennai,2018-10-05,23.68,75.0
Chennai,2018-10-06,16.7,81.0
Chennai,2018-10-07,34.54,65.0
Chennai,2018-10-08,36.11,69.0
Chennai,2018-10-09,61.0,96.0
Chennai,2018-10-10,70.42,164.0
Chennai,2018-10-11,53.49,147.0
Chennai,2018-10-12,48.26,90.0
Chennai,2018-10-13,39.7,82.0
Chennai,2018-10-14,40.74,65.0
Chennai,2018-10-15,40.91,70.0
Chennai,2018-10-16,29.82,68.0
Chennai,2018-10-17,33.85,77.0
Chennai,2018-10-18,31.6,67.0
Chennai,2018-10-19,39.65,91.0
Chennai,2018-10-20,66.17,110.0
Chennai,2018-10-21,65.55,124.0
Chennai,2018-10-22,168.81,218.0
Chennai,2018-10-23,73.57,170.0
Chennai,2018-10-24,76.77,160.0
Chennai,2018-10-25,72.83,140.0
Chennai,2018-10-26,72.24,144.0
Chennai,2018-10-27,61.5,126.0
Chennai,2018-10-28,59.79,115.0
Chennai,2018-10-29,75.15,158.0
Chennai,2018-10-30,34.51,98.0
Chennai,2018-10-31,28.16,78.0
Chennai,2018-11-01,27.63,83.0
Chennai,2018-11-02,28.58,89.0
Chennai,2018-11-03,35.6,65.0
Chennai,2018-11-04,86.21,167.0
Chennai,2018-11-05,35.2,85.0
Chennai,2018-11-06,55.01,72.0
Chennai,2018-11-07,59.06,128.0
Chennai,2018-11-08,49.98,96.0
Chennai,2018-11-09,74.73,133.0
Chennai,2018-11-10,70.81,137.0
Chennai,2018-11-11,82.59,155.0
Chennai,2018-11-12,92.17,185.0
Chennai,2018-11-13,111.04,231.0
Chennai,2018-11-14,84.77,210.0
Chennai,2018-11-15,47.01,135.0
Chennai,2018-11-16,17.03,68.0
Chennai,2018-11-17,28.73,71.0
Chennai,2018-11-18,31.8,78.0
Chennai,2018-11-19,22.03,70.0
Chennai,2018-11-20,42.81,72.0
Chennai,2018-11-21,20.36,65.0
Chennai,2018-11-22,19.76,60.0
Chennai,2018-11-23,47.76,70.0
Chennai,2018-11-24,92.89,162.0
Chennai,2018-11-25,112.05,234.0
Chennai,2018-11-26,81.75,211.0
Chennai,2018-11-27,65.56,141.0
Chennai,2018-11-28,61.8,123.0
Chennai,2018-11-29,46.73,90.0
Chennai,2018-11-30,47.84,79.0
Chennai,2018-12-01,54.15,96.0
Chennai,2018-12-02,23.09,74.0
Chennai,2018-12-03,30.61,67.0
Chennai,2018-12-04,23.0,80.0
Chennai,2018-12-05,31.74,86.0
Chennai,2018-12-06,47.92,87.0
Chennai,2018-12-07,85.53,129.0
Chennai,2018-12-08,98.92,221.0
Chennai,2018-12-09,98.35,224.0
Chennai,2018-12-10,95.16,222.0
Chennai,2018-12-11,84.65,196.0
Chennai,2018-12-12,86.54,195.0
Chennai,2018-12-13,51.85,154.0
Chennai,2018-12-14,52.68,86.0
Chennai,2018-12-15,87.0,149.0
Chennai,2018-12-16,55.49,155.0
Chennai,2018-12-17,52.86,89.0
Chennai,2018-12-18,73.87,148.0
Chennai,2018-12-19,28.98,90.0
Chennai,2018-12-20,48.11,78.0
Chennai,2018-12-21,38.97,81.0
Chennai,2018-12-22,48.35,82.0
Chennai,2018-12-23,63.44,109.0
Chennai,2018-12-24,67.45,137.0
Chennai,2018-12-25,80.95,150.0
Chennai,2018-12-26,96.38,217.0
Chennai,2018-12-27,111.83,182.0
Chennai,2018-12-28,68.25,160.0
Chennai,2018-12-29,110.85,205.0
Chennai,2018-12-30,100.68,211.0
Chennai,2018-12-31,57.67,150.0
Chennai,2019-01-01,122.43,212.0
Chennai,2019-01-02,54.14,158.0
Chennai,2019-01-03,97.13,167.0
Chennai,2019-01-04,74.64,192.0
Chennai,2019-01-05,74.23,116.0
Chennai,2019-01-06,92.7,186.0
Chennai,2019-01-07,70.73,168.0
Chennai,2019-01-08,59.25,108.0
Chennai,2019-01-09,98.11,185.0
Chennai,2019-01-10,89.42,181.0
Chennai,2019-01-11,129.92,199.0
Chennai,2019-01-12,65.08,183.0
Chennai,2019-01-13,38.64,105.0
Chennai,2019-01-14,58.12,110.0
Chennai,2019-01-15,45.89,115.0
Chennai,2019-01-16,49.6,97.0
Chennai,2019-01-17,68.44,111.0
Chennai,2019-01-18,66.96,140.0
Chennai,2019-01-19,58.99,131.0
Chennai,2019-01-20,40.6,102.0
Chennai,2019-01-21,65.59,98.0
Chennai,2019-01-22,70.94,176.0
Chennai,2019-01-23,27.64,92.0
Chennai,2019-01-24,45.17,99.0
Chennai,2019-01-25,28.02,73.0
Chennai,2019-01-26,19.33,68.0
Chennai,2019-01-27,16.58,70.0
Chennai,2019-01-28,18.58,71.0
Chennai,2019-01-29,41.52,84.0
Chennai,2019-01-30,55.3,120.0
Chennai,2019-01-31,81.09,144.0
Chennai,2019-02-01,42.07,147.0
Chennai,2019-02-02,42.72,99.0
Chennai,2019-02-03,31.09,84.0
Chennai,2019-02-04,46.95,86.0
Chennai,2019-02-05,44.37,115.0
Chennai,2019-02-06,60.55,149.0
Chennai,2019-02-07,52.94,138.0
Chennai,2019-02-08,28.42,87.0
Chennai,2019-02-09,21.04,77.0
Chennai,2019-02-10,12.77,67.0
Chennai,2019-02-11,37.37,77.0
Chennai,2019-02-12,56.04,126.0
Chennai,2019-02-13,106.04,200.0
Chennai,2019-02-14,178.54,283.0
Chennai,2019-02-15,42.85,187.0
Chennai,2019-02-16,45.41,87.0
Chennai,2019-02-17,44.51,93.0
Chennai,2019-02-18,26.55,80.0
Chennai,2019-02-19,17.11,78.0
Chennai,2019-02-20,16.6,66.0
Chennai,2019-02-21,32.92,75.0
Chennai,2019-02-22,37.45,104.0
Chennai,2019-02-23,25.55,101.0
Chennai,2019-02-24,37.37,89.0
Chennai,2019-02-25,74.05,105.0
Chennai,2019-02-26,199.98,279.0
Chennai,2019-02-27,33.9,127.0
Chennai,2019-02-28,87.38,100.0
Chennai,2019-03-01,114.56,102.0
Chennai,2019-03-02,176.07,252.0
Chennai,2019-03-03,38.85,128.0
Chennai,2019-03-04,43.48,76.0
Chennai,2019-03-05,53.2,87.0
Chennai,2019-03-06,58.19,111.0
Chennai,2019-03-07,39.87,105.0
Chennai,2019-03-08,38.91,85.0
Chennai,2019-03-09,36.46,90.0
Chennai,2019-03-10,27.7,83.0
Chennai,2019-03-11,28.47,66.0
Chennai,2019-03-12,52.63,89.0
Chennai,2019-03-13,76.63,143.0
Chennai,2019-03-14,58.09,155.0
Chennai,2019-03-15,52.87,100.0
Chennai,2019-03-16,48.11,86.0
Chennai,2019-03-17,57.58,106.0
Chennai,2019-03-18,37.31,86.0
Chennai,2019-03-19,42.32,87.0
Chennai,2019-03-20,63.83,103.0
Chennai,2019-03-21,50.63,138.0
Chennai,2019-03-22,41.01,102.0
Chennai,2019-03-23,37.13,95.0
Chennai,2019-03-24,34.61,83.0
Chennai,2019-03-25,35.94,83.0
Chennai,2019-03-26,39.29,87.0
Chennai,2019-03-27,33.41,81.0
Chennai,2019-03-28,38.14,81.0
Chennai,2019-03-29,38.04,73.0
Chennai,2019-03-30,37.22,81.0
Chennai,2019-03-31,62.24,100.0
Chennai,2019-04-01,68.09,130.0
Chennai,2019-04-02,49.42,126.0
Chennai,2019-04-03,48.12,117.0
Chennai,2019-04-04,32.88,89.0
Chennai,2019-04-05,36.23,100.0
Chennai,2019-04-06,34.35,101.0
Chennai,2019-04-07,32.33,99.0
Chennai,2019-04-08,54.52,98.0
Chennai,2019-04-09,37.03,112.0
Chennai,2019-04-10,59.54,111.0
Chennai,2019-04-11,56.02,110.0
Chennai,2019-04-12,37.18,100.0
Chennai,2019-04-13,36.18,79.0
Chennai,2019-04-14,31.9,76.0
Chennai,2019-04-15,24.24,76.0
Chennai,2019-04-16,19.48,70.0
Chennai,2019-04-17,17.27,73.0
Chennai,2019-04-18,12.95,62.0
Chennai,2019-04-19,25.41,66.0
Chennai,2019-04-20,24.99,81.0
Chennai,2019-04-21,29.32,85.0
Chennai,2019-04-22,24.75,74.0
Chennai,2019-04-23,29.82,74.0
Chennai,2019-04-24,29.52,73.0
Chennai,2019-04-25,31.55,76.0
Chennai,2019-04-26,35.22,75.0
Chennai,2019-04-27,25.49,69.0
Chennai,2019-04-28,26.74,71.0
Chennai,2019-04-29,26.4,75.0
Chennai,2019-04-30,35.36,78.0
Chennai,2019-05-01,29.99,80.0
Chennai,2019-05-02,30.49,78.0
Chennai,2019-05-03,30.39,78.0
Chennai,2019-05-04,37.24,80.0
Chennai,2019-05-05,38.9,79.0
Chennai,2019-05-06,38.07,82.0
Chennai,2019-05-07,38.63,83.0
Chennai,2019-05-08,42.78,75.0
Chennai,2019-05-09,35.59,79.0
Chennai,2019-05-10,38.39,77.0
Chennai,2019-05-11,65.3,126.0
Chennai,2019-05-12,51.8,150.0
Chennai,2019-05-13,66.57,135.0
Chennai,2019-05-14,66.85,145.0
Chennai,2019-05-15,55.19,132.0
Chennai,2019-05-16,44.66,107.0
Chennai,2019-05-17,41.39,102.0
Chennai,2019-05-18,39.71,88.0
Chennai,2019-05-19,36.38,83.0
Chennai,2019-05-20,22.72,76.0
Chennai,2019-05-21,23.34,71.0
Chennai,2019-05-22,27.06,80.0
Chennai,2019-05-23,45.92,79.0
Chennai,2019-05-24,47.34,113.0
Chennai,2019-05-25,47.85,124.0
Chennai,2019-05-26,48.62,131.0
Chennai,2019-05-27,45.57,113.0
Chennai,2019-05-28,74.16,132.0
Chennai,2019-05-29,54.73,137.0
Chennai,2019-05-30,65.19,141.0
Chennai,2019-05-31,53.41,156.0
Chennai,2019-06-01,45.73,148.0
Chennai,2019-06-02,57.97,143.0
Chennai,2019-06-03,58.15,161.0
Chennai,2019-06-04,60.53,143.0
Chennai,2019-06-05,52.59,153.0
Chennai,2019-06-06,54.06,132.0
Chennai,2019-06-07,42.32,94.0
Chennai,2019-06-08,55.84,126.0
Chennai,2019-06-09,47.85,119.0
Chennai,2019-06-10,54.9,100.0
Chennai,2019-06-11,51.79,116.0
Chennai,2019-06-12,51.48,119.0
Chennai,2019-06-13,37.78,110.0
Chennai,2019-06-14,41.03,91.0
Chennai,2019-06-15,53.31,89.0
Chennai,2019-06-16,42.09,87.0
Chennai,2019-06-17,56.12,80.0
Chennai,2019-06-18,56.8,108.0
Chennai,2019-06-19,41.22,91.0
Chennai,2019-06-20,36.82,88.0
Chennai,2019-06-21,36.7,92.0
Chennai,2019-06-22,39.32,96.0
Chennai,2019-06-23,33.86,109.0
Chennai,2019-06-24,29.8,101.0
Chennai,2019-06-25,103.16,129.0
Chennai,2019-06-26,45.52,179.0
Chennai,2019-06-27,35.11,69.0
Chennai,2019-06-28,45.16,78.0
Chennai,2019-06-29,59.22,106.0
Chennai,2019-06-30,47.81,123.0
Chennai,2019-07-01,33.28,125.0
Chennai,2019-07-02,52.55,73.0
Chennai,2019-07-03,92.83,174.0
Chennai,2019-07-04,49.99,84.0
Chennai,2019-07-05,97.96,134.0
Chennai,2019-07-06,37.94,85.0
Chennai,2019-07-07,48.12,77.0
Chennai,2019-07-08,51.95,88.0
Chennai,2019-07-09,45.61,92.0
Chennai,2019-07-10,30.64,92.0
Chennai,2019-07-11,36.62,76.0
Chennai,2019-07-12,50.02,81.0
Chennai,2019-07-13,34.54,94.0
Chennai,2019-07-14,47.45,80.0
Chennai,2019-07-15,40.19,99.0
Chennai,2019-07-16,30.16,80.0
Chennai,2019-07-17,43.75,77.0
Chennai,2019-07-18,48.57,85.0
Chennai,2019-07-19,30.57,74.0
Chennai,2019-07-20,35.63,84.0
Chennai,2019-07-21,28.74,87.0
Chennai,2019-07-22,27.56,70.0
Chennai,2019-07-23,31.04,73.0
Chennai,2019-07-24,29.77,73.0
Chennai,2019-07-25,45.13,94.0
Chennai,2019-07-26,23.22,85.0
Chennai,2019-07-27,25.94,66.0
Chennai,2019-07-28,32.29,83.0
Chennai,2019-07-29,28.07,77.0
Chennai,2019-07-30,36.63,74.0
Chennai,2019-07-31,33.19,114.0
Chennai,2019-08-01,34.12,105.0
Chennai,2019-08-02,51.08,129.0
Chennai,2019-08-03,51.84,130.0
Chennai,2019-08-04,42.23,126.0
Chennai,2019-08-05,52.82,105.0
Chennai,2019-08-06,26.19,110.0
Chennai,2019-08-07,21.07,65.0
Chennai,2019-08-08,24.99,84.0
Chennai,2019-08-09,22.61,70.0
Chennai,2019-08-10,22.66,74.0
Chennai,2019-08-11,16.68,76.0
Chennai,2019-08-12,18.65,112.0
Chennai,2019-08-13,21.83,80.0
Chennai,2019-08-14,25.51,106.0
Chennai,2019-08-15,19.01,105.0
Chennai,2019-08-16,26.43,110.0
Chennai,2019-08-17,13.03,82.0
Chennai,2019-08-18,13.2,69.0
Chennai,2019-08-19,22.64,58.0
Chennai,2019-08-20,27.06,68.0
Chennai,2019-08-21,29.21,77.0
Chennai,2019-08-22,31.43,82.0
Chennai,2019-08-23,25.89,52.0
Chennai,2019-08-24,17.58,48.0
Chennai,2019-08-25,22.35,47.0
Chennai,2019-08-26,17.46,57.0
Chennai,2019-08-27,18.64,48.0
Chennai,2019-08-28,20.57,104.0
Chennai,2019-08-29,25.15,51.0
Chennai,2019-08-30,22.87,101.0
Chennai,2019-08-31,27.11,121.0
Chennai,2019-09-01,26.91,122.0
Chennai,2019-09-02,30.64,108.0
Chennai,2019-09-03,29.69,100.0
Chennai,2019-09-04,35.06,146.0
Chennai,2019-09-05,22.29,70.0
Chennai,2019-09-06,25.84,75.0
Chennai,2019-09-07,26.37,105.0
Chennai,2019-09-08,22.62,76.0
Chennai,2019-09-09,37.51,76.0
Chennai,2019-09-10,37.85,111.0
Chennai,2019-09-11,39.26,150.0
Chennai,2019-09-12,23.59,103.0
Chennai,2019-09-13,27.36,78.0
Chennai,2019-09-14,23.45,81.0
Chennai,2019-09-15,20.82,89.0
Chennai,2019-09-16,28.74,100.0
Chennai,2019-09-17,22.59,96.0
Chennai,2019-09-18,26.98,105.0
Chennai,2019-09-19,23.18,95.0
Chennai,2019-09-20,38.04,120.0
Chennai,2019-09-21,33.44,106.0
Chennai,2019-09-22,43.67,126.0
Chennai,2019-09-23,61.94,135.0
Chennai,2019-09-24,35.03,114.0
Chennai,2019-09-25,16.9,93.0
Chennai,2019-09-26,14.27,99.0
Chennai,2019-09-27,17.76,103.0
Chennai,2019-09-28,20.99,105.0
Chennai,2019-09-29,25.87,116.0
Chennai,2019-09-30,23.02,106.0
Chennai,2019-10-01,41.82,109.0
Chennai,2019-10-02,32.4,122.0
Chennai,2019-10-03,31.1,110.0
Chennai,2019-10-04,23.49,72.0
Chennai,2019-10-05,47.4,78.0
Chennai,2019-10-06,19.32,145.0
Chennai,2019-10-07,58.64,108.0
Chennai,2019-10-08,36.56,141.0
Chennai,2019-10-09,24.5,114.0
Chennai,2019-10-10,21.13,92.0
Chennai,2019-10-11,21.2,87.0
Chennai,2019-10-12,16.34,92.0
Chennai,2019-10-13,14.93,89.0
Chennai,2019-10-14,21.14,86.0
Chennai,2019-10-15,20.33,75.0
Chennai,2019-10-16,17.58,64.0
Chennai,2019-10-17,30.95,61.0
Chennai,2019-10-18,32.0,80.0
Chennai,2019-10-19,31.76,75.0
Chennai,2019-10-20,35.03,73.0
Chennai,2019-10-21,26.55,71.0
Chennai,2019-10-22,28.47,69.0
Chennai,2019-10-23,40.0,81.0
Chennai,2019-10-24,35.34,67.0
Chennai,2019-10-25,46.48,86.0
Chennai,2019-10-26,95.49,121.0
Chennai,2019-10-27,153.73,306.0
Chennai,2019-10-28,54.13,208.0
Chennai,2019-10-29,31.22,83.0
Chennai,2019-10-30,34.65,84.0
Chennai,2019-10-31,87.99,141.0
Chennai,2019-11-01,40.78,133.0
Chennai,2019-11-02,34.45,76.0
Chennai,2019-11-03,70.95,91.0
Chennai,2019-11-04,115.35,222.0
Chennai,2019-11-05,98.83,261.0
Chennai,2019-11-06,105.94,229.0
Chennai,2019-11-07,121.43,273.0
Chennai,2019-11-08,142.9,294.0
Chennai,2019-11-09,96.8,253.0
Chennai,2019-11-10,93.13,230.0
Chennai,2019-11-11,61.45,192.0
Chennai,2019-11-12,31.32,77.0
Chennai,2019-11-13,37.23,76.0
Chennai,2019-11-14,19.18,92.0
Chennai,2019-11-15,21.99,84.0
Chennai,2019-11-16,44.91,57.0
Chennai,2019-11-17,56.9,122.0
Chennai,2019-11-18,26.91,90.0
Chennai,2019-11-19,28.52,63.0
Chennai,2019-11-20,20.95,47.0
Chennai,2019-11-21,33.55,56.0
Chennai,2019-11-22,31.16,60.0
Chennai,2019-11-23,46.05,64.0
Chennai,2019-11-24,59.64,110.0
Chennai,2019-11-25,44.81,86.0
Chennai,2019-11-26,53.33,77.0
Chennai,2019-11-27,37.8,80.0
Chennai,2019-11-28,30.56,63.0
Chennai,2019-11-29,21.08,53.0
Chennai,2019-11-30,18.45,48.0
Chennai,2019-12-01,17.79,60.0
Chennai,2019-12-02,21.17,49.0
Chennai,2019-12-03,36.17,56.0
Chennai,2019-12-04,37.56,71.0
Chennai,2019-12-05,62.41,93.0
Chennai,2019-12-06,53.68,107.0
Chennai,2019-12-07,34.82,76.0
Chennai,2019-12-08,35.41,69.0
Chennai,2019-12-09,27.57,61.0
Chennai,2019-12-10,37.72,56.0
Chennai,2019-12-11,36.55,72.0
Chennai,2019-12-12,27.78,62.0
Chennai,2019-12-13,34.16,52.0
Chennai,2019-12-14,40.78,68.0
Chennai,2019-12-15,35.6,70.0
Chennai,2019-12-16,31.23,59.0
Chennai,2019-12-17,44.04,62.0
Chennai,2019-12-18,48.07,92.0
Chennai,2019-12-19,52.28,83.0
Chennai,2019-12-20,65.45,106.0
Chennai,2019-12-21,72.57,126.0
Chennai,2019-12-22,57.74,134.0
Chennai,2019-12-23,52.75,92.0
Chennai,2019-12-24,53.51,99.0
Chennai,2019-12-25,54.37,99.0
Chennai,2019-12-26,58.43,110.0
Chennai,2019-12-27,31.88,77.0
Chennai,2019-12-28,36.94,65.0
Chennai,2019-12-29,52.48,92.0
Chennai,2019-12-30,38.74,83.0
Chennai,2019-12-31,45.49,84.0
Chennai,2020-01-01,28.25,70.0
Chennai,2020-01-02,27.59,57.0
Chennai,2020-01-03,32.16,74.0
Chennai,2020-01-04,30.49,64.0
Chennai,2020-01-05,23.37,62.0
Chennai,2020-01-06,19.45,61.0
Chennai,2020-01-07,33.54,55.0
Chennai,2020-01-08,42.22,73.0
Chennai,2020-01-09,42.16,79.0
Chennai,2020-01-10,40.76,74.0
Chennai,2020-01-11,39.81,72.0
Chennai,2020-01-12,58.38,83.0
Chennai,2020-01-13,74.12,140.0
Chennai,2020-01-14,122.88,230.0
Chennai,2020-01-15,48.06,168.0
Chennai,2020-01-16,34.09,74.0
Chennai,2020-01-17,35.33,62.0
Chennai,2020-01-18,28.67,65.0
Chennai,2020-01-19,31.17,67.0
Chennai,2020-01-20,37.66,69.0
Chennai,2020-01-21,44.91,85.0
Chennai,2020-01-22,47.95,93.0
Chennai,2020-01-23,59.95,104.0
Chennai,2020-01-24,62.34,123.0
Chennai,2020-01-25,50.48,110.0
Chennai,2020-01-26,41.74,87.0
Chennai,2020-01-27,47.26,78.0
Chennai,2020-01-28,53.66,85.0
Chennai,2020-01-29,52.29,84.0
Chennai,2020-01-30,43.82,87.0
Chennai,2020-01-31,36.56,78.0
Chennai,2020-02-01,32.4,63.0
Chennai,2020-02-02,30.58,55.0
Chennai,2020-02-03,37.52,63.0
Chennai,2020-02-04,39.6,74.0
Chennai,2020-02-05,39.93,94.0
Chennai,2020-02-06,40.05,89.0
Chennai,2020-02-07,36.32,75.0
Chennai,2020-02-08,28.45,64.0
Chennai,2020-02-09,28.1,61.0
Chennai,2020-02-10,35.41,58.0
Chennai,2020-02-11,29.12,69.0
Chennai,2020-02-12,32.17,81.0
Chennai,2020-02-13,49.48,93.0
Chennai,2020-02-14,56.85,118.0
Chennai,2020-02-15,54.82,121.0
Chennai,2020-02-16,35.13,82.0
Chennai,2020-02-17,34.25,72.0
Chennai,2020-02-18,41.49,85.0
Chennai,2020-02-19,42.95,84.0
Chennai,2020-02-20,35.52,77.0
Chennai,2020-02-21,38.88,75.0
Chennai,2020-02-22,29.2,76.0
Chennai,2020-02-23,28.75,65.0
Chennai,2020-02-24,31.07,77.0
Chennai,2020-02-25,33.9,81.0
Chennai,2020-02-26,39.25,84.0
Chennai,2020-02-27,42.97,83.0
Chennai,2020-02-28,33.08,75.0
Chennai,2020-02-29,36.15,72.0
Chennai,2020-03-01,35.99,80.0
Chennai,2020-03-02,43.6,76.0
Chennai,2020-03-03,42.16,96.0
Chennai,2020-03-04,33.29,84.0
Chennai,2020-03-05,26.69,77.0
Chennai,2020-03-06,24.95,61.0
Chennai,2020-03-07,30.94,69.0
Chennai,2020-03-08,21.85,57.0
Chennai,2020-03-09,25.93,65.0
Chennai,2020-03-10,27.37,61.0
Chennai,2020-03-11,16.69,76.0
Chennai,2020-03-12,24.94,65.0
Chennai,2020-03-13,35.65,72.0
Chennai,2020-03-14,39.29,74.0
Chennai,2020-03-15,38.48,79.0
Chennai,2020-03-16,33.26,66.0
Chennai,2020-03-17,41.56,76.0
Chennai,2020-03-18,39.41,92.0
Chennai,2020-03-19,44.73,88.0
Chennai,2020-03-20,32.68,95.0
Chennai,2020-03-21,29.1,80.0
Chennai,2020-03-22,39.42,71.0
Chennai,2020-03-23,31.91,73.0
Chennai,2020-03-24,24.22,57.0
Chennai,2020-03-25,22.43,58.0
Chennai,2020-03-26,31.57,54.0
Chennai,2020-03-27,27.6,59.0
Chennai,2020-03-28,34.81,55.0
Chennai,2020-03-29,26.79,53.0
Chennai,2020-03-30,29.31,50.0
Chennai,2020-03-31,31.56,60.0
Chennai,2020-04-01,32.94,75.0
Chennai,2020-04-02,31.17,74.0
Chennai,2020-04-03,24.81,72.0
Chennai,2020-04-04,20.77,67.0
Chennai,2020-04-05,21.59,66.0
Chennai,2020-04-06,14.27,57.0
Chennai,2020-04-07,11.9,55.0
Chennai,2020-04-08,14.77,55.0
Chennai,2020-04-09,14.71,55.0
Chennai,2020-04-10,41.02,80.0
Chennai,2020-04-11,15.66,60.0
Chennai,2020-04-12,14.86,59.0
Chennai,2020-04-13,17.95,64.0
Chennai,2020-04-14,17.87,65.0
Chennai,2020-04-15,14.64,62.0
Chennai,2020-04-16,20.3,65.0
Chennai,2020-04-17,8.43,65.0
Chennai,2020-04-18,8.94,56.0
Chennai,2020-04-19,8.1,59.0
Chennai,2020-04-20,9.71,59.0
Chennai,2020-04-21,10.67,61.0
Chennai,2020-04-22,12.65,60.0
Chennai,2020-04-23,8.06,56.0
Chennai,2020-04-24,8.08,58.0
Chennai,2020-04-25,10.46,67.0
Chennai,2020-04-26,10.76,66.0
Chennai,2020-04-27,10.46,60.0
Chennai,2020-04-28,6.55,68.0
Chennai,2020-04-29,11.11,69.0
Chennai,2020-04-30,10.39,70.0
Chennai,2020-05-01,14.13,71.0
Chennai,2020-05-02,13.08,70.0
Chennai,2020-05-03,11.67,71.0
Chennai,2020-05-04,7.03,66.0
Chennai,2020-05-05,19.68,81.0
Chennai,2020-05-06,10.11,78.0
Chennai,2020-05-07,11.23,73.0
Chennai,2020-05-08,11.72,76.0
Chennai,2020-05-09,9.99,65.0
Chennai,2020-05-10,9.64,69.0
Chennai,2020-05-11,8.36,66.0
Chennai,2020-05-12,8.82,68.0
Chennai,2020-05-13,15.57,69.0
Chennai,2020-05-14,8.72,77.0
Chennai,2020-05-15,20.25,70.0
Chennai,2020-05-16,28.71,82.0
Chennai,2020-05-17,10.99,68.0
Chennai,2020-05-18,18.49,76.0
Chennai,2020-05-19,28.06,82.0
Chennai,2020-05-20,30.39,90.0
Chennai,2020-05-21,27.01,92.0
Chennai,2020-05-22,23.02,102.0
Chennai,2020-05-23,21.24,77.0
Chennai,2020-05-24,22.78,81.0
Chennai,2020-05-25,25.2,79.0
Chennai,2020-05-26,27.82,79.0
Chennai,2020-05-27,20.0,77.0
Chennai,2020-05-28,31.03,79.0
Chennai,2020-05-29,38.3,112.0
Chennai,2020-05-30,33.99,105.0
Chennai,2020-05-31,18.85,88.0
Chennai,2020-06-01,36.15,101.0
Chennai,2020-06-02,18.83,95.0
Chennai,2020-06-03,20.61,76.0
Chennai,2020-06-04,18.5,99.0
Chennai,2020-06-05,18.53,81.0
Chennai,2020-06-06,40.73,92.0
Chennai,2020-06-07,20.52,128.0
Chennai,2020-06-08,23.04,85.0
Chennai,2020-06-09,22.43,87.0
Chennai,2020-06-10,30.42,80.0
Chennai,2020-06-11,26.37,106.0
Chennai,2020-06-12,104.45,169.0
Chennai,2020-06-13,20.76,112.0
Chennai,2020-06-14,20.17,80.0
Chennai,2020-06-15,19.34,79.0
Chennai,2020-06-16,24.1,86.0
Chennai,2020-06-17,32.37,96.0
Chennai,2020-06-18,23.89,112.0
Chennai,2020-06-19,29.8,109.0
Chennai,2020-06-20,89.92,152.0
Chennai,2020-06-21,26.53,140.0
Chennai,2020-06-22,23.55,106.0
Chennai,2020-06-23,18.95,109.0
Chennai,2020-06-24,28.83,102.0
Chennai,2020-06-25,23.13,108.0
Chennai,2020-06-26,23.75,95.0
Chennai,2020-06-27,26.42,95.0
Chennai,2020-06-28,25.93,98.0
Chennai,2020-06-29,21.3,104.0
Chennai,2020-06-30,24.14,110.0
Chennai,2020-07-01,15.95,92.0
Kolkata,2018-04-11,29.0,73.0
Kolkata,2018-04-12,21.7,60.0
Kolkata,2018-04-13,23.09,74.0
Kolkata,2018-04-14,21.56,83.0
Kolkata,2018-04-15,30.28,95.0
Kolkata,2018-04-16,26.72,88.0
Kolkata,2018-04-17,24.37,69.0
Kolkata,2018-06-16,47.55,119.0
Kolkata,2018-06-17,45.04,113.0
Kolkata,2018-06-18,50.1,107.0
Kolkata,2018-06-19,39.25,148.0
Kolkata,2018-06-20,24.44,94.0
Kolkata,2018-06-21,31.68,100.0
Kolkata,2018-06-22,25.22,60.0
Kolkata,2018-06-23,22.95,47.0
Kolkata,2018-06-24,24.61,48.0
Kolkata,2018-06-25,28.6,50.0
Kolkata,2018-06-26,30.5,61.0
Kolkata,2018-06-27,22.66,53.0
Kolkata,2018-06-28,24.4,34.0
Kolkata,2018-06-29,16.11,46.0
Kolkata,2018-06-30,28.7,50.0
Kolkata,2018-07-01,27.7,58.0
Kolkata,2018-07-02,29.26,62.0
Kolkata,2018-07-03,27.81,50.0
Kolkata,2018-07-04,33.61,58.0
Kolkata,2018-07-05,42.66,57.0
Kolkata,2018-07-06,40.26,77.0
Kolkata,2018-07-07,18.54,65.0
Kolkata,2018-07-08,9.84,36.0
Kolkata,2018-07-09,15.7,36.0
Kolkata,2018-07-10,18.81,56.0
Kolkata,2018-07-11,18.01,49.0
Kolkata,2018-07-12,18.38,42.0
Kolkata,2018-07-13,13.55,39.0
Kolkata,2018-07-14,12.25,41.0
Kolkata,2018-07-15,7.72,28.0
Kolkata,2018-07-16,7.64,26.0
Kolkata,2018-07-17,12.9,42.0
Kolkata,2018-07-18,14.91,46.0
Kolkata,2018-07-19,16.16,46.0
Kolkata,2018-07-20,17.75,56.0
Kolkata,2018-07-21,6.06,36.0
Kolkata,2018-07-22,6.68,34.0
Kolkata,2018-07-23,22.03,38.0
Kolkata,2018-07-24,23.92,56.0
Kolkata,2018-07-25,32.59,59.0
Kolkata,2018-07-26,23.63,57.0
Kolkata,2018-07-27,28.19,55.0
Kolkata,2018-07-28,40.4,68.0
Kolkata,2018-07-29,44.14,79.0
Kolkata,2018-07-30,33.26,76.0
Kolkata,2018-07-31,37.07,72.0
Kolkata,2018-08-01,29.1,75.0
Kolkata,2018-08-02,33.29,71.0
Kolkata,2018-08-03,41.84,78.0
Kolkata,2018-08-04,42.38,82.0
Kolkata,2018-08-05,33.39,81.0
Kolkata,2018-08-06,33.48,85.0
Kolkata,2018-08-07,15.58,77.0
Kolkata,2018-08-08,18.05,66.0
Kolkata,2018-08-09,17.7,70.0
Kolkata,2018-08-10,22.57,73.0
Kolkata,2018-08-11,19.17,68.0
Kolkata,2018-08-12,16.08,68.0
Kolkata,2018-08-13,14.69,68.0
Kolkata,2018-08-14,11.39,68.0
Kolkata,2018-08-15,6.93,63.0
Kolkata,2018-08-16,12.13,67.0
Kolkata,2018-08-17,16.13,72.0
Kolkata,2018-08-18,17.0,66.0
Kolkata,2018-08-19,27.16,76.0
Kolkata,2018-08-20,12.88,63.0
Kolkata,2018-08-21,8.15,65.0
Kolkata,2018-08-22,23.34,76.0
Kolkata,2018-08-23,30.55,69.0
Kolkata,2018-08-24,30.26,70.0
Kolkata,2018-08-25,20.94,71.0
Kolkata,2018-08-26,7.93,59.0
Kolkata,2018-08-27,7.05,57.0
Kolkata,2018-08-28,12.35,61.0
Kolkata,2018-08-29,14.53,63.0
Kolkata,2018-08-30,29.25,74.0
Kolkata,2018-08-31,33.6,78.0
Kolkata,2018-09-01,12.81,65.0
Kolkata,2018-09-02,17.66,66.0
Kolkata,2018-09-03,33.71,71.0
Kolkata,2018-09-04,49.03,81.0
Kolkata,2018-09-05,29.75,86.0
Kolkata,2018-09-06,11.17,59.0
Kolkata,2018-09-07,14.2,58.0
Kolkata,2018-09-08,20.14,67.0
Kolkata,2018-09-09,19.4,63.0
Kolkata,2018-09-10,29.06,66.0
Kolkata,2018-09-11,35.32,74.0
Kolkata,2018-09-12,46.23,83.0
Kolkata,2018-09-13,56.84,89.0
Kolkata,2018-09-14,55.87,98.0
Kolkata,2018-09-15,56.61,106.0
Kolkata,2018-09-16,61.52,114.0
Kolkata,2018-09-17,66.04,105.0
Kolkata,2018-09-18,61.13,113.0
Kolkata,2018-09-19,63.91,110.0
Kolkata,2018-09-20,19.06,80.0
Kolkata,2018-09-21,7.63,57.0
Kolkata,2018-09-22,15.65,63.0
Kolkata,2018-09-23,19.86,67.0
Kolkata,2018-09-24,21.67,60.0
Kolkata,2018-09-25,35.85,75.0
Kolkata,2018-09-26,46.55,91.0
Kolkata,2018-09-27,57.59,99.0
Kolkata,2018-09-28,63.57,102.0
Kolkata,2018-09-29,60.23,103.0
Kolkata,2018-09-30,66.41,121.0
Kolkata,2018-10-01,70.58,143.0
Kolkata,2018-10-02,62.53,118.0
Kolkata,2018-10-03,61.41,105.0
Kolkata,2018-10-04,79.58,145.0
Kolkata,2018-10-05,91.06,188.0
Kolkata,2018-10-06,99.65,220.0
Kolkata,2018-10-07,101.69,250.0
Kolkata,2018-10-08,102.72,237.0
Kolkata,2018-10-09,49.4,149.0
Kolkata,2018-10-10,9.55,83.0
Kolkata,2018-10-11,8.51,107.0
Kolkata,2018-10-12,17.35,122.0
Kolkata,2018-10-13,22.46,64.0
Kolkata,2018-10-14,34.8,70.0
Kolkata,2018-10-15,48.46,93.0
Kolkata,2018-10-16,59.26,95.0
Kolkata,2018-10-17,86.87,167.0
Kolkata,2018-10-18,79.18,156.0
Kolkata,2018-10-19,83.31,184.0
Kolkata,2018-10-20,100.26,222.0
Kolkata,2018-10-21,97.88,230.0
Kolkata,2018-10-22,101.08,219.0
Kolkata,2018-10-23,107.64,255.0
Kolkata,2018-10-24,100.85,248.0
Kolkata,2018-10-25,91.93,217.0
Kolkata,2018-10-26,123.38,276.0
Kolkata,2018-10-27,106.58,281.0
Kolkata,2018-10-28,83.47,209.0
Kolkata,2018-10-29,28.53,90.0
Kolkata,2018-10-30,17.27,59.0
Kolkata,2018-10-31,9.37,53.0
Kolkata,2018-11-01,23.18,94.0
Kolkata,2018-11-02,30.72,114.0
Kolkata,2018-11-03,41.75,125.0
Kolkata,2018-11-04,30.55,92.0
Kolkata,2018-11-05,32.08,63.0
Kolkata,2018-11-06,102.66,82.0
Kolkata,2018-11-07,233.1,375.0
Kolkata,2018-11-08,276.33,431.0
Kolkata,2018-11-09,183.88,350.0
Kolkata,2018-11-10,171.76,352.0
Kolkata,2018-11-11,132.37,316.0
Kolkata,2018-11-12,143.84,297.0
Kolkata,2018-11-13,183.64,331.0
Kolkata,2018-11-14,190.03,350.0
Kolkata,2018-11-15,172.8,346.0
Kolkata,2018-11-16,142.65,325.0
Kolkata,2018-11-17,131.5,282.0
Kolkata,2018-11-18,156.47,322.0
Kolkata,2018-11-19,130.82,293.0
Kolkata,2018-11-20,160.56,320.0
Kolkata,2018-11-21,154.97,335.0
Kolkata,2018-11-22,199.32,339.0
Kolkata,2018-11-23,187.21,358.0
Kolkata,2018-11-24,206.07,357.0
Kolkata,2018-11-25,243.93,389.0
Kolkata,2018-11-26,164.48,365.0
Kolkata,2018-11-27,99.56,291.0
Kolkata,2018-11-28,98.39,260.0
Kolkata,2018-11-29,105.53,282.0
Kolkata,2018-11-30,116.97,274.0
Kolkata,2018-12-01,153.41,308.0
Kolkata,2018-12-02,153.39,322.0
Kolkata,2018-12-03,168.37,332.0
Kolkata,2018-12-04,183.93,343.0
Kolkata,2018-12-05,239.87,388.0
Kolkata,2018-12-06,220.71,384.0
Kolkata,2018-12-07,267.93,425.0
Kolkata,2018-12-08,253.8,399.0
Kolkata,2018-12-09,227.13,418.0
Kolkata,2018-12-10,199.91,407.0
Kolkata,2018-12-11,211.39,381.0
Kolkata,2018-12-12,183.49,351.0
Kolkata,2018-12-13,130.86,325.0
Kolkata,2018-12-14,130.09,294.0
Kolkata,2018-12-15,133.61,291.0
Kolkata,2018-12-16,121.38,267.0
Kolkata,2018-12-17,116.95,276.0
Kolkata,2018-12-18,64.86,183.0
Kolkata,2018-12-19,74.22,133.0
Kolkata,2018-12-20,122.11,224.0
Kolkata,2018-12-21,204.44,340.0
Kolkata,2018-12-22,231.21,382.0
Kolkata,2018-12-23,204.65,371.0
Kolkata,2018-12-24,177.51,347.0
Kolkata,2018-12-25,209.44,356.0
Kolkata,2018-12-26,197.41,372.0
Kolkata,2018-12-27,258.54,390.0
Kolkata,2018-12-28,222.12,387.0
Kolkata,2018-12-29,237.11,379.0
Kolkata,2018-12-30,187.3,370.0
Kolkata,2018-12-31,177.21,341.0
Kolkata,2019-01-01,209.31,370.0
Kolkata,2019-01-02,172.39,351.0
Kolkata,2019-01-03,244.09,363.0
Kolkata,2019-01-04,264.84,431.0
Kolkata,2019-01-05,219.26,391.0
Kolkata,2019-01-06,159.43,346.0
Kolkata,2019-01-07,158.89,335.0
Kolkata,2019-01-08,175.47,335.0
Kolkata,2019-01-09,189.25,346.0
Kolkata,2019-01-10,227.08,369.0
Kolkata,2019-01-11,211.01,369.0
Kolkata,2019-01-12,264.75,405.0
Kolkata,2019-01-13,219.44,387.0
Kolkata,2019-01-14,282.9,408.0
Kolkata,2019-01-15,217.59,406.0
Kolkata,2019-01-16,157.3,338.0
Kolkata,2019-01-17,208.75,349.0
Kolkata,2019-01-18,230.95,381.0
Kolkata,2019-01-19,269.06,421.0
Kolkata,2019-01-20,252.42,407.0
Kolkata,2019-01-21,266.1,425.0
Kolkata,2019-01-22,304.74,463.0
Kolkata,2019-01-23,282.8,475.0
Kolkata,2019-01-24,214.45,391.0
Kolkata,2019-01-25,157.14,346.0
Kolkata,2019-01-26,126.08,299.0
Kolkata,2019-01-27,112.94,255.0
Kolkata,2019-01-28,112.49,258.0
Kolkata,2019-01-29,97.05,233.0
Kolkata,2019-01-30,103.58,242.0
Kolkata,2019-01-31,153.89,291.0
Kolkata,2019-02-01,163.65,331.0
Kolkata,2019-02-02,207.09,361.0
Kolkata,2019-02-03,183.64,356.0
Kolkata,2019-02-04,164.48,335.0
Kolkata,2019-02-05,169.86,337.0
Kolkata,2019-02-06,194.51,349.0
Kolkata,2019-02-07,180.67,350.0
Kolkata,2019-02-08,153.28,321.0
Kolkata,2019-02-09,113.11,275.0
Kolkata,2019-02-10,57.85,178.0
Kolkata,2019-02-11,90.05,167.0
Kolkata,2019-02-12,125.98,264.0
Kolkata,2019-02-13,130.91,288.0
Kolkata,2019-02-14,195.34,345.0
Kolkata,2019-02-15,206.83,360.0
Kolkata,2019-02-16,115.8,307.0
Kolkata,2019-02-17,96.52,229.0
Kolkata,2019-02-18,113.34,240.0
Kolkata,2019-02-19,152.16,295.0
Kolkata,2019-02-20,95.73,236.0
Kolkata,2019-02-21,157.09,278.0
Kolkata,2019-02-22,94.94,247.0
Kolkata,2019-02-23,106.79,224.0
Kolkata,2019-02-24,114.95,286.0
Kolkata,2019-02-25,81.45,205.0
Kolkata,2019-02-26,49.4,135.0
Kolkata,2019-02-27,28.96,76.0
Kolkata,2019-02-28,36.08,75.0
Kolkata,2019-03-01,60.77,141.0
Kolkata,2019-03-02,85.85,199.0
Kolkata,2019-03-03,114.86,256.0
Kolkata,2019-03-04,97.47,242.0
Kolkata,2019-03-05,56.44,129.0
Kolkata,2019-03-06,73.88,144.0
Kolkata,2019-03-07,89.06,212.0
Kolkata,2019-03-08,82.36,184.0
Kolkata,2019-03-09,85.52,200.0
Kolkata,2019-03-10,66.32,162.0
Kolkata,2019-03-11,64.17,101.0
Kolkata,2019-03-12,90.0,189.0
Kolkata,2019-03-13,68.87,150.0
Kolkata,2019-03-14,89.98,178.0
Kolkata,2019-03-15,88.46,207.0
Kolkata,2019-03-16,52.9,130.0
Kolkata,2019-03-17,75.4,131.0
Kolkata,2019-03-18,48.07,119.0
Kolkata,2019-03-19,60.48,122.0
Kolkata,2019-03-20,67.03,115.0
Kolkata,2019-03-21,60.11,144.0
Kolkata,2019-03-22,50.03,98.0
Kolkata,2019-03-23,67.63,114.0
Kolkata,2019-03-24,81.82,192.0
Kolkata,2019-03-25,100.22,226.0
Kolkata,2019-03-26,82.49,214.0
Kolkata,2019-03-27,62.36,141.0
Kolkata,2019-03-28,61.16,133.0
Kolkata,2019-03-29,53.72,116.0
Kolkata,2019-03-30,54.17,96.0
Kolkata,2019-03-31,50.23,106.0
Kolkata,2019-04-01,27.98,74.0
Kolkata,2019-04-02,47.53,69.0
Kolkata,2019-04-03,43.55,88.0
Kolkata,2019-04-04,41.47,83.0
Kolkata,2019-04-05,43.05,79.0
Kolkata,2019-04-06,41.82,86.0
Kolkata,2019-04-07,33.47,79.0
Kolkata,2019-04-08,34.9,77.0
Kolkata,2019-04-09,36.38,68.0
Kolkata,2019-04-10,30.36,66.0
Kolkata,2019-04-11,36.29,60.0
Kolkata,2019-04-12,34.96,63.0
Kolkata,2019-04-13,38.4,73.0
Kolkata,2019-04-14,37.68,67.0
Kolkata,2019-04-15,37.91,68.0
Kolkata,2019-04-16,52.47,79.0
Kolkata,2019-04-17,64.22,119.0
Kolkata,2019-04-18,76.6,169.0
Kolkata,2019-04-19,77.82,166.0
Kolkata,2019-04-20,55.14,135.0
Kolkata,2019-04-21,41.44,86.0
Kolkata,2019-04-22,47.76,87.0
Kolkata,2019-04-23,38.95,87.0
Kolkata,2019-04-24,36.62,80.0
Kolkata,2019-04-25,32.45,65.0
Kolkata,2019-04-26,40.39,66.0
Kolkata,2019-04-27,46.78,85.0
Kolkata,2019-04-28,37.93,82.0
Kolkata,2019-04-29,27.48,78.0
Kolkata,2019-04-30,24.32,120.0
Kolkata,2019-05-01,19.24,73.0
Kolkata,2019-05-02,17.81,36.0
Kolkata,2019-05-03,16.59,38.0
Kolkata,2019-05-04,22.34,49.0
Kolkata,2019-05-05,55.45,86.0
Kolkata,2019-05-06,55.4,108.0
Kolkata,2019-05-07,61.78,116.0
Kolkata,2019-05-08,67.4,122.0
Kolkata,2019-05-09,66.57,124.0
Kolkata,2019-05-10,65.47,126.0
Kolkata,2019-05-11,55.4,117.0
Kolkata,2019-05-12,53.61,107.0
Kolkata,2019-05-13,47.28,100.0
Kolkata,2019-05-14,37.4,84.0
Kolkata,2019-05-15,42.19,98.0
Kolkata,2019-05-16,44.95,90.0
Kolkata,2019-05-17,52.68,93.0
Kolkata,2019-05-18,50.03,96.0
Kolkata,2019-05-19,51.42,96.0
Kolkata,2019-05-20,43.74,92.0
Kolkata,2019-05-21,38.55,90.0
Kolkata,2019-05-22,40.31,86.0
Kolkata,2019-05-23,32.48,82.0
Kolkata,2019-05-24,33.18,74.0
Kolkata,2019-05-25,30.37,75.0
Kolkata,2019-05-26,36.76,66.0
Kolkata,2019-05-27,47.25,87.0
Kolkata,2019-05-28,43.54,89.0
Kolkata,2019-05-29,44.23,86.0
Kolkata,2019-05-30,37.55,83.0
Kolkata,2019-05-31,31.79,76.0
Kolkata,2019-06-01,36.25,76.0
Kolkata,2019-06-02,28.84,69.0
Kolkata,2019-06-03,31.32,71.0
Kolkata,2019-06-04,31.93,72.0
Kolkata,2019-06-05,27.66,61.0
Kolkata,2019-06-06,20.3,48.0
Kolkata,2019-06-07,19.04,49.0
Kolkata,2019-06-08,15.87,47.0
Kolkata,2019-06-09,31.08,64.0
Kolkata,2019-06-10,34.28,80.0
Kolkata,2019-06-11,31.04,70.0
Kolkata,2019-06-12,32.61,67.0
Kolkata,2019-06-13,43.52,94.0
Kolkata,2019-06-14,52.05,101.0
Kolkata,2019-06-15,37.14,88.0
Kolkata,2019-06-16,31.52,79.0
Kolkata,2019-06-17,50.58,82.0
Kolkata,2019-06-18,48.86,105.0
Kolkata,2019-06-19,50.99,95.0
Kolkata,2019-06-20,41.77,92.0
Kolkata,2019-06-21,19.24,54.0
Kolkata,2019-06-22,19.23,46.0
Kolkata,2019-06-23,17.54,57.0
Kolkata,2019-06-24,26.09,56.0
Kolkata,2019-06-25,21.93,61.0
Kolkata,2019-06-26,19.68,54.0
Kolkata,2019-06-27,22.86,62.0
Kolkata,2019-06-28,31.59,73.0
Kolkata,2019-06-29,44.03,78.0
Kolkata,2019-06-30,47.54,98.0
Kolkata,2019-07-01,23.16,71.0
Kolkata,2019-07-02,17.6,45.0
Kolkata,2019-07-03,20.48,58.0
Kolkata,2019-07-04,32.09,68.0
Kolkata,2019-07-05,27.6,67.0
Kolkata,2019-07-06,28.76,58.0
Kolkata,2019-07-07,19.65,52.0
Kolkata,2019-07-08,27.94,56.0
Kolkata,2019-07-09,26.94,64.0
Kolkata,2019-07-10,26.2,60.0
Kolkata,2019-07-11,28.7,64.0
Kolkata,2019-07-12,29.63,66.0
Kolkata,2019-07-13,35.3,69.0
Kolkata,2019-07-14,41.91,83.0
Kolkata,2019-07-15,45.48,97.0
Kolkata,2019-07-16,43.74,97.0
Kolkata,2019-07-17,57.6,106.0
Kolkata,2019-07-18,44.18,91.0
Kolkata,2019-07-19,15.02,53.0
Kolkata,2019-07-20,22.92,44.0
Kolkata,2019-07-21,25.98,54.0
Kolkata,2019-07-22,19.9,50.0
Kolkata,2019-07-23,16.06,47.0
Kolkata,2019-07-24,14.63,44.0
Kolkata,2019-07-25,36.9,60.0
Kolkata,2019-07-26,32.16,66.0
Kolkata,2019-07-27,25.09,56.0
Kolkata,2019-07-28,12.07,43.0
Kolkata,2019-07-29,10.12,33.0
Kolkata,2019-07-30,21.44,44.0
Kolkata,2019-07-31,23.4,54.0
Kolkata,2019-08-01,23.61,59.0
Kolkata,2019-08-02,17.93,46.0
Kolkata,2019-08-03,25.22,64.0
Kolkata,2019-08-04,39.37,64.0
Kolkata,2019-08-05,33.97,73.0
Kolkata,2019-08-06,25.88,65.0
Kolkata,2019-08-07,9.07,38.0
Kolkata,2019-08-08,11.36,34.0
Kolkata,2019-08-09,21.7,43.0
Kolkata,2019-08-10,32.78,61.0
Kolkata,2019-08-11,45.57,105.0
Kolkata,2019-08-12,29.86,68.0
Kolkata,2019-08-13,13.17,48.0
Kolkata,2019-08-14,29.6,45.0
Kolkata,2019-08-15,25.81,56.0
Kolkata,2019-08-16,27.99,51.0
Kolkata,2019-08-17,20.92,48.0
Kolkata,2019-08-18,18.3,46.0
Kolkata,2019-08-19,13.95,39.0
Kolkata,2019-08-20,27.41,50.0
Kolkata,2019-08-21,30.31,58.0
Kolkata,2019-08-22,31.91,64.0
Kolkata,2019-08-23,18.15,62.0
Kolkata,2019-08-24,18.41,55.0
Kolkata,2019-08-25,13.74,50.0
Kolkata,2019-08-26,12.82,49.0
Kolkata,2019-08-27,16.68,43.0
Kolkata,2019-08-28,24.71,51.0
Kolkata,2019-08-29,14.31,54.0
Kolkata,2019-08-30,18.83,47.0
Kolkata,2019-08-31,16.54,40.0
Kolkata,2019-09-01,26.16,50.0
Kolkata,2019-09-02,15.99,53.0
Kolkata,2019-09-03,10.64,48.0
Kolkata,2019-09-04,10.37,39.0
Kolkata,2019-09-05,10.02,34.0
Kolkata,2019-09-06,8.77,34.0
Kolkata,2019-09-07,11.06,34.0
Kolkata,2019-09-08,12.63,36.0
Kolkata,2019-09-09,18.89,49.0
Kolkata,2019-09-10,20.96,49.0
Kolkata,2019-09-11,15.06,50.0
Kolkata,2019-09-12,18.3,43.0
Kolkata,2019-09-13,13.73,44.0
Kolkata,2019-09-14,18.34,59.0
Kolkata,2019-09-15,22.12,74.0
Kolkata,2019-09-16,20.66,53.0
Kolkata,2019-09-17,19.19,45.0
Kolkata,2019-09-18,12.38,37.0
Kolkata,2019-09-19,9.88,33.0
Kolkata,2019-09-20,20.57,54.0
Kolkata,2019-09-21,26.92,74.0
Kolkata,2019-09-22,22.27,61.0
Kolkata,2019-09-23,13.46,44.0
Kolkata,2019-09-24,7.86,31.0
Kolkata,2019-09-25,11.71,36.0
Kolkata,2019-09-26,18.45,46.0
Kolkata,2019-09-27,19.27,48.0
Kolkata,2019-09-28,19.66,47.0
Kolkata,2019-09-29,14.96,44.0
Kolkata,2019-09-30,14.36,42.0
Kolkata,2019-10-01,32.51,56.0
Kolkata,2019-10-02,53.48,86.0
Kolkata,2019-10-03,38.11,78.0
Kolkata,2019-10-04,32.16,70.0
Kolkata,2019-10-05,36.38,72.0
Kolkata,2019-10-06,41.4,90.0
Kolkata,2019-10-07,33.22,77.0
Kolkata,2019-10-08,25.16,78.0
Kolkata,2019-10-09,11.61,51.0
Kolkata,2019-10-10,14.75,51.0
Kolkata,2019-10-11,37.23,95.0
Kolkata,2019-10-12,50.35,110.0
Kolkata,2019-10-13,69.61,116.0
Kolkata,2019-10-14,69.89,148.0
Kolkata,2019-10-15,64.09,135.0
Kolkata,2019-10-16,56.62,129.0
Kolkata,2019-10-17,50.03,94.0
Kolkata,2019-10-18,62.88,149.0
Kolkata,2019-10-19,61.12,145.0
Kolkata,2019-10-20,63.0,118.0
Kolkata,2019-10-21,87.18,184.0
Kolkata,2019-10-22,68.66,174.0
Kolkata,2019-10-23,83.63,181.0
Kolkata,2019-10-24,34.47,121.0
Kolkata,2019-10-25,17.39,55.0
Kolkata,2019-10-26,33.33,54.0
Kolkata,2019-10-27,97.83,114.0
Kolkata,2019-10-28,129.59,289.0
Kolkata,2019-10-29,120.12,265.0
Kolkata,2019-10-30,102.54,251.0
Kolkata,2019-10-31,106.31,255.0
Kolkata,2019-11-01,101.59,249.0
Kolkata,2019-11-02,75.18,195.0
Kolkata,2019-11-03,67.16,140.0
Kolkata,2019-11-04,71.91,133.0
Kolkata,2019-11-05,118.34,208.0
Kolkata,2019-11-06,141.21,296.0
Kolkata,2019-11-07,88.07,236.0
Kolkata,2019-11-08,50.55,159.0
Kolkata,2019-11-09,11.92,64.0
Kolkata,2019-11-10,19.4,53.0
Kolkata,2019-11-11,31.74,70.0
Kolkata,2019-11-12,83.3,173.0
Kolkata,2019-11-13,93.94,240.0
Kolkata,2019-11-14,78.47,199.0
Kolkata,2019-11-15,73.73,186.0
Kolkata,2019-11-16,86.92,187.0
Kolkata,2019-11-17,91.89,207.0
Kolkata,2019-11-18,106.34,235.0
Kolkata,2019-11-19,94.08,246.0
Kolkata,2019-11-20,93.97,237.0
Kolkata,2019-11-21,90.03,216.0
Kolkata,2019-11-22,89.43,197.0
Kolkata,2019-11-23,110.7,234.0
Kolkata,2019-11-24,132.43,295.0
Kolkata,2019-11-25,117.23,278.0
Kolkata,2019-11-26,117.32,279.0
Kolkata,2019-11-27,114.92,276.0
Kolkata,2019-11-28,74.28,211.0
Kolkata,2019-11-29,83.26,207.0
Kolkata,2019-11-30,107.68,242.0
Kolkata,2019-12-01,92.93,247.0
Kolkata,2019-12-02,82.72,191.0
Kolkata,2019-12-03,95.06,205.0
Kolkata,2019-12-04,101.36,241.0
Kolkata,2019-12-05,85.69,202.0
Kolkata,2019-12-06,71.72,183.0
Kolkata,2019-12-07,68.23,163.0
Kolkata,2019-12-08,76.4,201.0
Kolkata,2019-12-09,61.42,129.0
Kolkata,2019-12-10,57.4,151.0
Kolkata,2019-12-11,74.26,146.0
Kolkata,2019-12-12,67.18,139.0
Kolkata,2019-12-13,101.93,193.0
Kolkata,2019-12-14,121.48,257.0
Kolkata,2019-12-15,96.64,269.0
Kolkata,2019-12-16,60.88,159.0
Kolkata,2019-12-17,65.04,129.0
Kolkata,2019-12-18,69.51,143.0
Kolkata,2019-12-19,68.66,145.0
Kolkata,2019-12-20,83.06,165.0
Kolkata,2019-12-21,121.14,258.0
Kolkata,2019-12-22,109.38,253.0
Kolkata,2019-12-23,120.65,274.0
Kolkata,2019-12-24,123.92,295.0
Kolkata,2019-12-25,104.65,274.0
Kolkata,2019-12-26,107.72,269.0
Kolkata,2019-12-27,79.44,179.0
Kolkata,2019-12-28,118.6,251.0
Kolkata,2019-12-29,95.05,241.0
Kolkata,2019-12-30,114.01,235.0
Kolkata,2019-12-31,128.67,289.0
Kolkata,2020-01-01,128.62,298.0
Kolkata,2020-01-02,114.73,267.0
Kolkata,2020-01-03,54.29,201.0
Kolkata,2020-01-04,47.11,91.0
Kolkata,2020-01-05,91.78,182.0
Kolkata,2020-01-06,94.41,217.0
Kolkata,2020-01-07,101.15,203.0
Kolkata,2020-01-08,107.83,264.0
Kolkata,2020-01-09,84.88,200.0
Kolkata,2020-01-10,84.49,179.0
Kolkata,2020-01-11,78.54,162.0
Kolkata,2020-01-12,83.17,194.0
Kolkata,2020-01-13,89.03,184.0
Kolkata,2020-01-14,146.7,286.0
Kolkata,2020-01-15,176.49,338.0
Kolkata,2020-01-16,145.88,347.0
Kolkata,2020-01-17,111.02,277.0
Kolkata,2020-01-18,82.65,219.0
Kolkata,2020-01-19,83.41,196.0
Kolkata,2020-01-20,62.35,148.0
Kolkata,2020-01-21,75.02,172.0
Kolkata,2020-01-22,102.79,229.0
Kolkata,2020-01-23,118.1,260.0
Kolkata,2020-01-24,84.27,248.0
Kolkata,2020-01-25,62.5,157.0
Kolkata,2020-01-26,106.39,234.0
Kolkata,2020-01-27,107.8,254.0
Kolkata,2020-01-28,115.41,278.0
Kolkata,2020-01-29,51.86,175.0
Kolkata,2020-01-30,56.91,102.0
Kolkata,2020-01-31,73.09,163.0
Kolkata,2020-02-01,61.11,159.0
Kolkata,2020-02-02,67.01,174.0
Kolkata,2020-02-03,66.42,156.0
Kolkata,2020-02-04,79.24,184.0
Kolkata,2020-02-05,101.36,222.0
Kolkata,2020-02-06,78.36,192.0
Kolkata,2020-02-07,80.67,189.0
Kolkata,2020-02-08,110.11,217.0
Kolkata,2020-02-09,89.17,246.0
Kolkata,2020-02-10,80.91,196.0
Kolkata,2020-02-11,106.37,241.0
Kolkata,2020-02-12,101.11,247.0
Kolkata,2020-02-13,99.03,240.0
Kolkata,2020-02-14,106.87,254.0
Kolkata,2020-02-15,71.25,185.0
Kolkata,2020-02-16,100.15,219.0
Kolkata,2020-02-17,101.37,228.0
Kolkata,2020-02-18,92.52,226.0
Kolkata,2020-02-19,84.06,203.0
Kolkata,2020-02-20,58.63,157.0
Kolkata,2020-02-21,81.15,162.0
Kolkata,2020-02-22,107.24,242.0
Kolkata,2020-02-23,94.78,233.0
Kolkata,2020-02-24,106.36,209.0
Kolkata,2020-02-25,82.03,237.0
Kolkata,2020-02-26,40.94,116.0
Kolkata,2020-02-27,45.0,91.0
Kolkata,2020-02-28,73.23,142.0
Kolkata,2020-02-29,73.68,167.0
Kolkata,2020-03-01,92.08,196.0
Kolkata,2020-03-02,97.45,222.0
Kolkata,2020-03-03,82.48,194.0
Kolkata,2020-03-04,50.13,127.0
Kolkata,2020-03-05,34.26,89.0
Kolkata,2020-03-06,36.1,90.0
Kolkata,2020-03-07,32.81,69.0
Kolkata,2020-03-08,37.96,82.0
Kolkata,2020-03-09,57.01,128.0
Kolkata,2020-03-10,65.59,149.0
Kolkata,2020-03-11,56.77,143.0
Kolkata,2020-03-12,57.54,120.0
Kolkata,2020-03-13,57.2,126.0
Kolkata,2020-03-14,52.17,132.0
Kolkata,2020-03-15,23.34,92.0
Kolkata,2020-03-16,56.05,107.0
Kolkata,2020-03-17,61.94,138.0
Kolkata,2020-03-18,77.16,156.0
Kolkata,2020-03-19,86.38,207.0
Kolkata,2020-03-20,42.09,139.0
Kolkata,2020-03-21,47.22,117.0
Kolkata,2020-03-22,16.18,83.0
Kolkata,2020-03-23,29.31,99.0
Kolkata,2020-03-24,33.21,88.0
Kolkata,2020-03-25,53.01,96.0
Kolkata,2020-03-26,37.02,95.0
Kolkata,2020-03-27,48.1,106.0
Kolkata,2020-03-28,46.57,100.0
Kolkata,2020-03-29,40.85,101.0
Kolkata,2020-03-30,43.56,107.0
Kolkata,2020-03-31,44.67,110.0
Kolkata,2020-04-01,50.19,117.0
Kolkata,2020-04-02,42.51,100.0
Kolkata,2020-04-03,43.08,100.0
Kolkata,2020-04-04,60.85,129.0
Kolkata,2020-04-05,47.78,112.0
Kolkata,2020-04-06,38.78,96.0
Kolkata,2020-04-07,39.33,95.0
Kolkata,2020-04-08,23.45,82.0
Kolkata,2020-04-09,20.26,100.0
Kolkata,2020-04-10,19.11,79.0
Kolkata,2020-04-11,18.03,62.0
Kolkata,2020-04-12,23.56,60.0
Kolkata,2020-04-13,24.5,65.0
Kolkata,2020-04-14,26.65,56.0
Kolkata,2020-04-15,24.33,59.0
Kolkata,2020-04-16,30.15,68.0
Kolkata,2020-04-17,21.85,62.0
Kolkata,2020-04-18,18.37,48.0
Kolkata,2020-04-19,13.35,67.0
Kolkata,2020-04-20,14.57,45.0
Kolkata,2020-04-21,11.81,56.0
Kolkata,2020-04-22,16.18,56.0
Kolkata,2020-04-23,13.48,41.0
Kolkata,2020-04-24,10.49,44.0
Kolkata,2020-04-25,15.3,59.0
Kolkata,2020-04-26,15.74,59.0
Kolkata,2020-04-27,10.67,44.0
Kolkata,2020-04-28,7.71,45.0
Kolkata,2020-04-29,16.66,51.0
Kolkata,2020-04-30,13.88,54.0
Kolkata,2020-05-01,10.46,51.0
Kolkata,2020-05-02,16.81,49.0
Kolkata,2020-05-03,18.04,57.0
Kolkata,2020-05-04,22.15,50.0
Kolkata,2020-05-05,17.49,50.0
Kolkata,2020-05-06,12.66,61.0
Kolkata,2020-05-07,16.77,59.0
Kolkata,2020-05-08,16.16,64.0
Kolkata,2020-05-09,21.76,73.0
Kolkata,2020-05-10,19.3,63.0
Kolkata,2020-05-11,19.21,75.0
Kolkata,2020-05-12,29.09,97.0
Kolkata,2020-05-13,24.23,71.0
Kolkata,2020-05-14,16.61,52.0
Kolkata,2020-05-15,12.3,44.0
Kolkata,2020-05-16,11.23,44.0
Kolkata,2020-05-17,10.61,50.0
Kolkata,2020-05-18,12.93,38.0
Kolkata,2020-05-19,8.32,32.0
Kolkata,2020-05-20,10.3,39.0
Kolkata,2020-05-21,7.3,37.0
Kolkata,2020-05-22,17.4,47.0
Kolkata,2020-05-23,21.78,50.0
Kolkata,2020-05-24,18.89,49.0
Kolkata,2020-05-25,16.54,48.0
Kolkata,2020-05-26,15.14,46.0
Kolkata,2020-05-27,13.81,43.0
Kolkata,2020-05-28,15.07,47.0
Kolkata,2020-05-29,17.5,55.0
Kolkata,2020-05-30,15.02,52.0
Kolkata,2020-05-31,14.29,55.0
Kolkata,2020-06-01,12.65,45.0
Kolkata,2020-06-02,12.76,51.0
Kolkata,2020-06-03,14.58,63.0
Kolkata,2020-06-04,16.0,52.0
Kolkata,2020-06-05,11.25,46.0
Kolkata,2020-06-06,16.85,59.0
Kolkata,2020-06-07,24.22,67.0
Kolkata,2020-06-08,23.13,59.0
Kolkata,2020-06-09,19.63,54.0
Kolkata,2020-06-10,14.39,40.0
Kolkata,2020-06-11,6.99,32.0
Kolkata,2020-06-12,8.7,38.0
Kolkata,2020-06-13,8.96,38.0
Kolkata,2020-06-14,9.93,32.0
Kolkata,2020-06-15,11.99,34.0
Kolkata,2020-06-16,9.9,47.0
Kolkata,2020-06-17,14.57,50.0
Kolkata,2020-06-18,15.18,47.0
Kolkata,2020-06-19,18.5,50.0
Kolkata,2020-06-20,11.11,45.0
Kolkata,2020-06-21,9.3,37.0
Kolkata,2020-06-22,13.7,42.0
Kolkata,2020-06-23,15.9,45.0
Kolkata,2020-06-24,16.98,52.0
Kolkata,2020-06-25,15.53,52.0
Kolkata,2020-06-26,9.59,42.0
Kolkata,2020-06-27,7.89,37.0
Kolkata,2020-06-28,10.58,43.0
Kolkata,2020-06-29,14.53,48.0
Kolkata,2020-06-30,14.0,47.0
Kolkata,2020-07-01,10.53,45.0
Lucknow,2015-03-21,518.1,607.0
Lucknow,2015-03-22,674.43,707.0
Lucknow,2015-03-23,41.71,699.0
Lucknow,2015-03-24,63.06,108.0
Lucknow,2015-03-25,50.6,111.0
Lucknow,2015-03-26,55.31,116.0
Lucknow,2015-03-27,60.99,104.0
Lucknow,2015-03-28,58.69,114.0
Lucknow,2015-03-29,56.07,124.0
Lucknow,2015-03-30,53.07,113.0
Lucknow,2015-03-31,40.51,104.0
Lucknow,2015-04-01,60.06,124.0
Lucknow,2015-04-02,59.78,157.0
Lucknow,2015-04-03,75.52,122.0
Lucknow,2015-04-04,41.71,144.0
Lucknow,2015-04-05,50.51,123.0
Lucknow,2015-04-06,37.74,114.0
Lucknow,2015-04-07,49.06,120.0
Lucknow,2015-04-08,36.35,117.0
Lucknow,2015-04-09,37.09,104.0
Lucknow,2015-04-10,48.37,108.0
Lucknow,2015-04-11,63.86,114.0
Lucknow,2015-04-12,54.17,134.0
Lucknow,2015-04-13,44.54,103.0
Lucknow,2015-04-14,45.94,103.0
Lucknow,2015-04-15,44.87,104.0
Lucknow,2015-04-16,47.12,104.0
Lucknow,2015-04-17,43.82,103.0
Lucknow,2015-04-19,43.04,105.0
Lucknow,2015-04-20,36.72,167.0
Lucknow,2015-04-21,44.07,122.0
Lucknow,2015-04-22,32.86,133.0
Lucknow,2015-04-23,50.1,102.0
Lucknow,2015-04-24,44.39,113.0
Lucknow,2015-04-25,39.98,160.0
Lucknow,2015-04-26,44.83,105.0
Lucknow,2015-04-27,46.26,104.0
Lucknow,2015-04-28,42.06,111.0
Lucknow,2015-04-29,34.93,110.0
Lucknow,2015-04-30,46.02,109.0
Lucknow,2015-05-01,105.39,162.0
Lucknow,2015-05-02,49.21,175.0
Lucknow,2015-05-03,42.74,133.0
Lucknow,2015-05-04,44.41,118.0
Lucknow,2015-05-05,33.52,119.0
Lucknow,2015-05-06,29.95,114.0
Lucknow,2015-05-07,29.69,115.0
Lucknow,2015-05-08,28.56,148.0
Lucknow,2015-05-09,28.45,176.0
Lucknow,2015-05-10,32.08,150.0
Lucknow,2015-05-11,36.26,163.0
Lucknow,2015-05-12,29.07,138.0
Lucknow,2015-05-13,32.94,119.0
Lucknow,2015-05-14,33.4,112.0
Lucknow,2015-05-15,28.85,119.0
Lucknow,2015-05-16,36.88,118.0
Lucknow,2015-05-17,36.01,127.0
Lucknow,2015-05-18,34.55,169.0
Lucknow,2015-05-19,34.76,118.0
Lucknow,2015-05-20,32.51,106.0
Lucknow,2015-05-21,42.98,115.0
Lucknow,2015-05-22,34.6,187.0
Lucknow,2015-05-23,46.62,135.0
Lucknow,2015-05-24,39.74,125.0
Lucknow,2015-05-25,45.86,128.0
Lucknow,2015-05-26,39.79,136.0
Lucknow,2015-05-27,39.79,163.0
Lucknow,2015-05-28,40.78,127.0
Lucknow,2015-05-29,56.01,127.0
Lucknow,2015-05-30,41.14,198.0
Lucknow,2015-05-31,25.56,107.0
Lucknow,2015-06-01,23.1,112.0
Lucknow,2015-06-02,44.99,116.0
Lucknow,2015-06-03,71.26,189.0
Lucknow,2015-06-04,61.85,198.0
Lucknow,2015-06-05,77.49,203.0
Lucknow,2015-06-06,76.8,193.0
Lucknow,2015-06-07,70.64,191.0
Lucknow,2015-06-08,78.15,211.0
Lucknow,2015-06-09,53.52,161.0
Lucknow,2015-06-10,52.4,217.0
Lucknow,2015-06-11,53.19,119.0
Lucknow,2015-06-12,47.72,139.0
Lucknow,2015-06-13,52.73,106.0
Lucknow,2015-06-14,42.28,101.0
Lucknow,2015-06-15,97.19,229.0
Lucknow,2015-06-16,95.8,270.0
Lucknow,2015-06-17,32.33,103.0
Lucknow,2015-06-18,34.61,94.0
Lucknow,2015-06-19,37.29,102.0
Lucknow,2015-06-20,123.5,104.0
Lucknow,2015-06-21,38.13,218.0
Lucknow,2015-06-22,64.33,159.0
Lucknow,2015-06-23,71.33,157.0
Lucknow,2015-06-24,35.56,132.0
Lucknow,2015-06-25,37.82,70.0
Lucknow,2015-06-26,35.19,188.0
Lucknow,2015-06-27,19.15,167.0
Lucknow,2015-06-28,18.09,59.0
Lucknow,2015-06-29,17.86,51.0
Lucknow,2015-06-30,17.81,131.0
Lucknow,2015-07-01,19.69,95.0
Lucknow,2015-07-02,23.32,80.0
Lucknow,2015-07-03,18.64,75.0
Lucknow,2015-07-04,19.77,115.0
Lucknow,2015-07-05,21.85,152.0
Lucknow,2015-07-06,27.82,153.0
Lucknow,2015-07-07,18.85,210.0
Lucknow,2015-07-08,18.47,112.0
Lucknow,2015-07-09,20.98,65.0
Lucknow,2015-07-10,21.6,80.0
Lucknow,2015-07-11,29.6,112.0
Lucknow,2015-07-12,109.79,47.0
Lucknow,2015-07-14,37.85,205.0
Lucknow,2015-07-15,34.86,149.0
Lucknow,2015-07-16,24.42,136.0
Lucknow,2015-07-17,23.99,133.0
Lucknow,2015-07-18,24.5,123.0
Lucknow,2015-07-19,25.45,120.0
Lucknow,2015-07-20,25.49,165.0
Lucknow,2015-07-21,24.02,136.0
Lucknow,2015-07-22,30.2,97.0
Lucknow,2015-07-23,62.19,141.0
Lucknow,2015-07-24,52.39,156.0
Lucknow,2015-07-25,49.34,139.0
Lucknow,2015-07-26,35.5,127.0
Lucknow,2015-07-27,44.01,116.0
Lucknow,2015-07-28,51.09,139.0
Lucknow,2015-07-29,43.47,139.0
Lucknow,2015-07-30,41.28,136.0
Lucknow,2015-07-31,48.46,104.0
Lucknow,2015-08-01,48.58,194.0
Lucknow,2015-08-02,49.0,105.0
Lucknow,2015-08-03,43.58,86.0
Lucknow,2015-08-04,51.67,99.0
Lucknow,2015-08-05,46.36,118.0
Lucknow,2015-08-06,55.45,107.0
Lucknow,2015-08-07,43.3,110.0
Lucknow,2015-08-08,44.99,142.0
Lucknow,2015-08-09,68.06,101.0
Lucknow,2015-08-10,63.08,150.0
Lucknow,2015-08-11,50.4,175.0
Lucknow,2015-08-12,34.61,78.0
Lucknow,2015-08-13,57.71,119.0
Lucknow,2015-08-14,30.81,83.0
Lucknow,2015-08-15,32.36,82.0
Lucknow,2015-08-16,32.23,94.0
Lucknow,2015-08-17,31.72,84.0
Lucknow,2015-08-18,31.98,140.0
Lucknow,2015-08-19,33.01,103.0
Lucknow,2015-08-20,34.33,80.0
Lucknow,2015-08-21,21.08,75.0
Lucknow,2015-08-22,40.93,78.0
Lucknow,2015-08-23,43.9,77.0
Lucknow,2015-08-24,56.57,82.0
Lucknow,2015-08-25,46.62,158.0
Lucknow,2015-08-26,45.44,75.0
Lucknow,2015-08-27,40.47,106.0
Lucknow,2015-08-28,44.58,105.0
Lucknow,2015-08-29,42.75,82.0
Lucknow,2015-08-30,46.2,89.0
Lucknow,2015-08-31,45.17,94.0
Lucknow,2015-09-01,46.76,80.0
Lucknow,2015-09-02,47.64,86.0
Lucknow,2015-09-03,52.43,107.0
Lucknow,2015-09-04,57.1,113.0
Lucknow,2015-09-05,51.36,108.0
Lucknow,2015-09-06,62.46,117.0
Lucknow,2015-09-07,57.19,114.0
Lucknow,2015-09-08,66.99,143.0
Lucknow,2015-09-09,66.88,151.0
Lucknow,2015-09-10,62.73,132.0
Lucknow,2015-09-11,65.64,148.0
Lucknow,2015-09-12,72.15,149.0
Lucknow,2015-09-13,68.23,232.0
Lucknow,2015-09-14,66.15,154.0
Lucknow,2015-09-15,71.73,171.0
Lucknow,2015-09-16,64.24,152.0
Lucknow,2015-09-17,66.17,145.0
Lucknow,2015-09-18,64.64,160.0
Lucknow,2015-09-19,70.56,154.0
Lucknow,2015-09-20,74.68,196.0
Lucknow,2015-09-21,28.82,130.0
Lucknow,2015-09-22,28.26,90.0
Lucknow,2015-09-23,39.66,91.0
Lucknow,2015-09-24,48.54,85.0
Lucknow,2015-09-25,49.65,91.0
Lucknow,2015-09-26,42.27,86.0
Lucknow,2015-09-27,49.92,89.0
Lucknow,2015-09-28,63.28,101.0
Lucknow,2015-09-29,51.42,116.0
Lucknow,2015-09-30,47.21,223.0
Lucknow,2015-10-01,47.78,244.0
Lucknow,2015-10-02,54.13,143.0
Lucknow,2015-10-03,60.88,220.0
Lucknow,2015-10-04,65.59,154.0
Lucknow,2015-10-05,59.33,118.0
Lucknow,2015-10-06,34.68,148.0
Lucknow,2015-10-07,53.63,100.0
Lucknow,2015-10-08,68.67,183.0
Lucknow,2015-10-09,57.76,228.0
Lucknow,2015-10-10,44.58,171.0
Lucknow,2015-10-11,28.45,191.0
Lucknow,2015-10-12,70.75,156.0
Lucknow,2015-10-13,72.43,146.0
Lucknow,2015-10-14,73.52,164.0
Lucknow,2015-10-15,82.39,240.0
Lucknow,2015-10-16,95.47,188.0
Lucknow,2015-10-17,112.56,230.0
Lucknow,2015-10-18,133.81,267.0
Lucknow,2015-10-19,133.94,231.0
Lucknow,2015-10-20,188.69,323.0
Lucknow,2015-10-21,185.78,334.0
Lucknow,2015-10-22,166.1,324.0
Lucknow,2015-10-23,120.87,253.0
Lucknow,2015-10-24,155.09,331.0
Lucknow,2015-10-25,162.6,345.0
Lucknow,2015-10-26,190.97,340.0
Lucknow,2015-10-27,192.37,365.0
Lucknow,2015-10-28,156.6,345.0
Lucknow,2015-10-29,123.29,341.0
Lucknow,2015-10-30,123.44,319.0
Lucknow,2015-10-31,140.75,305.0
Lucknow,2015-11-01,154.01,329.0
Lucknow,2015-11-02,162.51,328.0
Lucknow,2015-11-03,147.9,329.0
Lucknow,2015-11-04,205.62,356.0
Lucknow,2015-11-05,187.6,389.0
Lucknow,2015-11-06,127.49,321.0
Lucknow,2015-11-07,192.7,333.0
Lucknow,2015-11-08,186.9,361.0
Lucknow,2015-11-09,143.47,264.0
Lucknow,2015-11-10,247.11,288.0
Lucknow,2015-11-11,325.72,427.0
Lucknow,2015-11-12,344.93,472.0
Lucknow,2015-11-13,333.82,482.0
Lucknow,2015-11-14,384.4,486.0
Lucknow,2015-11-15,306.59,478.0
Lucknow,2015-11-16,258.7,409.0
Lucknow,2015-11-17,226.73,402.0
Lucknow,2015-11-18,217.75,365.0
Lucknow,2015-11-19,264.18,395.0
Lucknow,2015-11-20,305.64,450.0
Lucknow,2015-11-21,268.78,422.0
Lucknow,2015-11-22,302.85,443.0
Lucknow,2015-11-23,281.45,427.0
Lucknow,2015-11-24,287.55,420.0
Lucknow,2015-11-25,243.68,427.0
Lucknow,2015-11-26,234.54,410.0
Lucknow,2015-11-27,320.88,443.0
Lucknow,2015-11-28,327.45,466.0
Lucknow,2015-11-29,226.18,424.0
Lucknow,2015-11-30,246.37,387.0
Lucknow,2015-12-01,213.96,417.0
Lucknow,2015-12-02,60.54,239.0
Lucknow,2015-12-03,196.55,259.0
Lucknow,2015-12-04,245.14,381.0
Lucknow,2015-12-05,358.43,452.0
Lucknow,2015-12-06,371.89,508.0
Lucknow,2015-12-07,506.04,508.0
Lucknow,2015-12-08,467.37,584.0
Lucknow,2015-12-09,385.13,532.0
Lucknow,2015-12-10,384.13,510.0
Lucknow,2015-12-11,240.85,426.0
Lucknow,2015-12-12,343.82,455.0
Lucknow,2015-12-13,245.71,418.0
Lucknow,2015-12-14,269.97,421.0
Lucknow,2015-12-15,206.35,372.0
Lucknow,2015-12-16,207.43,377.0
Lucknow,2015-12-17,174.5,344.0
Lucknow,2015-12-18,171.81,339.0
Lucknow,2015-12-19,130.02,270.0
Lucknow,2015-12-20,216.6,376.0
Lucknow,2015-12-21,209.5,362.0
Lucknow,2015-12-22,263.23,381.0
Lucknow,2015-12-23,277.97,442.0
Lucknow,2015-12-24,176.88,366.0
Lucknow,2015-12-25,119.88,325.0
Lucknow,2015-12-26,143.01,291.0
Lucknow,2015-12-27,145.11,332.0
Lucknow,2015-12-28,157.54,314.0
Lucknow,2015-12-29,152.87,346.0
Lucknow,2015-12-30,162.39,324.0
Lucknow,2015-12-31,207.99,359.0
Lucknow,2016-01-01,203.43,375.0
Lucknow,2016-01-02,188.05,366.0
Lucknow,2016-01-03,135.82,315.0
Lucknow,2016-01-04,137.98,304.0
Lucknow,2016-01-05,137.01,313.0
Lucknow,2016-01-06,173.33,327.0
Lucknow,2016-01-07,149.68,336.0
Lucknow,2016-01-08,155.57,318.0
Lucknow,2016-01-09,119.03,322.0
Lucknow,2016-01-10,120.45,245.0
Lucknow,2016-01-11,192.61,337.0
Lucknow,2016-01-12,237.84,376.0
Lucknow,2016-01-13,250.73,403.0
Lucknow,2016-01-14,250.67,402.0
Lucknow,2016-01-15,169.86,362.0
Lucknow,2016-01-16,174.76,349.0
Lucknow,2016-01-17,168.21,338.0
Lucknow,2016-01-18,232.46,369.0
Lucknow,2016-01-19,273.85,404.0
Lucknow,2016-01-20,139.7,375.0
Lucknow,2016-01-21,166.38,330.0
Lucknow,2016-01-22,255.63,372.0
Lucknow,2016-01-23,253.71,415.0
Lucknow,2016-01-24,241.9,404.0
Lucknow,2016-01-25,238.8,388.0
Lucknow,2016-01-26,248.76,404.0
Lucknow,2016-01-27,212.94,372.0
Lucknow,2016-01-28,255.85,393.0
Lucknow,2016-01-29,259.11,407.0
Lucknow,2016-01-30,277.66,418.0
Lucknow,2016-01-31,210.94,399.0
Lucknow,2016-02-01,151.38,337.0
Lucknow,2016-02-02,153.42,339.0
Lucknow,2016-02-03,130.88,316.0
Lucknow,2016-02-04,115.55,252.0
Lucknow,2016-02-05,178.06,315.0
Lucknow,2016-02-06,253.19,384.0
Lucknow,2016-02-07,255.81,394.0
Lucknow,2016-02-08,290.47,420.0
Lucknow,2016-02-09,206.49,394.0
Lucknow,2016-02-10,206.95,366.0
Lucknow,2016-02-11,209.99,392.0
Lucknow,2016-02-12,168.23,377.0
Lucknow,2016-02-13,147.08,319.0
Lucknow,2016-02-14,162.7,335.0
Lucknow,2016-02-15,171.76,330.0
Lucknow,2016-02-16,186.0,344.0
Lucknow,2016-02-17,195.12,358.0
Lucknow,2016-02-18,112.33,320.0
Lucknow,2016-02-19,105.53,252.0
Lucknow,2016-02-20,109.4,245.0
Lucknow,2016-02-21,86.47,238.0
Lucknow,2016-02-22,72.62,172.0
Lucknow,2016-02-23,94.93,190.0
Lucknow,2016-02-24,147.59,303.0
Lucknow,2016-02-25,151.15,322.0
Lucknow,2016-02-26,161.14,327.0
Lucknow,2016-02-27,152.14,335.0
Lucknow,2016-02-28,155.6,323.0
Lucknow,2016-02-29,203.51,349.0
Lucknow,2016-03-01,132.24,326.0
Lucknow,2016-03-02,166.73,314.0
Lucknow,2016-03-03,180.27,347.0
Lucknow,2016-03-04,164.73,332.0
Lucknow,2016-03-05,182.82,337.0
Lucknow,2016-03-06,122.08,305.0
Lucknow,2016-03-07,141.32,335.0
Lucknow,2016-03-08,79.23,228.0
Lucknow,2016-03-09,106.54,229.0
Lucknow,2016-03-10,87.27,220.0
Lucknow,2016-03-11,110.24,243.0
Lucknow,2016-03-12,85.74,229.0
Lucknow,2016-03-13,59.85,140.0
Lucknow,2016-03-14,58.33,100.0
Lucknow,2016-03-15,79.82,173.0
Lucknow,2016-03-16,76.06,134.0
Lucknow,2016-03-17,67.43,194.0
Lucknow,2016-03-18,65.14,120.0
Lucknow,2016-03-19,89.05,215.0
Lucknow,2016-03-20,86.68,178.0
Lucknow,2016-03-21,91.67,194.0
Lucknow,2016-03-22,79.28,173.0
Lucknow,2016-03-23,84.62,201.0
Lucknow,2016-03-24,97.75,232.0
Lucknow,2016-03-25,73.09,219.0
Lucknow,2016-03-26,85.56,194.0
Lucknow,2016-03-27,64.82,188.0
Lucknow,2016-03-28,75.89,137.0
Lucknow,2016-03-29,67.0,149.0
Lucknow,2016-03-30,76.98,186.0
Lucknow,2016-03-31,72.23,171.0
Lucknow,2016-04-01,83.71,185.0
Lucknow,2016-04-02,79.49,165.0
Lucknow,2016-04-03,75.75,165.0
Lucknow,2016-04-04,99.67,199.0
Lucknow,2016-04-05,117.04,253.0
Lucknow,2016-04-06,99.19,248.0
Lucknow,2016-04-07,82.81,218.0
Lucknow,2016-04-08,101.32,191.0
Lucknow,2016-04-09,103.59,221.0
Lucknow,2016-04-10,111.2,274.0
Lucknow,2016-04-11,119.16,254.0
Lucknow,2016-04-12,112.53,322.0
Lucknow,2016-04-13,110.04,258.0
Lucknow,2016-04-14,119.51,302.0
Lucknow,2016-04-15,109.97,256.0
Lucknow,2016-04-16,139.58,297.0
Lucknow,2016-04-17,145.96,321.0
Lucknow,2016-04-18,138.17,308.0
Lucknow,2016-04-19,105.97,293.0
Lucknow,2016-04-20,90.36,239.0
Lucknow,2016-04-21,86.79,175.0
Lucknow,2016-04-22,98.82,225.0
Lucknow,2016-04-23,108.68,258.0
Lucknow,2016-04-24,73.52,219.0
Lucknow,2016-04-25,78.87,152.0
Lucknow,2016-04-26,99.92,240.0
Lucknow,2016-04-27,86.41,221.0
Lucknow,2016-04-28,98.31,211.0
Lucknow,2016-04-29,95.0,232.0
Lucknow,2016-04-30,126.96,257.0
Lucknow,2016-05-01,101.39,261.0
Lucknow,2016-05-02,99.74,224.0
Lucknow,2016-05-03,94.7,232.0
Lucknow,2016-05-04,86.62,196.0
Lucknow,2016-05-05,70.07,175.0
Lucknow,2016-05-06,77.91,143.0
Lucknow,2016-05-07,102.44,161.0
Lucknow,2016-05-08,81.73,234.0
Lucknow,2016-05-09,77.87,170.0
Lucknow,2016-05-27,118.85,240.0
Lucknow,2016-05-28,163.59,192.0
Lucknow,2016-05-29,46.87,329.0
Lucknow,2016-05-30,55.2,106.0
Lucknow,2016-05-31,77.29,207.0
Lucknow,2016-06-01,138.37,207.0
Lucknow,2016-06-02,143.4,330.0
Lucknow,2016-06-03,42.82,442.0
Lucknow,2016-06-05,45.28,106.0
Lucknow,2016-06-06,65.55,106.0
Lucknow,2016-06-07,45.09,124.0
Lucknow,2016-06-10,56.17,116.0
Lucknow,2016-06-11,70.14,113.0
Lucknow,2016-06-12,94.7,185.0
Lucknow,2016-06-13,64.0,151.0
Lucknow,2016-06-14,84.02,179.0
Lucknow,2016-06-15,64.23,144.0
Lucknow,2016-06-16,59.3,105.0
Lucknow,2016-06-17,63.49,172.0
Lucknow,2016-06-18,94.36,121.0
Lucknow,2016-06-19,246.56,308.0
Lucknow,2016-06-20,59.89,203.0
Lucknow,2016-06-21,151.3,244.0
Lucknow,2016-06-22,35.58,141.0
Lucknow,2016-06-23,33.78,49.0
Lucknow,2016-06-24,25.9,46.0
Lucknow,2016-06-25,109.79,43.0
Lucknow,2016-06-28,180.93,75.0
Lucknow,2016-06-29,45.45,47.0
Lucknow,2016-06-30,89.0,59.0
Lucknow,2016-07-01,53.51,181.0
Lucknow,2016-07-02,49.41,99.0
Lucknow,2016-07-03,69.19,122.0
Lucknow,2016-07-04,65.4,147.0
Lucknow,2016-07-06,76.9,151.0
Lucknow,2016-07-07,61.42,179.0
Lucknow,2016-07-08,71.74,136.0
Lucknow,2016-07-09,54.5,160.0
Lucknow,2016-07-10,66.78,133.0
Lucknow,2016-07-11,71.22,192.0
Lucknow,2016-07-12,87.96,177.0
Lucknow,2016-07-13,76.73,186.0
Lucknow,2016-07-14,82.95,175.0
Lucknow,2016-07-15,67.3,164.0
Lucknow,2016-07-16,80.77,157.0
Lucknow,2016-07-17,53.21,168.0
Lucknow,2016-07-18,28.6,67.0
Lucknow,2016-07-19,31.64,62.0
Lucknow,2016-07-20,35.35,72.0
Lucknow,2016-07-21,27.85,52.0
Lucknow,2016-07-23,21.57,68.0
Lucknow,2016-07-25,37.68,63.0
Lucknow,2016-07-26,28.88,56.0
Lucknow,2016-07-28,17.17,47.0
Lucknow,2016-07-29,41.88,46.0
Lucknow,2016-07-30,17.7,64.0
Lucknow,2016-07-31,41.89,39.0
Lucknow,2016-08-02,99.97,191.0
Lucknow,2016-08-03,18.79,129.0
Lucknow,2016-08-04,23.47,58.0
Lucknow,2016-08-05,38.89,67.0
Lucknow,2016-08-06,31.9,72.0
Lucknow,2016-08-12,42.06,69.0
Lucknow,2016-08-13,37.8,155.0
Lucknow,2016-08-14,44.97,109.0
Lucknow,2016-08-15,30.92,126.0
Lucknow,2016-08-16,119.04,223.0
Lucknow,2016-08-17,16.79,125.0
Lucknow,2016-08-18,16.3,72.0
Lucknow,2016-08-19,18.26,53.0
Lucknow,2016-08-20,21.68,51.0
Lucknow,2016-08-21,21.64,125.0
Lucknow,2016-08-22,22.27,69.0
Lucknow,2016-08-23,20.59,52.0
Lucknow,2016-08-24,29.38,49.0
Lucknow,2016-08-25,60.75,78.0
Lucknow,2016-08-26,43.91,91.0
Lucknow,2016-08-27,32.56,96.0
Lucknow,2016-08-28,40.9,85.0
Lucknow,2016-08-29,59.7,110.0
Lucknow,2016-08-30,46.78,97.0
Lucknow,2016-08-31,22.25,59.0
Lucknow,2016-09-01,30.06,92.0
Lucknow,2016-09-02,39.09,71.0
Lucknow,2016-09-03,52.59,89.0
Lucknow,2016-09-04,41.44,93.0
Lucknow,2016-09-05,35.94,85.0
Lucknow,2016-09-06,38.71,87.0
Lucknow,2016-09-07,45.48,76.0
Lucknow,2016-09-08,63.59,136.0
Lucknow,2016-09-09,67.75,129.0
Lucknow,2016-09-10,54.84,109.0
Lucknow,2016-09-11,50.96,115.0
Lucknow,2016-09-12,51.27,123.0
Lucknow,2016-09-13,28.89,102.0
Lucknow,2016-09-14,21.04,91.0
Lucknow,2016-09-15,25.22,125.0
Lucknow,2016-09-16,45.14,135.0
Lucknow,2016-09-17,23.79,138.0
Lucknow,2016-09-18,36.25,62.0
Lucknow,2016-09-19,55.18,89.0
Lucknow,2016-09-20,192.52,284.0
Lucknow,2016-09-21,36.62,191.0
Lucknow,2016-09-22,17.39,44.0
Lucknow,2016-09-23,28.4,100.0
Lucknow,2016-09-24,17.35,73.0
Lucknow,2016-09-25,11.39,154.0
Lucknow,2016-09-26,16.44,48.0
Lucknow,2016-09-27,29.35,85.0
Lucknow,2016-09-28,36.11,96.0
Lucknow,2016-09-29,26.86,75.0
Lucknow,2016-09-30,37.28,74.0
Lucknow,2016-10-01,60.08,90.0
Lucknow,2016-10-02,59.63,110.0
Lucknow,2016-10-03,55.53,104.0
Lucknow,2016-10-04,54.69,94.0
Lucknow,2016-10-05,63.44,127.0
Lucknow,2016-10-06,32.21,97.0
Lucknow,2016-10-07,60.85,95.0
Lucknow,2016-10-08,81.43,178.0
Lucknow,2016-10-09,47.15,98.0
Lucknow,2016-10-10,89.92,142.0
Lucknow,2016-10-11,111.37,223.0
Lucknow,2016-10-12,125.86,301.0
Lucknow,2016-10-13,108.06,265.0
Lucknow,2016-10-14,113.77,244.0
Lucknow,2016-10-15,141.57,312.0
Lucknow,2016-10-16,172.85,333.0
Lucknow,2016-10-17,175.18,349.0
Lucknow,2016-10-18,147.37,326.0
Lucknow,2016-10-19,134.61,322.0
Lucknow,2016-10-20,142.65,310.0
Lucknow,2016-10-21,126.14,317.0
Lucknow,2016-10-22,85.04,222.0
Lucknow,2016-10-23,123.78,200.0
Lucknow,2016-10-24,141.16,323.0
Lucknow,2016-10-25,130.7,292.0
Lucknow,2016-10-26,120.82,302.0
Lucknow,2016-10-27,139.8,305.0
Lucknow,2016-10-28,141.16,308.0
Lucknow,2016-10-29,189.77,341.0
Lucknow,2016-10-30,238.17,357.0
Lucknow,2016-10-31,431.69,509.0
Lucknow,2016-11-01,243.78,448.0
Lucknow,2016-11-02,153.13,359.0
Lucknow,2016-11-03,152.95,299.0
Lucknow,2016-11-04,139.46,301.0
Lucknow,2016-11-05,159.87,280.0
Lucknow,2016-11-06,411.23,450.0
Lucknow,2016-11-07,495.65,526.0
Lucknow,2016-11-08,499.06,604.0
Lucknow,2016-11-09,345.54,568.0
Lucknow,2016-11-10,290.26,398.0
Lucknow,2016-11-11,305.4,450.0
Lucknow,2016-11-12,214.41,390.0
Lucknow,2016-11-13,133.9,311.0
Lucknow,2016-11-14,116.66,272.0
Lucknow,2016-11-15,128.79,236.0
Lucknow,2016-11-16,149.73,312.0
Lucknow,2016-11-17,206.45,346.0
Lucknow,2016-11-18,251.32,394.0
Lucknow,2016-11-19,331.04,423.0
Lucknow,2016-11-20,314.46,487.0
Lucknow,2016-11-21,244.33,416.0
Lucknow,2016-11-22,179.82,369.0
Lucknow,2016-11-23,152.49,329.0
Lucknow,2016-11-24,193.96,343.0
Lucknow,2016-11-25,183.51,359.0
Lucknow,2016-11-26,188.38,337.0
Lucknow,2016-11-27,232.64,382.0
Lucknow,2016-11-28,181.25,358.0
Lucknow,2016-11-29,309.53,401.0
Lucknow,2016-11-30,221.57,421.0
Lucknow,2016-12-01,238.99,370.0
Lucknow,2016-12-02,213.29,396.0
Lucknow,2016-12-03,192.84,354.0
Lucknow,2016-12-04,171.01,347.0
Lucknow,2016-12-05,171.8,339.0
Lucknow,2016-12-06,231.07,359.0
Lucknow,2016-12-07,145.09,360.0
Lucknow,2016-12-08,147.56,309.0
Lucknow,2016-12-09,184.44,328.0
Lucknow,2016-12-10,345.98,423.0
Lucknow,2016-12-11,235.85,431.0
Lucknow,2016-12-12,236.24,391.0
Lucknow,2016-12-13,237.81,395.0
Lucknow,2016-12-14,271.83,430.0
Lucknow,2016-12-15,188.21,364.0
Lucknow,2016-12-16,256.7,386.0
Lucknow,2016-12-17,273.9,408.0
Lucknow,2016-12-18,274.78,432.0
Lucknow,2016-12-19,221.75,394.0
Lucknow,2016-12-20,212.41,370.0
Lucknow,2016-12-21,203.62,358.0
Lucknow,2016-12-22,373.48,436.0
Lucknow,2016-12-23,266.72,478.0
Lucknow,2016-12-24,276.9,410.0
Lucknow,2016-12-25,329.55,441.0
Lucknow,2016-12-26,294.09,444.0
Lucknow,2016-12-27,208.2,389.0
Lucknow,2016-12-28,292.53,425.0
Lucknow,2016-12-29,225.89,389.0
Lucknow,2016-12-30,184.15,371.0
Lucknow,2016-12-31,171.27,342.0
Lucknow,2017-01-01,166.35,350.0
Lucknow,2017-01-02,183.84,324.0
Lucknow,2017-01-03,159.29,360.0
Lucknow,2017-01-04,154.3,296.0
Lucknow,2017-01-05,197.95,357.0
Lucknow,2017-01-06,189.36,365.0
Lucknow,2017-01-07,181.88,346.0
Lucknow,2017-01-08,215.86,366.0
Lucknow,2017-01-09,171.95,366.0
Lucknow,2017-01-10,115.7,318.0
Lucknow,2017-01-11,109.72,251.0
Lucknow,2017-01-12,145.41,306.0
Lucknow,2017-01-13,222.28,350.0
Lucknow,2017-01-14,256.58,404.0
Lucknow,2017-01-15,272.01,407.0
Lucknow,2017-01-16,336.07,455.0
Lucknow,2017-01-17,240.42,419.0
Lucknow,2017-01-18,222.17,373.0
Lucknow,2017-01-19,245.59,394.0
Lucknow,2017-01-20,132.55,362.0
Lucknow,2017-01-21,143.2,282.0
Lucknow,2017-01-22,211.77,352.0
Lucknow,2017-01-23,153.33,342.0
Lucknow,2017-01-24,158.46,324.0
Lucknow,2017-01-25,222.64,368.0
Lucknow,2017-01-26,198.86,373.0
Lucknow,2017-01-27,70.65,258.0
Lucknow,2017-01-28,61.96,138.0
Lucknow,2017-01-29,81.64,111.0
Lucknow,2017-01-30,116.04,203.0
Lucknow,2017-01-31,179.6,328.0
Lucknow,2017-02-01,175.53,345.0
Lucknow,2017-02-02,207.97,383.0
Lucknow,2017-02-03,172.73,360.0
Lucknow,2017-02-04,161.52,337.0
Lucknow,2017-02-05,89.37,263.0
Lucknow,2017-02-06,108.07,238.0
Lucknow,2017-02-07,88.79,243.0
Lucknow,2017-02-08,95.98,178.0
Lucknow,2017-02-09,118.4,286.0
Lucknow,2017-02-10,112.25,264.0
Lucknow,2017-02-11,153.45,300.0
Lucknow,2017-02-12,202.86,358.0
Lucknow,2017-02-13,175.3,351.0
Lucknow,2017-02-14,145.02,327.0
Lucknow,2017-02-15,154.22,321.0
Lucknow,2017-02-16,197.39,341.0
Lucknow,2017-02-17,237.51,378.0
Lucknow,2017-02-18,226.67,388.0
Lucknow,2017-02-19,184.29,371.0
Lucknow,2017-02-20,115.03,309.0
Lucknow,2017-02-21,143.07,356.0
Lucknow,2017-02-22,102.52,273.0
Lucknow,2017-02-23,93.39,223.0
Lucknow,2017-02-24,81.25,216.0
Lucknow,2017-02-25,88.87,204.0
Lucknow,2017-02-26,94.81,224.0
Lucknow,2017-02-27,96.22,205.0
Lucknow,2017-02-28,116.96,257.0
Lucknow,2017-03-01,148.25,339.0
Lucknow,2017-03-02,147.23,342.0
Lucknow,2017-03-03,96.8,218.0
Lucknow,2017-03-04,89.16,214.0
Lucknow,2017-03-05,89.04,190.0
Lucknow,2017-03-06,84.15,197.0
Lucknow,2017-03-07,108.32,211.0
Lucknow,2017-03-08,163.19,321.0
Lucknow,2017-03-09,140.39,321.0
Lucknow,2017-03-10,51.28,202.0
Lucknow,2017-03-11,58.33,97.0
Lucknow,2017-03-12,48.32,88.0
Lucknow,2017-03-13,79.11,144.0
Lucknow,2017-03-14,75.43,148.0
Lucknow,2017-03-15,75.27,138.0
Lucknow,2017-03-16,92.96,173.0
Lucknow,2017-03-17,105.21,262.0
Lucknow,2017-03-18,79.46,227.0
Lucknow,2017-03-19,113.28,226.0
Lucknow,2017-03-20,106.88,285.0
Lucknow,2017-03-21,110.31,232.0
Lucknow,2017-03-22,142.68,303.0
Lucknow,2017-03-23,172.13,325.0
Lucknow,2017-03-24,187.46,349.0
Lucknow,2017-03-25,118.0,329.0
Lucknow,2017-03-26,96.39,230.0
Lucknow,2017-03-27,122.3,254.0
Lucknow,2017-03-28,168.85,335.0
Lucknow,2017-03-29,161.81,335.0
Lucknow,2017-03-30,120.82,325.0
Lucknow,2017-03-31,133.84,299.0
Lucknow,2017-04-01,128.32,318.0
Lucknow,2017-04-02,92.48,240.0
Lucknow,2017-04-03,88.72,212.0
Lucknow,2017-04-04,103.43,252.0
Lucknow,2017-04-05,81.51,196.0
Lucknow,2017-04-06,82.94,174.0
Lucknow,2017-04-07,107.18,215.0
Lucknow,2017-04-08,119.46,230.0
Lucknow,2017-04-09,102.6,298.0
Lucknow,2017-04-10,77.6,202.0
Lucknow,2017-04-11,70.96,208.0
Lucknow,2017-04-12,93.58,186.0
Lucknow,2017-04-13,123.91,246.0
Lucknow,2017-04-14,80.27,287.0
Lucknow,2017-04-15,72.42,194.0
Lucknow,2017-04-16,72.64,180.0
Lucknow,2017-04-17,87.25,198.0
Lucknow,2017-04-18,122.86,254.0
Lucknow,2017-04-19,151.83,317.0
Lucknow,2017-04-20,130.52,321.0
Lucknow,2017-04-21,79.89,239.0
Lucknow,2017-04-22,112.19,235.0
Lucknow,2017-04-23,122.7,278.0
Lucknow,2017-04-24,122.53,290.0
Lucknow,2017-04-25,143.97,272.0
Lucknow,2017-04-26,130.82,313.0
Lucknow,2017-04-27,119.93,304.0
Lucknow,2017-04-28,100.51,260.0
Lucknow,2017-04-29,124.07,264.0
Lucknow,2017-04-30,83.5,302.0
Lucknow,2017-05-01,95.31,226.0
Lucknow,2017-05-02,113.81,234.0
Lucknow,2017-05-03,138.46,309.0
Lucknow,2017-05-04,100.95,312.0
Lucknow,2017-05-05,140.85,302.0
Lucknow,2017-05-06,208.65,346.0
Lucknow,2017-05-07,301.46,422.0
Lucknow,2017-05-08,140.01,350.0
Lucknow,2017-05-09,71.84,237.0
Lucknow,2017-05-10,56.41,137.0
Lucknow,2017-05-11,71.62,125.0
Lucknow,2017-05-12,99.51,205.0
Lucknow,2017-05-13,98.49,227.0
Lucknow,2017-05-14,117.21,279.0
Lucknow,2017-05-15,137.79,319.0
Lucknow,2017-05-16,157.17,314.0
Lucknow,2017-05-17,79.81,263.0
Lucknow,2017-05-18,102.13,146.0
Lucknow,2017-05-19,143.66,289.0
Lucknow,2017-05-20,122.47,326.0
Lucknow,2017-05-21,139.19,288.0
Lucknow,2017-05-22,163.59,317.0
Lucknow,2017-05-23,125.66,314.0
Lucknow,2017-05-24,152.46,312.0
Lucknow,2017-05-25,151.47,346.0
Lucknow,2017-05-26,131.7,339.0
Lucknow,2017-05-27,65.4,210.0
Lucknow,2017-05-28,57.72,81.0
Lucknow,2017-05-29,60.92,100.0
Lucknow,2017-05-30,40.0,74.0
Lucknow,2017-05-31,39.74,70.0
Lucknow,2017-06-01,85.74,101.0
Lucknow,2017-06-02,77.99,182.0
Lucknow,2017-06-03,115.52,179.0
Lucknow,2017-06-04,150.57,304.0
Lucknow,2017-06-05,147.38,321.0
Lucknow,2017-06-06,54.14,221.0
Lucknow,2017-06-07,45.04,73.0
Lucknow,2017-06-08,74.54,106.0
Lucknow,2017-06-09,70.03,150.0
Lucknow,2017-06-10,99.83,253.0
Lucknow,2017-06-11,95.04,190.0
Lucknow,2017-06-12,111.82,231.0
Lucknow,2017-06-13,144.61,256.0
Lucknow,2017-06-17,402.47,458.0
Lucknow,2017-06-18,54.0,323.0
Lucknow,2017-06-19,71.85,93.0
Lucknow,2017-06-20,55.41,328.0
Lucknow,2017-06-21,67.89,183.0
Lucknow,2017-06-22,51.28,97.0
Lucknow,2017-06-23,66.93,111.0
Lucknow,2017-06-24,72.07,152.0
Lucknow,2017-06-25,54.58,128.0
Lucknow,2017-06-26,39.02,78.0
Lucknow,2017-06-27,38.85,66.0
Lucknow,2017-06-28,44.5,70.0
Lucknow,2017-06-29,47.07,80.0
Lucknow,2017-06-30,39.21,79.0
Lucknow,2017-07-01,38.16,89.0
Lucknow,2017-07-02,34.75,106.0
Lucknow,2017-07-03,28.98,78.0
Lucknow,2017-07-04,28.2,61.0
Lucknow,2017-07-05,30.74,61.0
Lucknow,2017-07-06,24.48,53.0
Lucknow,2017-07-07,29.46,58.0
Lucknow,2017-07-08,25.21,69.0
Lucknow,2017-07-09,18.4,64.0
Lucknow,2017-07-10,30.2,75.0
Lucknow,2017-07-11,16.02,58.0
Lucknow,2017-07-12,21.53,43.0
Lucknow,2017-07-13,28.37,55.0
Lucknow,2017-07-14,55.44,82.0
Lucknow,2017-07-15,57.07,96.0
Lucknow,2017-07-16,47.24,87.0
Lucknow,2017-07-17,40.79,73.0
Lucknow,2017-07-18,46.12,78.0
Lucknow,2017-07-19,41.46,83.0
Lucknow,2017-07-20,41.48,69.0
Lucknow,2017-07-21,56.67,83.0
Lucknow,2017-07-22,47.17,122.0
Lucknow,2017-07-23,47.46,79.0
Lucknow,2017-07-24,45.11,80.0
Lucknow,2017-07-25,37.14,68.0
Lucknow,2017-07-26,46.49,66.0
Lucknow,2017-07-27,47.36,149.0
Lucknow,2017-07-28,49.58,84.0
Lucknow,2017-07-29,38.49,85.0
Lucknow,2017-07-30,40.43,78.0
Lucknow,2017-07-31,28.38,64.0
Lucknow,2017-08-01,32.39,57.0
Lucknow,2017-08-02,37.85,76.0
Lucknow,2017-08-03,42.88,78.0
Lucknow,2017-08-04,57.19,125.0
Lucknow,2017-08-05,66.28,156.0
Lucknow,2017-08-06,35.62,158.0
Lucknow,2017-08-07,46.27,126.0
Lucknow,2017-08-08,26.24,80.0
Lucknow,2017-08-09,42.18,70.0
Lucknow,2017-08-10,88.74,146.0
Lucknow,2017-08-11,39.71,126.0
Lucknow,2017-08-12,38.97,84.0
Lucknow,2017-08-13,46.39,81.0
Lucknow,2017-08-14,119.08,175.0
Lucknow,2017-08-15,50.79,134.0
Lucknow,2017-08-16,67.23,97.0
Lucknow,2017-08-17,76.76,172.0
Lucknow,2017-08-18,39.01,129.0
Lucknow,2017-08-19,44.23,66.0
Lucknow,2017-08-20,45.75,110.0
Lucknow,2017-08-21,47.44,72.0
Lucknow,2017-08-22,43.99,75.0
Lucknow,2017-08-23,43.33,75.0
Lucknow,2017-08-24,49.51,73.0
Lucknow,2017-08-25,34.82,76.0
Lucknow,2017-08-26,36.6,63.0
Lucknow,2017-08-27,21.59,56.0
Lucknow,2017-08-28,11.61,50.0
Lucknow,2017-08-29,22.21,41.0
Lucknow,2017-08-30,33.11,55.0
Lucknow,2017-08-31,31.44,108.0
Lucknow,2017-09-01,20.76,70.0
Lucknow,2017-09-02,21.69,72.0
Lucknow,2017-09-03,25.72,66.0
Lucknow,2017-09-04,32.27,83.0
Lucknow,2017-09-05,41.31,73.0
Lucknow,2017-09-06,47.98,84.0
Lucknow,2017-09-07,48.66,77.0
Lucknow,2017-09-08,57.46,96.0
Lucknow,2017-09-09,59.67,95.0
Lucknow,2017-09-10,72.6,116.0
Lucknow,2017-09-11,86.0,171.0
Lucknow,2017-09-12,74.71,163.0
Lucknow,2017-09-13,81.77,153.0
Lucknow,2017-09-14,76.58,173.0
Lucknow,2017-09-15,53.51,120.0
Lucknow,2017-09-16,43.46,79.0
Lucknow,2017-09-17,44.81,76.0
Lucknow,2017-09-18,40.76,75.0
Lucknow,2017-09-19,22.15,141.0
Lucknow,2017-09-20,41.19,61.0
Lucknow,2017-09-21,21.08,67.0
Lucknow,2017-09-22,23.0,176.0
Lucknow,2017-09-23,30.87,59.0
Lucknow,2017-09-24,40.25,79.0
Lucknow,2017-09-25,33.76,76.0
Lucknow,2017-09-26,68.45,89.0
Lucknow,2017-09-27,80.19,151.0
Lucknow,2017-09-28,75.01,160.0
Lucknow,2017-09-29,65.98,140.0
Lucknow,2017-09-30,77.33,135.0
Lucknow,2017-10-01,61.56,140.0
Lucknow,2017-10-02,68.78,115.0
Lucknow,2017-10-03,58.8,122.0
Lucknow,2017-10-04,42.05,100.0
Lucknow,2017-10-05,59.02,95.0
Lucknow,2017-10-06,60.54,103.0
Lucknow,2017-10-07,83.04,138.0
Lucknow,2017-10-08,82.36,188.0
Lucknow,2017-10-09,81.08,165.0
Lucknow,2017-10-10,100.7,207.0
Lucknow,2017-10-11,73.41,200.0
Lucknow,2017-10-12,95.02,182.0
Lucknow,2017-10-13,140.41,259.0
Lucknow,2017-10-14,138.31,311.0
Lucknow,2017-10-15,128.71,308.0
Lucknow,2017-10-16,169.38,319.0
Lucknow,2017-10-17,176.38,348.0
Lucknow,2017-10-18,194.31,354.0
Lucknow,2017-10-19,173.5,330.0
Lucknow,2017-10-20,172.87,362.0
Lucknow,2017-10-21,130.42,265.0
Lucknow,2017-10-22,229.03,339.0
Lucknow,2017-10-23,196.91,391.0
Lucknow,2017-10-24,199.31,353.0
Lucknow,2017-10-25,209.09,363.0
Lucknow,2017-10-26,204.12,379.0
Lucknow,2017-10-27,161.98,343.0
Lucknow,2017-10-28,171.39,338.0
Lucknow,2017-10-29,184.47,333.0
Lucknow,2017-10-30,155.1,344.0
Lucknow,2017-10-31,136.84,237.0
Lucknow,2017-11-01,151.16,312.0
Lucknow,2017-11-02,172.33,323.0
Lucknow,2017-11-03,195.75,354.0
Lucknow,2017-11-04,198.64,369.0
Lucknow,2017-11-05,195.99,388.0
Lucknow,2017-11-06,200.8,339.0
Lucknow,2017-11-07,230.94,362.0
Lucknow,2017-11-08,334.9,425.0
Lucknow,2017-11-09,387.84,495.0
Lucknow,2017-11-10,378.39,503.0
Lucknow,2017-11-11,258.15,463.0
Lucknow,2017-11-12,239.63,386.0
Lucknow,2017-11-13,446.68,454.0
Lucknow,2017-11-14,425.31,581.0
Lucknow,2017-11-15,237.11,444.0
Lucknow,2017-11-16,191.15,360.0
Lucknow,2017-11-17,181.72,361.0
Lucknow,2017-11-18,190.16,341.0
Lucknow,2017-11-19,192.63,360.0
Lucknow,2017-11-20,139.29,324.0
Lucknow,2017-11-21,171.74,316.0
Lucknow,2017-11-22,187.09,350.0
Lucknow,2017-11-23,167.77,344.0
Lucknow,2017-11-24,171.75,336.0
Lucknow,2017-11-25,194.67,342.0
Lucknow,2017-11-26,181.66,360.0
Lucknow,2017-11-27,230.28,342.0
Lucknow,2017-11-28,178.03,385.0
Lucknow,2017-11-29,236.79,364.0
Lucknow,2017-11-30,274.25,411.0
Lucknow,2017-12-01,286.15,434.0
Lucknow,2017-12-02,220.65,387.0
Lucknow,2017-12-03,226.91,389.0
Lucknow,2017-12-04,210.11,366.0
Lucknow,2017-12-05,194.41,366.0
Lucknow,2017-12-06,237.17,369.0
Lucknow,2017-12-07,119.24,351.0
Lucknow,2017-12-08,119.57,240.0
Lucknow,2017-12-09,178.06,310.0
Lucknow,2017-12-10,235.17,389.0
Lucknow,2017-12-11,164.75,354.0
Lucknow,2017-12-12,193.96,339.0
Lucknow,2017-12-13,173.02,352.0
Lucknow,2017-12-14,169.94,328.0
Lucknow,2017-12-15,155.69,328.0
Lucknow,2017-12-16,130.22,325.0
Lucknow,2017-12-17,150.31,293.0
Lucknow,2017-12-18,206.45,341.0
Lucknow,2017-12-19,347.73,417.0
Lucknow,2017-12-20,433.0,543.0
Lucknow,2017-12-21,288.47,486.0
Lucknow,2017-12-22,207.16,383.0
Lucknow,2017-12-23,158.89,337.0
Lucknow,2017-12-24,218.33,339.0
Lucknow,2017-12-25,233.41,395.0
Lucknow,2017-12-26,227.18,371.0
Lucknow,2017-12-27,290.8,425.0
Lucknow,2017-12-28,369.35,460.0
Lucknow,2017-12-29,243.94,443.0
Lucknow,2017-12-30,196.62,362.0
Lucknow,2017-12-31,235.15,387.0
Lucknow,2018-01-01,170.51,356.0
Lucknow,2018-01-02,199.89,320.0
Lucknow,2018-01-03,239.01,406.0
Lucknow,2018-01-04,250.36,389.0
Lucknow,2018-01-05,241.25,398.0
Lucknow,2018-01-06,192.99,359.0
Lucknow,2018-01-07,252.98,387.0
Lucknow,2018-01-08,300.46,431.0
Lucknow,2018-01-09,245.76,408.0
Lucknow,2018-01-10,235.73,398.0
Lucknow,2018-01-11,260.93,393.0
Lucknow,2018-01-12,301.74,427.0
Lucknow,2018-01-13,284.77,432.0
Lucknow,2018-01-14,231.89,420.0
Lucknow,2018-01-15,238.68,398.0
Lucknow,2018-01-16,198.9,359.0
Lucknow,2018-01-17,211.58,363.0
Lucknow,2018-01-18,210.07,368.0
Lucknow,2018-01-19,290.41,433.0
Lucknow,2018-01-20,183.73,391.0
Lucknow,2018-01-21,197.86,355.0
Lucknow,2018-01-22,242.99,384.0
Lucknow,2018-01-23,275.53,426.0
Lucknow,2018-01-24,162.78,346.0
Lucknow,2018-01-25,157.0,324.0
Lucknow,2018-01-26,178.63,333.0
Lucknow,2018-01-27,179.67,344.0
Lucknow,2018-01-28,202.52,357.0
Lucknow,2018-01-29,201.04,373.0
Lucknow,2018-01-30,155.06,344.0
Lucknow,2018-01-31,151.75,295.0
Lucknow,2018-02-01,162.83,324.0
Lucknow,2018-02-02,164.95,321.0
Lucknow,2018-02-03,235.22,370.0
Lucknow,2018-02-04,163.84,370.0
Lucknow,2018-02-05,158.45,312.0
Lucknow,2018-02-06,161.37,323.0
Lucknow,2018-02-07,125.72,322.0
Lucknow,2018-02-08,169.06,299.0
Lucknow,2018-02-09,137.16,290.0
Lucknow,2018-02-10,123.17,286.0
Lucknow,2018-02-11,125.92,266.0
Lucknow,2018-02-12,124.69,267.0
Lucknow,2018-02-13,115.87,239.0
Lucknow,2018-02-14,120.76,247.0
Lucknow,2018-02-15,148.44,301.0
Lucknow,2018-02-16,225.93,359.0
Lucknow,2018-02-17,226.87,398.0
Lucknow,2018-02-18,194.03,358.0
Lucknow,2018-02-19,199.58,386.0
Lucknow,2018-02-20,143.78,313.0
Lucknow,2018-02-21,228.66,332.0
Lucknow,2018-02-22,233.24,394.0
Lucknow,2018-02-23,228.21,389.0
Lucknow,2018-02-24,198.75,382.0
Lucknow,2018-02-25,183.9,348.0
Lucknow,2018-02-26,101.97,317.0
Lucknow,2018-02-27,76.71,181.0
Lucknow,2018-02-28,107.99,202.0
Lucknow,2018-03-01,114.94,264.0
Lucknow,2018-03-02,111.57,236.0
Lucknow,2018-03-03,94.86,202.0
Lucknow,2018-03-04,96.12,227.0
Lucknow,2018-03-05,91.04,187.0
Lucknow,2018-03-06,141.46,250.0
Lucknow,2018-03-07,133.8,288.0
Lucknow,2018-03-08,170.76,340.0
Lucknow,2018-03-09,140.81,297.0
Lucknow,2018-03-10,118.16,249.0
Lucknow,2018-03-11,133.03,219.0
Lucknow,2018-03-12,133.07,247.0
Lucknow,2018-03-13,102.13,247.0
Lucknow,2018-03-14,166.43,317.0
Lucknow,2018-03-15,137.04,331.0
Lucknow,2018-03-16,115.27,233.0
Lucknow,2018-03-17,84.82,273.0
Lucknow,2018-03-18,77.35,142.0
Lucknow,2018-03-19,97.05,196.0
Lucknow,2018-03-20,96.72,225.0
Lucknow,2018-03-21,115.04,245.0
Lucknow,2018-03-22,112.45,273.0
Lucknow,2018-03-23,101.79,218.0
Lucknow,2018-03-24,88.04,197.0
Lucknow,2018-03-25,93.26,198.0
Lucknow,2018-03-26,72.45,151.0
Lucknow,2018-03-27,75.58,137.0
Lucknow,2018-03-28,106.91,214.0
Lucknow,2018-03-29,130.56,271.0
Lucknow,2018-03-30,143.54,256.0
Lucknow,2018-03-31,54.5,201.0
Lucknow,2018-04-01,70.5,106.0
Lucknow,2018-04-02,100.47,204.0
Lucknow,2018-04-03,158.72,300.0
Lucknow,2018-04-04,163.42,319.0
Lucknow,2018-04-05,83.45,252.0
Lucknow,2018-04-06,74.21,153.0
Lucknow,2018-04-07,61.52,143.0
Lucknow,2018-04-08,58.97,102.0
Lucknow,2018-04-09,80.37,146.0
Lucknow,2018-04-10,60.77,126.0
Lucknow,2018-04-11,66.26,132.0
Lucknow,2018-04-12,36.82,97.0
Lucknow,2018-04-13,54.59,91.0
Lucknow,2018-04-14,58.68,97.0
Lucknow,2018-04-15,67.08,113.0
Lucknow,2018-04-16,85.99,180.0
Lucknow,2018-04-17,120.71,240.0
Lucknow,2018-04-18,87.72,217.0
Lucknow,2018-04-19,75.31,162.0
Lucknow,2018-04-20,116.85,231.0
Lucknow,2018-04-21,76.52,207.0
Lucknow,2018-04-22,91.21,194.0
Lucknow,2018-04-23,64.98,156.0
Lucknow,2018-04-24,82.47,160.0
Lucknow,2018-04-25,127.39,236.0
Lucknow,2018-04-26,135.49,281.0
Lucknow,2018-04-27,90.87,226.0
Lucknow,2018-04-28,79.19,195.0
Lucknow,2018-04-29,92.34,197.0
Lucknow,2018-04-30,64.04,162.0
Lucknow,2018-05-01,46.01,98.0
Lucknow,2018-05-02,74.0,108.0
Lucknow,2018-05-03,55.94,170.0
Lucknow,2018-05-04,45.38,94.0
Lucknow,2018-05-05,82.48,126.0
Lucknow,2018-05-06,93.08,196.0
Lucknow,2018-05-07,111.99,209.0
Lucknow,2018-05-08,215.09,353.0
Lucknow,2018-05-09,139.75,322.0
Lucknow,2018-05-10,106.67,250.0
Lucknow,2018-05-11,171.75,324.0
Lucknow,2018-05-12,123.16,336.0
Lucknow,2018-05-13,191.59,301.0
Lucknow,2018-05-14,268.33,476.0
Lucknow,2018-05-15,73.23,164.0
Lucknow,2018-05-16,121.81,204.0
Lucknow,2018-05-17,152.65,301.0
Lucknow,2018-05-18,112.66,289.0
Lucknow,2018-05-19,133.45,287.0
Lucknow,2018-05-20,157.41,318.0
Lucknow,2018-05-21,298.35,426.0
Lucknow,2018-05-22,151.54,357.0
Lucknow,2018-05-23,107.17,257.0
Lucknow,2018-05-24,225.11,291.0
Lucknow,2018-05-25,102.37,250.0
Lucknow,2018-05-26,125.89,242.0
Lucknow,2018-05-27,125.34,273.0
Lucknow,2018-05-28,104.31,269.0
Lucknow,2018-05-29,92.65,246.0
Lucknow,2018-05-30,84.9,214.0
Lucknow,2018-05-31,81.53,174.0
Lucknow,2018-06-01,72.29,139.0
Lucknow,2018-06-02,77.82,151.0
Lucknow,2018-06-03,94.26,179.0
Lucknow,2018-06-04,117.76,225.0
Lucknow,2018-06-05,96.54,219.0
Lucknow,2018-06-06,59.98,175.0
Lucknow,2018-06-07,85.89,127.0
Lucknow,2018-06-08,62.91,161.0
Lucknow,2018-06-09,62.85,108.0
Lucknow,2018-06-10,54.84,133.0
Lucknow,2018-06-11,57.9,107.0
Lucknow,2018-06-12,71.02,125.0
Lucknow,2018-06-13,80.85,147.0
Lucknow,2018-06-14,100.83,181.0
Lucknow,2018-06-15,124.13,240.0
Lucknow,2018-06-16,126.34,301.0
Lucknow,2018-06-17,155.05,321.0
Lucknow,2018-06-18,127.74,279.0
Lucknow,2018-06-19,70.44,179.0
Lucknow,2018-06-20,90.31,186.0
Lucknow,2018-06-21,107.2,228.0
Lucknow,2018-06-22,86.56,215.0
Lucknow,2018-06-23,140.01,229.0
Lucknow,2018-06-24,63.36,157.0
Lucknow,2018-06-25,71.89,116.0
Lucknow,2018-06-26,83.15,184.0
Lucknow,2018-06-27,47.6,136.0
Lucknow,2018-06-28,50.14,124.0
Lucknow,2018-06-29,40.13,93.0
Lucknow,2018-06-30,39.75,83.0
Lucknow,2018-07-01,38.35,125.0
Lucknow,2018-07-02,56.83,117.0
Lucknow,2018-07-03,43.54,111.0
Lucknow,2018-07-04,29.95,81.0
Lucknow,2018-07-05,35.47,74.0
Lucknow,2018-07-06,69.98,110.0
Lucknow,2018-07-07,96.52,195.0
Lucknow,2018-07-08,67.77,174.0
Lucknow,2018-07-09,48.77,132.0
Lucknow,2018-07-10,33.11,88.0
Lucknow,2018-07-11,32.77,100.0
Lucknow,2018-07-12,26.27,89.0
Lucknow,2018-07-13,27.48,90.0
Lucknow,2018-07-14,32.23,95.0
Lucknow,2018-07-15,35.31,101.0
Lucknow,2018-07-16,29.57,90.0
Lucknow,2018-07-17,33.6,84.0
Lucknow,2018-07-18,40.93,75.0
Lucknow,2018-07-19,58.27,125.0
Lucknow,2018-07-20,32.85,94.0
Lucknow,2018-07-21,24.25,71.0
Lucknow,2018-07-22,23.63,77.0
Lucknow,2018-07-23,22.34,76.0
Lucknow,2018-07-24,37.91,80.0
Lucknow,2018-07-25,28.26,78.0
Lucknow,2018-07-26,18.08,77.0
Lucknow,2018-07-27,46.07,72.0
Lucknow,2018-07-28,43.02,83.0
Lucknow,2018-07-29,40.79,99.0
Lucknow,2018-07-30,22.68,73.0
Lucknow,2018-07-31,18.21,84.0
Lucknow,2018-08-01,15.6,41.0
Lucknow,2018-08-02,31.51,55.0
Lucknow,2018-08-03,42.01,75.0
Lucknow,2018-08-04,72.38,99.0
Lucknow,2018-08-05,133.47,210.0
Lucknow,2018-08-06,92.95,204.0
Lucknow,2018-08-07,62.39,183.0
Lucknow,2018-08-08,32.23,99.0
Lucknow,2018-08-09,48.4,80.0
Lucknow,2018-08-10,49.25,96.0
Lucknow,2018-08-11,44.96,94.0
Lucknow,2018-08-12,33.21,77.0
Lucknow,2018-08-13,29.48,80.0
Lucknow,2018-08-14,52.39,73.0
Lucknow,2018-08-15,53.24,122.0
Lucknow,2018-08-16,18.45,55.0
Lucknow,2018-08-17,42.07,60.0
Lucknow,2018-08-18,57.75,123.0
Lucknow,2018-08-19,44.44,144.0
Lucknow,2018-08-20,31.45,69.0
Lucknow,2018-08-21,31.04,82.0
Lucknow,2018-08-22,42.25,89.0
Lucknow,2018-08-23,35.86,97.0
Lucknow,2018-08-24,31.25,88.0
Lucknow,2018-08-25,29.39,78.0
Lucknow,2018-08-26,159.64,163.0
Lucknow,2018-08-27,73.24,183.0
Lucknow,2018-08-28,33.84,72.0
Lucknow,2018-08-29,32.44,81.0
Lucknow,2018-08-30,33.21,72.0
Lucknow,2018-08-31,22.04,57.0
Lucknow,2018-09-01,24.62,63.0
Lucknow,2018-09-02,16.66,69.0
Lucknow,2018-09-03,30.93,61.0
Lucknow,2018-09-04,41.71,83.0
Lucknow,2018-09-05,27.31,107.0
Lucknow,2018-09-06,46.25,101.0
Lucknow,2018-09-07,31.52,94.0
Lucknow,2018-09-08,36.95,87.0
Lucknow,2018-09-09,26.64,90.0
Lucknow,2018-09-10,39.0,92.0
Lucknow,2018-09-11,38.68,101.0
Lucknow,2018-09-12,38.51,96.0
Lucknow,2018-09-13,39.92,76.0
Lucknow,2018-09-14,46.81,84.0
Lucknow,2018-09-15,55.15,100.0
Lucknow,2018-09-16,57.48,103.0
Lucknow,2018-09-17,68.6,130.0
Lucknow,2018-09-18,73.05,123.0
Lucknow,2018-09-19,77.9,172.0
Lucknow,2018-09-20,87.71,173.0
Lucknow,2018-09-21,24.6,116.0
Lucknow,2018-09-22,29.47,64.0
Lucknow,2018-09-23,55.13,82.0
Lucknow,2018-09-24,57.32,124.0
Lucknow,2018-09-25,39.53,109.0
Lucknow,2018-09-26,41.87,93.0
Lucknow,2018-09-27,59.19,102.0
Lucknow,2018-09-28,76.75,132.0
Lucknow,2018-09-29,106.14,224.0
Lucknow,2018-09-30,81.75,177.0
Lucknow,2018-10-01,88.36,200.0
Lucknow,2018-10-02,95.24,191.0
Lucknow,2018-10-03,104.4,228.0
Lucknow,2018-10-04,116.81,249.0
Lucknow,2018-10-05,97.28,226.0
Lucknow,2018-10-06,123.5,251.0
Lucknow,2018-10-07,133.77,270.0
Lucknow,2018-10-08,106.14,272.0
Lucknow,2018-10-09,89.92,235.0
Lucknow,2018-10-10,124.48,233.0
Lucknow,2018-10-11,114.24,262.0
Lucknow,2018-10-12,75.05,175.0
Lucknow,2018-10-13,65.19,109.0
Lucknow,2018-10-14,87.21,170.0
Lucknow,2018-10-15,105.49,218.0
Lucknow,2018-10-16,121.24,292.0
Lucknow,2018-10-17,128.3,306.0
Lucknow,2018-10-18,125.01,296.0
Lucknow,2018-10-19,123.98,294.0
Lucknow,2018-10-20,112.69,246.0
Lucknow,2018-10-21,116.62,268.0
Lucknow,2018-10-22,123.77,275.0
Lucknow,2018-10-23,129.95,273.0
Lucknow,2018-10-24,166.67,313.0
Lucknow,2018-10-25,189.48,355.0
Lucknow,2018-10-26,168.41,342.0
Lucknow,2018-10-27,174.27,338.0
Lucknow,2018-10-28,163.73,344.0
Lucknow,2018-10-29,165.78,329.0
Lucknow,2018-10-30,147.83,332.0
Lucknow,2018-10-31,138.52,311.0
Lucknow,2018-11-01,146.28,307.0
Lucknow,2018-11-02,186.57,340.0
Lucknow,2018-11-03,165.8,344.0
Lucknow,2018-11-04,139.28,321.0
Lucknow,2018-11-05,113.48,292.0
Lucknow,2018-11-06,185.64,326.0
Lucknow,2018-11-07,218.8,332.0
Lucknow,2018-11-08,400.97,485.0
Lucknow,2018-11-09,254.56,430.0
Lucknow,2018-11-10,242.63,412.0
Lucknow,2018-11-11,198.19,367.0
Lucknow,2018-11-12,214.85,355.0
Lucknow,2018-11-13,233.96,394.0
Lucknow,2018-11-14,185.54,367.0
Lucknow,2018-11-15,159.24,342.0
Lucknow,2018-11-16,110.37,282.0
Lucknow,2018-11-17,155.14,274.0
Lucknow,2018-11-18,212.78,345.0
Lucknow,2018-11-19,203.65,371.0
Lucknow,2018-11-20,242.99,378.0
Lucknow,2018-11-21,218.3,392.0
Lucknow,2018-11-22,162.5,341.0
Lucknow,2018-11-23,142.38,323.0
Lucknow,2018-11-24,135.5,308.0
Lucknow,2018-11-25,153.5,294.0
Lucknow,2018-11-26,229.22,366.0
Lucknow,2018-11-27,255.17,400.0
Lucknow,2018-11-28,194.98,387.0
Lucknow,2018-11-29,165.85,326.0
Lucknow,2018-11-30,199.95,347.0
Lucknow,2018-12-01,181.48,361.0
Lucknow,2018-12-02,188.15,354.0
Lucknow,2018-12-03,163.02,327.0
Lucknow,2018-12-04,224.13,361.0
Lucknow,2018-12-05,215.02,373.0
Lucknow,2018-12-06,217.33,381.0
Lucknow,2018-12-07,190.39,362.0
Lucknow,2018-12-08,187.66,353.0
Lucknow,2018-12-09,191.1,353.0
Lucknow,2018-12-10,269.3,394.0
Lucknow,2018-12-11,194.03,381.0
Lucknow,2018-12-12,191.15,362.0
Lucknow,2018-12-13,147.38,333.0
Lucknow,2018-12-14,104.92,269.0
Lucknow,2018-12-15,103.65,235.0
Lucknow,2018-12-16,127.74,252.0
Lucknow,2018-12-17,157.84,317.0
Lucknow,2018-12-18,145.81,330.0
Lucknow,2018-12-19,157.54,310.0
Lucknow,2018-12-20,185.2,349.0
Lucknow,2018-12-21,180.46,343.0
Lucknow,2018-12-22,236.91,363.0
Lucknow,2018-12-23,232.81,414.0
Lucknow,2018-12-24,166.0,345.0
Lucknow,2018-12-25,165.37,338.0
Lucknow,2018-12-26,178.64,346.0
Lucknow,2018-12-27,159.21,324.0
Lucknow,2018-12-28,153.63,325.0
Lucknow,2018-12-29,200.84,339.0
Lucknow,2018-12-30,258.08,388.0
Lucknow,2018-12-31,248.51,403.0
Lucknow,2019-01-01,272.75,413.0
Lucknow,2019-01-02,342.7,457.0
Lucknow,2019-01-03,218.08,410.0
Lucknow,2019-01-04,205.72,374.0
Lucknow,2019-01-05,256.56,390.0
Lucknow,2019-01-06,185.35,383.0
Lucknow,2019-01-07,91.92,246.0
Lucknow,2019-01-08,100.13,239.0
Lucknow,2019-01-09,113.44,239.0
Lucknow,2019-01-10,123.15,270.0
Lucknow,2019-01-11,189.97,339.0
Lucknow,2019-01-12,196.35,346.0
Lucknow,2019-01-13,247.31,396.0
Lucknow,2019-01-14,123.74,347.0
Lucknow,2019-01-15,93.46,184.0
Lucknow,2019-01-16,201.61,305.0
Lucknow,2019-01-17,266.0,415.0
Lucknow,2019-01-18,166.95,363.0
Lucknow,2019-01-19,146.52,310.0
Lucknow,2019-01-20,200.11,337.0
Lucknow,2019-01-21,221.07,391.0
Lucknow,2019-01-22,199.91,350.0
Lucknow,2019-01-23,107.47,331.0
Lucknow,2019-01-24,117.88,218.0
Lucknow,2019-01-25,176.21,341.0
Lucknow,2019-01-26,58.65,208.0
Lucknow,2019-01-27,74.33,142.0
Lucknow,2019-01-28,98.43,204.0
Lucknow,2019-01-29,103.41,214.0
Lucknow,2019-01-30,130.59,285.0
Lucknow,2019-01-31,173.26,334.0
Lucknow,2019-02-01,170.24,329.0
Lucknow,2019-02-02,165.91,316.0
Lucknow,2019-02-03,181.48,354.0
Lucknow,2019-02-04,133.58,283.0
Lucknow,2019-02-05,173.33,280.0
Lucknow,2019-02-06,204.17,374.0
Lucknow,2019-02-07,70.36,274.0
Lucknow,2019-02-08,87.57,132.0
Lucknow,2019-02-09,81.51,204.0
Lucknow,2019-02-10,70.83,175.0
Lucknow,2019-02-11,101.7,189.0
Lucknow,2019-02-12,129.67,253.0
Lucknow,2019-02-13,171.14,311.0
Lucknow,2019-02-14,206.21,367.0
Lucknow,2019-02-15,111.88,304.0
Lucknow,2019-02-16,66.67,170.0
Lucknow,2019-02-17,85.17,166.0
Lucknow,2019-02-18,82.72,161.0
Lucknow,2019-02-19,119.84,228.0
Lucknow,2019-02-20,168.15,330.0
Lucknow,2019-02-21,102.76,271.0
Lucknow,2019-02-22,135.37,258.0
Lucknow,2019-02-23,71.89,198.0
Lucknow,2019-02-24,71.83,139.0
Lucknow,2019-02-25,103.62,183.0
Lucknow,2019-02-26,105.19,239.0
Lucknow,2019-02-27,56.13,196.0
Lucknow,2019-02-28,41.13,122.0
Lucknow,2019-03-01,80.97,136.0
Lucknow,2019-03-02,150.97,274.0
Lucknow,2019-03-03,142.49,319.0
Lucknow,2019-03-04,95.72,230.0
Lucknow,2019-03-05,94.8,228.0
Lucknow,2019-03-06,85.41,173.0
Lucknow,2019-03-07,107.74,220.0
Lucknow,2019-03-08,134.05,288.0
Lucknow,2019-03-09,95.73,234.0
Lucknow,2019-03-10,87.66,198.0
Lucknow,2019-03-11,114.03,222.0
Lucknow,2019-03-12,119.49,279.0
Lucknow,2019-03-13,95.71,207.0
Lucknow,2019-03-14,111.27,218.0
Lucknow,2019-03-15,77.39,212.0
Lucknow,2019-03-16,61.98,130.0
Lucknow,2019-03-17,83.08,149.0
Lucknow,2019-03-18,107.51,237.0
Lucknow,2019-03-19,99.81,212.0
Lucknow,2019-03-20,110.71,254.0
Lucknow,2019-03-21,114.58,270.0
Lucknow,2019-03-22,59.16,139.0
Lucknow,2019-03-23,58.24,110.0
Lucknow,2019-03-24,66.42,134.0
Lucknow,2019-03-25,97.85,190.0
Lucknow,2019-03-26,77.36,217.0
Lucknow,2019-03-27,84.31,172.0
Lucknow,2019-03-28,109.08,215.0
Lucknow,2019-03-29,159.65,304.0
Lucknow,2019-03-30,142.6,315.0
Lucknow,2019-03-31,86.06,261.0
Lucknow,2019-04-01,62.23,137.0
Lucknow,2019-04-02,107.33,204.0
Lucknow,2019-04-03,136.13,291.0
Lucknow,2019-04-04,175.0,336.0
Lucknow,2019-04-05,132.84,315.0
Lucknow,2019-04-06,109.96,232.0
Lucknow,2019-04-07,72.32,195.0
Lucknow,2019-04-08,62.99,153.0
Lucknow,2019-04-09,75.07,155.0
Lucknow,2019-04-10,84.56,197.0
Lucknow,2019-04-11,99.92,197.0
Lucknow,2019-04-12,129.92,278.0
Lucknow,2019-04-13,96.67,253.0
Lucknow,2019-04-14,74.99,169.0
Lucknow,2019-04-15,70.01,150.0
Lucknow,2019-04-16,82.71,171.0
Lucknow,2019-04-17,46.96,136.0
Lucknow,2019-04-18,54.78,115.0
Lucknow,2019-04-19,48.72,95.0
Lucknow,2019-04-20,79.74,132.0
Lucknow,2019-04-21,107.92,230.0
Lucknow,2019-04-22,140.88,258.0
Lucknow,2019-04-23,123.56,314.0
Lucknow,2019-04-24,86.39,223.0
Lucknow,2019-04-25,121.98,218.0
Lucknow,2019-04-26,126.11,298.0
Lucknow,2019-04-27,148.62,222.0
Lucknow,2019-04-28,145.0,283.0
Lucknow,2019-04-29,138.55,287.0
Lucknow,2019-04-30,151.26,287.0
Lucknow,2019-05-01,167.31,322.0
Lucknow,2019-05-02,93.19,277.0
Lucknow,2019-05-03,64.16,151.0
Lucknow,2019-05-04,61.07,141.0
Lucknow,2019-05-05,57.79,124.0
Lucknow,2019-05-06,49.24,112.0
Lucknow,2019-05-07,67.74,121.0
Lucknow,2019-05-08,85.04,183.0
Lucknow,2019-05-09,97.59,197.0
Lucknow,2019-05-10,91.98,219.0
Lucknow,2019-05-11,82.16,210.0
Lucknow,2019-05-12,78.3,164.0
Lucknow,2019-05-13,72.91,183.0
Lucknow,2019-05-14,71.58,178.0
Lucknow,2019-05-15,85.72,198.0
Lucknow,2019-05-16,86.79,223.0
Lucknow,2019-05-17,84.52,192.0
Lucknow,2019-05-18,63.96,167.0
Lucknow,2019-05-19,82.43,144.0
Lucknow,2019-05-20,86.76,196.0
Lucknow,2019-05-21,84.27,189.0
Lucknow,2019-05-22,90.35,203.0
Lucknow,2019-05-23,73.06,189.0
Lucknow,2019-05-24,70.32,150.0
Lucknow,2019-05-25,63.6,142.0
Lucknow,2019-05-26,63.22,125.0
Lucknow,2019-05-27,83.69,160.0
Lucknow,2019-05-28,86.09,211.0
Lucknow,2019-05-29,86.52,175.0
Lucknow,2019-05-30,111.94,231.0
Lucknow,2019-05-31,92.22,230.0
Lucknow,2019-06-01,68.09,167.0
Lucknow,2019-06-02,96.37,176.0
Lucknow,2019-06-03,76.36,184.0
Lucknow,2019-06-04,95.09,174.0
Lucknow,2019-06-05,84.49,195.0
Lucknow,2019-06-06,102.45,205.0
Lucknow,2019-06-07,47.49,145.0
Lucknow,2019-06-08,61.01,104.0
Lucknow,2019-06-09,82.55,151.0
Lucknow,2019-06-10,84.51,183.0
Lucknow,2019-06-11,72.91,173.0
Lucknow,2019-06-12,59.04,144.0
Lucknow,2019-06-13,94.34,162.0
Lucknow,2019-06-14,75.84,202.0
Lucknow,2019-06-15,115.06,225.0
Lucknow,2019-06-16,66.13,199.0
Lucknow,2019-06-17,58.23,113.0
Lucknow,2019-06-18,66.8,114.0
Lucknow,2019-06-19,78.08,160.0
Lucknow,2019-06-20,60.93,138.0
Lucknow,2019-06-21,81.44,164.0
Lucknow,2019-06-22,82.08,207.0
Lucknow,2019-06-23,41.2,112.0
Lucknow,2019-06-24,71.26,115.0
Lucknow,2019-06-25,63.03,151.0
Lucknow,2019-06-26,73.65,143.0
Lucknow,2019-06-27,79.54,161.0
Lucknow,2019-06-28,91.73,199.0
Lucknow,2019-06-29,108.96,226.0
Lucknow,2019-06-30,87.76,239.0
Lucknow,2019-07-01,67.45,124.0
Lucknow,2019-07-02,75.85,172.0
Lucknow,2019-07-03,32.12,104.0
Lucknow,2019-07-04,42.34,94.0
Lucknow,2019-07-05,50.97,98.0
Lucknow,2019-07-06,31.56,105.0
Lucknow,2019-07-07,20.26,107.0
Lucknow,2019-07-08,27.27,104.0
Lucknow,2019-07-09,23.2,80.0
Lucknow,2019-07-10,35.86,90.0
Lucknow,2019-07-11,41.57,92.0
Lucknow,2019-07-12,47.8,91.0
Lucknow,2019-07-13,51.37,95.0
Lucknow,2019-07-14,54.98,84.0
Lucknow,2019-07-15,55.45,114.0
Lucknow,2019-07-16,37.99,78.0
Lucknow,2019-07-17,46.6,102.0
Lucknow,2019-07-18,45.67,88.0
Lucknow,2019-07-19,60.65,103.0
Lucknow,2019-07-20,52.96,112.0
Lucknow,2019-07-21,39.05,86.0
Lucknow,2019-07-22,40.14,81.0
Lucknow,2019-07-23,44.28,86.0
Lucknow,2019-07-24,23.53,78.0
Lucknow,2019-07-25,19.09,72.0
Lucknow,2019-07-26,22.01,79.0
Lucknow,2019-07-27,25.45,67.0
Lucknow,2019-07-28,36.63,95.0
Lucknow,2019-07-29,20.89,80.0
Lucknow,2019-07-30,24.05,75.0
Lucknow,2019-07-31,30.74,91.0
Lucknow,2019-08-01,46.89,91.0
Lucknow,2019-08-02,75.32,145.0
Lucknow,2019-08-03,41.9,108.0
Lucknow,2019-08-04,36.86,108.0
Lucknow,2019-08-05,38.05,103.0
Lucknow,2019-08-06,25.74,86.0
Lucknow,2019-08-07,26.5,98.0
Lucknow,2019-08-08,27.16,107.0
Lucknow,2019-08-09,26.69,94.0
Lucknow,2019-08-10,33.83,92.0
Lucknow,2019-08-11,36.43,100.0
Lucknow,2019-08-12,27.48,103.0
Lucknow,2019-08-13,26.94,116.0
Lucknow,2019-08-14,27.9,105.0
Lucknow,2019-08-15,27.22,83.0
Lucknow,2019-08-16,17.57,81.0
Lucknow,2019-08-17,21.25,60.0
Lucknow,2019-08-18,23.98,64.0
Lucknow,2019-08-19,34.31,69.0
Lucknow,2019-08-20,33.56,80.0
Lucknow,2019-08-21,32.74,74.0
Lucknow,2019-08-22,28.99,78.0
Lucknow,2019-08-23,32.59,72.0
Lucknow,2019-08-24,28.96,78.0
Lucknow,2019-08-25,24.95,74.0
Lucknow,2019-08-26,29.82,66.0
Lucknow,2019-08-27,36.52,85.0
Lucknow,2019-08-28,34.82,73.0
Lucknow,2019-08-29,34.99,93.0
Lucknow,2019-08-30,38.3,104.0
Lucknow,2019-08-31,44.99,110.0
Lucknow,2019-09-01,46.37,103.0
Lucknow,2019-09-02,36.07,102.0
Lucknow,2019-09-03,40.88,85.0
Lucknow,2019-09-04,33.81,73.0
Lucknow,2019-09-05,36.0,72.0
Lucknow,2019-09-06,41.64,75.0
Lucknow,2019-09-07,28.29,73.0
Lucknow,2019-09-08,22.19,63.0
Lucknow,2019-09-09,26.93,67.0
Lucknow,2019-09-10,35.24,74.0
Lucknow,2019-09-11,45.2,76.0
Lucknow,2019-09-12,50.13,92.0
Lucknow,2019-09-13,26.46,95.0
Lucknow,2019-09-14,30.97,77.0
Lucknow,2019-09-15,34.33,81.0
Lucknow,2019-09-16,28.45,69.0
Lucknow,2019-09-17,32.1,69.0
Lucknow,2019-09-18,25.43,81.0
Lucknow,2019-09-19,28.32,72.0
Lucknow,2019-09-20,33.75,86.0
Lucknow,2019-09-21,37.33,89.0
Lucknow,2019-09-22,28.43,81.0
Lucknow,2019-09-23,33.05,72.0
Lucknow,2019-09-24,34.53,85.0
Lucknow,2019-09-25,33.36,92.0
Lucknow,2019-09-26,21.75,70.0
Lucknow,2019-09-27,12.76,67.0
Lucknow,2019-09-28,16.17,54.0
Lucknow,2019-09-29,16.06,52.0
Lucknow,2019-09-30,17.44,52.0
Lucknow,2019-10-01,30.24,65.0
Lucknow,2019-10-02,29.31,66.0
Lucknow,2019-10-03,36.25,76.0
Lucknow,2019-10-04,40.55,91.0
Lucknow,2019-10-05,63.48,104.0
Lucknow,2019-10-06,64.84,126.0
Lucknow,2019-10-07,80.3,146.0
Lucknow,2019-10-08,84.3,167.0
Lucknow,2019-10-09,89.18,197.0
Lucknow,2019-10-10,63.28,149.0
Lucknow,2019-10-11,84.96,160.0
Lucknow,2019-10-12,70.45,162.0
Lucknow,2019-10-13,85.66,160.0
Lucknow,2019-10-14,92.1,208.0
Lucknow,2019-10-15,84.95,198.0
Lucknow,2019-10-16,88.51,198.0
Lucknow,2019-10-17,100.53,222.0
Lucknow,2019-10-18,97.48,226.0
Lucknow,2019-10-19,100.9,210.0
Lucknow,2019-10-20,132.03,260.0
Lucknow,2019-10-21,130.14,301.0
Lucknow,2019-10-22,132.12,288.0
Lucknow,2019-10-23,136.04,280.0
Lucknow,2019-10-24,119.54,293.0
Lucknow,2019-10-25,92.62,235.0
Lucknow,2019-10-26,74.94,180.0
Lucknow,2019-10-27,115.56,193.0
Lucknow,2019-10-28,212.66,356.0
Lucknow,2019-10-29,172.24,356.0
Lucknow,2019-10-30,180.88,330.0
Lucknow,2019-10-31,226.63,364.0
Lucknow,2019-11-01,239.79,383.0
Lucknow,2019-11-02,296.73,428.0
Lucknow,2019-11-03,262.62,431.0
Lucknow,2019-11-04,382.96,453.0
Lucknow,2019-11-05,230.03,455.0
Lucknow,2019-11-06,184.59,353.0
Lucknow,2019-11-07,221.38,369.0
Lucknow,2019-11-08,188.06,362.0
Lucknow,2019-11-09,161.6,332.0
Lucknow,2019-11-10,105.68,265.0
Lucknow,2019-11-11,137.17,245.0
Lucknow,2019-11-12,180.1,307.0
Lucknow,2019-11-13,205.01,362.0
Lucknow,2019-11-14,178.75,357.0
Lucknow,2019-11-15,160.59,342.0
Lucknow,2019-11-16,150.74,326.0
Lucknow,2019-11-17,104.57,289.0
Lucknow,2019-11-18,90.98,187.0
Lucknow,2019-11-19,110.45,225.0
Lucknow,2019-11-20,160.93,300.0
Lucknow,2019-11-21,159.64,330.0
Lucknow,2019-11-22,152.58,327.0
Lucknow,2019-11-23,149.87,330.0
Lucknow,2019-11-24,118.61,292.0
Lucknow,2019-11-25,157.04,276.0
Lucknow,2019-11-26,230.11,365.0
Lucknow,2019-11-27,207.97,373.0
Lucknow,2019-11-28,212.9,377.0
Lucknow,2019-11-29,73.1,262.0
Lucknow,2019-11-30,83.77,178.0
Lucknow,2019-12-01,97.5,207.0
Lucknow,2019-12-02,107.21,246.0
Lucknow,2019-12-03,134.98,275.0
Lucknow,2019-12-04,153.91,291.0
Lucknow,2019-12-05,186.49,340.0
Lucknow,2019-12-06,198.7,362.0
Lucknow,2019-12-07,161.68,343.0
Lucknow,2019-12-08,184.31,352.0
Lucknow,2019-12-09,148.87,308.0
Lucknow,2019-12-10,162.21,314.0
Lucknow,2019-12-11,207.35,361.0
Lucknow,2019-12-12,159.23,348.0
Lucknow,2019-12-13,107.6,304.0
Lucknow,2019-12-14,58.15,147.0
Lucknow,2019-12-15,66.88,126.0
Lucknow,2019-12-16,76.28,153.0
Lucknow,2019-12-17,82.48,164.0
Lucknow,2019-12-18,92.47,170.0
Lucknow,2019-12-19,139.59,251.0
Lucknow,2019-12-20,185.45,323.0
Lucknow,2019-12-21,215.0,366.0
Lucknow,2019-12-22,177.24,365.0
Lucknow,2019-12-23,140.5,306.0
Lucknow,2019-12-24,158.8,315.0
Lucknow,2019-12-25,186.34,307.0
Lucknow,2019-12-26,162.49,327.0
Lucknow,2019-12-27,180.21,326.0
Lucknow,2019-12-28,184.93,352.0
Lucknow,2019-12-29,148.01,339.0
Lucknow,2019-12-30,157.85,320.0
Lucknow,2019-12-31,244.22,350.0
Lucknow,2020-01-01,286.23,442.0
Lucknow,2020-01-02,182.39,361.0
Lucknow,2020-01-03,123.99,313.0
Lucknow,2020-01-04,109.44,245.0
Lucknow,2020-01-05,99.13,210.0
Lucknow,2020-01-06,135.19,262.0
Lucknow,2020-01-07,156.42,308.0
Lucknow,2020-01-08,190.4,344.0
Lucknow,2020-01-09,100.5,247.0
Lucknow,2020-01-10,107.48,198.0
Lucknow,2020-01-11,179.95,281.0
Lucknow,2020-01-12,227.28,377.0
Lucknow,2020-01-13,210.89,377.0
Lucknow,2020-01-14,165.2,323.0
Lucknow,2020-01-15,179.18,354.0
Lucknow,2020-01-16,103.3,294.0
Lucknow,2020-01-17,54.54,122.0
Lucknow,2020-01-18,79.13,161.0
Lucknow,2020-01-19,68.76,138.0
Lucknow,2020-01-20,110.74,191.0
Lucknow,2020-01-21,139.53,256.0
Lucknow,2020-01-22,166.91,356.0
Lucknow,2020-01-23,91.35,249.0
Lucknow,2020-01-24,90.23,156.0
Lucknow,2020-01-25,132.72,267.0
Lucknow,2020-01-26,153.83,303.0
Lucknow,2020-01-27,150.69,337.0
Lucknow,2020-01-28,168.34,325.0
Lucknow,2020-01-29,137.5,313.0
Lucknow,2020-01-30,52.72,195.0
Lucknow,2020-01-31,70.64,147.0
Lucknow,2020-02-01,111.69,224.0
Lucknow,2020-02-02,102.35,216.0
Lucknow,2020-02-03,126.7,239.0
Lucknow,2020-02-04,151.07,307.0
Lucknow,2020-02-05,126.3,278.0
Lucknow,2020-02-06,117.93,230.0
Lucknow,2020-02-07,144.71,309.0
Lucknow,2020-02-08,127.6,248.0
Lucknow,2020-02-09,135.9,272.0
Lucknow,2020-02-10,128.8,275.0
Lucknow,2020-02-11,125.22,267.0
Lucknow,2020-02-12,117.26,253.0
Lucknow,2020-02-13,105.78,244.0
Lucknow,2020-02-14,102.62,192.0
Lucknow,2020-02-15,78.38,214.0
Lucknow,2020-02-16,118.46,209.0
Lucknow,2020-02-17,131.9,283.0
Lucknow,2020-02-18,94.18,232.0
Lucknow,2020-02-19,109.26,249.0
Lucknow,2020-02-20,110.53,227.0
Lucknow,2020-02-21,76.06,198.0
Lucknow,2020-02-22,43.32,103.0
Lucknow,2020-02-23,112.99,173.0
Lucknow,2020-02-24,100.96,222.0
Lucknow,2020-02-25,50.83,167.0
Lucknow,2020-02-26,43.62,97.0
Lucknow,2020-02-27,50.0,92.0
Lucknow,2020-02-28,63.36,116.0
Lucknow,2020-02-29,76.54,147.0
Lucknow,2020-03-01,66.13,148.0
Lucknow,2020-03-02,65.34,136.0
Lucknow,2020-03-03,77.06,144.0
Lucknow,2020-03-04,89.44,191.0
Lucknow,2020-03-05,83.4,182.0
Lucknow,2020-03-06,46.58,125.0
Lucknow,2020-03-07,33.25,80.0
Lucknow,2020-03-08,61.96,91.0
Lucknow,2020-03-09,45.29,128.0
Lucknow,2020-03-10,95.33,163.0
Lucknow,2020-03-11,65.48,165.0
Lucknow,2020-03-12,62.4,112.0
Lucknow,2020-03-13,44.03,111.0
Lucknow,2020-03-14,40.6,74.0
Lucknow,2020-03-15,44.07,96.0
Lucknow,2020-03-16,51.06,86.0
Lucknow,2020-03-17,75.48,134.0
Lucknow,2020-03-18,74.41,164.0
Lucknow,2020-03-19,108.53,183.0
Lucknow,2020-03-20,115.54,252.0
Lucknow,2020-03-21,80.01,219.0
Lucknow,2020-03-22,60.47,128.0
Lucknow,2020-03-23,72.86,122.0
Lucknow,2020-03-24,100.15,207.0
Lucknow,2020-03-25,88.32,237.0
Lucknow,2020-03-26,45.41,108.0
Lucknow,2020-03-27,45.85,77.0
Lucknow,2020-03-28,35.31,73.0
Lucknow,2020-03-29,33.5,64.0
Lucknow,2020-03-30,39.91,69.0
Lucknow,2020-03-31,46.17,85.0
Lucknow,2020-04-01,66.67,116.0
Lucknow,2020-04-02,49.02,115.0
Lucknow,2020-04-03,36.76,81.0
Lucknow,2020-04-04,37.82,71.0
Lucknow,2020-04-05,54.39,91.0
Lucknow,2020-04-06,46.26,90.0
Lucknow,2020-04-07,41.85,75.0
Lucknow,2020-04-08,46.3,77.0
Lucknow,2020-04-09,43.45,94.0
Lucknow,2020-04-10,53.91,81.0
Lucknow,2020-04-11,65.52,121.0
Lucknow,2020-04-12,62.39,151.0
Lucknow,2020-04-13,55.36,93.0
Lucknow,2020-04-14,80.7,157.0
Lucknow,2020-04-15,65.8,138.0
Lucknow,2020-04-16,84.4,160.0
Lucknow,2020-04-17,79.72,211.0
Lucknow,2020-04-18,64.07,140.0
Lucknow,2020-04-19,59.38,125.0
Lucknow,2020-04-20,49.13,91.0
Lucknow,2020-04-21,43.27,81.0
Lucknow,2020-04-22,52.6,84.0
Lucknow,2020-04-23,68.37,112.0
Lucknow,2020-04-24,64.63,142.0
Lucknow,2020-04-25,62.85,120.0
Lucknow,2020-04-26,45.35,95.0
Lucknow,2020-04-27,29.19,69.0
Lucknow,2020-04-28,41.72,64.0
Lucknow,2020-04-29,44.77,74.0
Lucknow,2020-04-30,49.27,83.0
Lucknow,2020-05-01,45.79,82.0
Lucknow,2020-05-02,37.81,67.0
Lucknow,2020-05-03,39.83,63.0
Lucknow,2020-05-04,42.14,73.0
Lucknow,2020-05-05,35.49,83.0
Lucknow,2020-05-06,32.63,64.0
Lucknow,2020-05-07,39.25,73.0
Lucknow,2020-05-08,50.91,77.0
Lucknow,2020-05-09,56.14,103.0
Lucknow,2020-05-10,63.31,122.0
Lucknow,2020-05-11,59.8,140.0
Lucknow,2020-05-12,58.92,106.0
Lucknow,2020-05-13,59.92,143.0
Lucknow,2020-05-14,55.4,107.0
Lucknow,2020-05-15,77.19,142.0
Lucknow,2020-05-16,52.42,143.0
Lucknow,2020-05-17,64.24,107.0
Lucknow,2020-05-18,68.13,151.0
Lucknow,2020-05-19,59.78,113.0
Lucknow,2020-05-20,101.41,209.0
Lucknow,2020-05-21,60.52,152.0
Lucknow,2020-05-22,81.15,158.0
Lucknow,2020-05-23,57.56,164.0
Lucknow,2020-05-24,71.25,134.0
Lucknow,2020-05-25,67.24,173.0
Lucknow,2020-05-26,71.23,147.0
Lucknow,2020-05-27,107.05,205.0
Lucknow,2020-05-28,38.92,135.0
Lucknow,2020-05-29,46.61,78.0
Lucknow,2020-05-30,46.72,97.0
Lucknow,2020-05-31,37.56,81.0
Lucknow,2020-06-01,47.72,85.0
Lucknow,2020-06-02,48.38,99.0
Lucknow,2020-06-03,65.45,110.0
Lucknow,2020-06-04,61.74,142.0
Lucknow,2020-06-05,51.38,100.0
Lucknow,2020-06-06,31.01,84.0
Lucknow,2020-06-07,29.99,70.0
Lucknow,2020-06-08,53.23,77.0
Lucknow,2020-06-09,79.9,148.0
Lucknow,2020-06-10,91.02,193.0
Lucknow,2020-06-11,79.09,183.0
Lucknow,2020-06-12,71.59,166.0
Lucknow,2020-06-13,51.8,117.0
Lucknow,2020-06-14,41.87,91.0
Lucknow,2020-06-15,46.39,79.0
Lucknow,2020-06-16,31.6,76.0
Lucknow,2020-06-17,39.69,73.0
Lucknow,2020-06-18,35.98,75.0
Lucknow,2020-06-19,35.25,70.0
Lucknow,2020-06-20,36.49,78.0
Lucknow,2020-06-21,29.43,71.0
Lucknow,2020-06-22,29.44,64.0
Lucknow,2020-06-23,34.52,72.0
Lucknow,2020-06-24,45.74,90.0
Lucknow,2020-06-25,54.97,116.0
Lucknow,2020-06-26,38.9,81.0
Lucknow,2020-06-27,32.23,74.0
Lucknow,2020-06-28,34.58,77.0
Lucknow,2020-06-29,30.19,65.0
Lucknow,2020-06-30,38.27,69.0
Lucknow,2020-07-01,34.97,76.0
Talcher,2018-02-08,135.85,311.0
Talcher,2018-02-09,172.05,321.0
Talcher,2018-02-10,143.05,343.0
Talcher,2018-02-13,173.67,343.0
Talcher,2018-02-14,73.52,269.0
Talcher,2018-02-15,145.63,243.0
Talcher,2018-02-16,193.1,350.0
Talcher,2018-02-17,174.89,362.0
Talcher,2018-02-18,209.23,369.0
Talcher,2018-02-19,138.1,356.0
Talcher,2018-02-20,135.54,305.0
Talcher,2018-02-21,183.64,320.0
Talcher,2018-02-22,238.35,474.0
Talcher,2018-02-23,223.24,452.0
Talcher,2018-02-24,172.69,356.0
Talcher,2018-02-25,174.97,334.0
Talcher,2018-02-26,207.2,400.0
Talcher,2018-02-27,159.51,378.0
Talcher,2018-02-28,202.82,368.0
Talcher,2018-03-01,186.41,367.0
Talcher,2018-03-02,198.3,365.0
Talcher,2018-03-03,166.3,348.0
Talcher,2018-03-04,283.31,484.0
Talcher,2018-03-05,173.38,396.0
Talcher,2018-03-06,145.3,341.0
Talcher,2018-03-07,147.24,320.0
Talcher,2018-03-08,111.63,295.0
Talcher,2018-03-09,179.03,258.0
Talcher,2018-03-10,144.24,329.0
Talcher,2018-03-11,82.18,323.0
Talcher,2018-03-21,217.86,425.0
Talcher,2018-03-22,100.51,306.0
Talcher,2018-03-23,108.45,206.0
Talcher,2018-03-24,90.03,251.0
Talcher,2018-03-25,64.52,168.0
Talcher,2018-03-26,93.41,148.0
Talcher,2018-03-27,155.14,288.0
Talcher,2018-03-28,183.49,354.0
Talcher,2018-03-29,61.01,230.0
Talcher,2018-03-30,53.41,130.0
Talcher,2018-03-31,60.32,127.0
Talcher,2018-04-01,75.21,134.0
Talcher,2018-04-02,29.93,139.0
Talcher,2018-04-03,39.69,99.0
Talcher,2018-04-04,53.48,120.0
Talcher,2018-04-05,61.99,114.0
Talcher,2018-04-15,35.65,154.0
Talcher,2018-04-16,110.34,193.0
Talcher,2018-04-17,64.68,200.0
Talcher,2018-04-18,108.11,215.0
Talcher,2018-04-19,59.36,267.0
Talcher,2018-04-20,34.41,96.0
Talcher,2018-04-21,51.96,110.0
Talcher,2018-04-22,102.35,139.0
Talcher,2018-04-23,45.11,89.0
Talcher,2018-04-24,82.83,145.0
Talcher,2018-04-25,90.72,196.0
Talcher,2018-04-27,20.11,101.0
Talcher,2018-04-28,30.96,104.0
Talcher,2018-04-29,37.37,100.0
Talcher,2018-04-30,51.56,100.0
Talcher,2018-05-01,39.03,98.0
Talcher,2018-05-02,38.9,94.0
Talcher,2018-05-03,72.57,112.0
Talcher,2018-05-04,46.59,104.0
Talcher,2018-05-05,43.79,114.0
Talcher,2018-05-06,42.56,109.0
Talcher,2018-05-07,67.72,128.0
Talcher,2018-05-08,51.0,140.0
Talcher,2018-05-09,66.42,138.0
Talcher,2018-05-10,60.01,155.0
Talcher,2018-05-11,46.17,124.0
Talcher,2018-05-12,42.77,111.0
Talcher,2018-05-13,53.33,103.0
Talcher,2018-05-14,32.69,95.0
Talcher,2018-05-15,77.37,139.0
Talcher,2018-05-16,66.31,119.0
Talcher,2018-05-17,49.13,122.0
Talcher,2018-05-18,59.5,110.0
Talcher,2018-05-19,69.14,141.0
Talcher,2018-05-20,38.38,107.0
Talcher,2018-05-21,84.96,108.0
Talcher,2018-05-22,80.66,163.0
Talcher,2018-05-23,36.34,124.0
Talcher,2018-05-24,39.91,91.0
Talcher,2018-05-25,25.78,88.0
Talcher,2018-05-26,31.1,90.0
Talcher,2018-05-27,36.97,89.0
Talcher,2018-05-28,38.07,102.0
Talcher,2018-05-29,40.07,111.0
Talcher,2018-05-30,33.75,104.0
Talcher,2018-05-31,79.39,108.0
Talcher,2018-06-01,54.6,182.0
Talcher,2018-06-02,49.37,98.0
Talcher,2018-06-03,132.55,201.0
Talcher,2018-06-04,69.21,148.0
Talcher,2018-06-05,53.57,125.0
Talcher,2018-06-06,57.77,106.0
Talcher,2018-06-07,59.3,107.0
Talcher,2018-06-19,23.77,200.0
Talcher,2018-06-20,29.49,166.0
Talcher,2018-06-21,44.47,155.0
Talcher,2018-06-22,31.75,131.0
Talcher,2018-06-23,18.9,124.0
Talcher,2018-06-24,24.69,110.0
Talcher,2018-06-25,26.57,116.0
Talcher,2018-06-26,36.11,113.0
Talcher,2018-06-27,25.06,119.0
Talcher,2018-06-28,14.66,102.0
Talcher,2018-06-29,22.15,103.0
Talcher,2018-06-30,26.38,115.0
Talcher,2018-07-01,24.39,121.0
Talcher,2018-07-02,21.0,111.0
Talcher,2018-07-03,19.47,105.0
Talcher,2018-07-04,29.32,134.0
Talcher,2018-07-05,23.7,144.0
Talcher,2018-07-06,26.47,138.0
Talcher,2018-07-07,23.59,128.0
Talcher,2018-07-08,23.54,113.0
Talcher,2018-07-09,13.64,102.0
Talcher,2018-07-10,16.27,102.0
Talcher,2018-07-11,24.07,108.0
Talcher,2018-07-12,17.92,108.0
Talcher,2018-07-13,15.79,108.0
Talcher,2018-07-14,17.77,107.0
Talcher,2018-07-15,12.41,109.0
Talcher,2018-07-16,13.96,106.0
Talcher,2018-07-17,13.74,105.0
Talcher,2018-07-18,23.6,111.0
Talcher,2018-07-19,21.58,122.0
Talcher,2018-07-20,25.77,110.0
Talcher,2018-07-21,11.15,106.0
Talcher,2018-07-22,10.71,104.0
Talcher,2018-07-23,19.74,108.0
Talcher,2018-07-24,26.77,130.0
Talcher,2018-07-25,27.24,136.0
Talcher,2018-07-26,22.6,84.0
Talcher,2018-07-27,21.94,98.0
Talcher,2018-07-28,25.81,136.0
Talcher,2018-07-29,27.05,137.0
Talcher,2018-07-30,32.26,109.0
Talcher,2018-07-31,31.28,102.0
Talcher,2018-08-01,25.01,147.0
Talcher,2018-08-02,31.23,146.0
Talcher,2018-08-03,23.22,115.0
Talcher,2018-08-04,33.27,138.0
Talcher,2018-08-05,30.95,167.0
Talcher,2018-08-06,16.5,113.0
Talcher,2018-08-07,2.65,78.0
Talcher,2018-08-08,11.88,51.0
Talcher,2018-08-14,17.98,111.0
Talcher,2018-08-15,14.65,113.0
Talcher,2018-08-16,38.91,104.0
Talcher,2018-08-17,7.17,97.0
Talcher,2018-08-21,29.66,111.0
Talcher,2018-08-22,22.35,110.0
Talcher,2018-08-23,28.73,108.0
Talcher,2018-08-24,61.99,76.0
Talcher,2018-09-22,61.99,14.0
Talcher,2018-09-23,61.99,15.0
Talcher,2018-09-24,61.99,15.0
Talcher,2018-09-25,61.99,16.0
Talcher,2018-09-26,61.99,16.0
Talcher,2018-09-27,61.99,23.0
Talcher,2018-09-28,61.99,17.0
Talcher,2018-09-29,61.99,20.0
Talcher,2018-09-30,61.99,17.0
Talcher,2018-10-01,61.99,17.0
Talcher,2018-10-12,61.99,17.0
Talcher,2018-10-13,61.99,13.0
Talcher,2018-10-14,61.99,15.0
Talcher,2018-10-15,61.99,16.0
Talcher,2018-10-16,79.71,46.0
Talcher,2018-10-17,14.62,118.0
Talcher,2018-10-18,23.56,117.0
Talcher,2018-10-19,58.85,119.0
Talcher,2018-10-20,58.15,116.0
Talcher,2018-10-21,58.19,111.0
Talcher,2018-10-22,63.74,127.0
Talcher,2018-10-23,66.55,123.0
Talcher,2018-10-24,47.45,109.0
Talcher,2018-10-25,61.37,113.0
Talcher,2018-10-26,60.29,148.0
Talcher,2018-10-27,64.91,135.0
Talcher,2018-10-28,48.84,112.0
Talcher,2018-10-29,31.23,107.0
Talcher,2018-10-30,25.79,107.0
Talcher,2018-10-31,31.74,115.0
Talcher,2018-11-01,27.15,113.0
Talcher,2018-11-02,37.81,112.0
Talcher,2018-11-03,59.16,150.0
Talcher,2018-11-04,48.12,146.0
Talcher,2018-11-05,83.49,192.0
Talcher,2018-11-06,85.22,246.0
Talcher,2018-11-07,62.29,185.0
Talcher,2018-11-08,58.04,167.0
Talcher,2018-11-09,77.03,181.0
Talcher,2018-11-10,94.21,280.0
Talcher,2018-11-11,88.86,336.0
Talcher,2018-11-12,83.94,271.0
Talcher,2018-11-13,89.94,255.0
Talcher,2018-11-14,89.14,315.0
Talcher,2018-11-15,97.94,311.0
Talcher,2018-11-16,95.01,404.0
Talcher,2018-11-17,80.16,367.0
Talcher,2018-11-18,71.14,314.0
Talcher,2018-11-19,83.12,193.0
Talcher,2018-11-20,107.97,408.0
Talcher,2018-11-21,93.4,431.0
Talcher,2018-11-22,85.04,396.0
Talcher,2018-11-23,81.8,422.0
Talcher,2018-11-24,66.17,360.0
Talcher,2018-11-25,66.46,330.0
Talcher,2018-11-26,86.22,386.0
Talcher,2018-11-27,110.22,525.0
Talcher,2018-11-28,110.75,489.0
Talcher,2018-11-29,95.3,356.0
Talcher,2018-11-30,100.66,509.0
Talcher,2018-12-01,88.36,428.0
Talcher,2018-12-02,100.93,434.0
Talcher,2018-12-03,109.94,434.0
Talcher,2018-12-04,114.58,342.0
Talcher,2018-12-05,119.7,284.0
Talcher,2018-12-06,106.01,286.0
Talcher,2018-12-07,101.5,261.0
Talcher,2018-12-08,94.41,241.0
Talcher,2018-12-09,115.23,230.0
Talcher,2018-12-10,99.88,291.0
Talcher,2018-12-11,92.54,212.0
Talcher,2018-12-12,110.56,266.0
Talcher,2018-12-13,112.0,261.0
Talcher,2018-12-14,89.1,269.0
Talcher,2018-12-25,95.97,210.0
Talcher,2018-12-26,111.33,244.0
Talcher,2018-12-27,107.57,249.0
Talcher,2018-12-28,77.2,254.0
Talcher,2018-12-29,101.04,249.0
Talcher,2018-12-30,72.57,227.0
Talcher,2018-12-31,84.3,200.0
Talcher,2019-01-01,109.37,252.0
Talcher,2019-01-02,164.15,304.0
Talcher,2019-01-03,144.06,353.0
Talcher,2019-01-04,149.95,359.0
Talcher,2019-01-05,141.72,336.0
Talcher,2019-01-06,151.23,344.0
Talcher,2019-01-07,136.62,346.0
Talcher,2019-01-08,94.54,307.0
Talcher,2019-01-09,105.66,221.0
Talcher,2019-01-10,122.14,285.0
Talcher,2019-01-11,117.54,308.0
Talcher,2019-01-12,126.07,305.0
Talcher,2019-01-13,148.86,306.0
Talcher,2019-01-14,129.5,322.0
Talcher,2019-01-15,102.03,359.0
Talcher,2019-01-16,115.57,360.0
Talcher,2019-01-17,131.89,341.0
Talcher,2019-01-19,104.12,336.0
Talcher,2019-01-20,113.96,367.0
Talcher,2019-01-21,99.88,456.0
Talcher,2019-01-22,81.01,292.0
Talcher,2019-01-23,66.58,220.0
Talcher,2019-01-24,66.31,176.0
Talcher,2019-01-25,47.7,155.0
Talcher,2019-01-26,58.67,175.0
Talcher,2019-01-27,56.68,177.0
Talcher,2019-01-28,55.87,164.0
Talcher,2019-01-29,53.41,200.0
Talcher,2019-01-30,78.87,230.0
Talcher,2019-01-31,95.67,326.0
Talcher,2019-02-01,102.53,301.0
Talcher,2019-02-02,99.74,370.0
Talcher,2019-02-03,101.98,397.0
Talcher,2019-02-04,82.05,386.0
Talcher,2019-02-05,96.65,418.0
Talcher,2019-02-06,88.48,439.0
Talcher,2019-02-07,83.85,404.0
Talcher,2019-02-08,60.24,233.0
Talcher,2019-02-09,51.07,248.0
Talcher,2019-02-10,61.86,211.0
Talcher,2019-02-11,63.48,278.0
Talcher,2019-02-12,87.87,350.0
Talcher,2019-02-13,106.94,398.0
Talcher,2019-02-14,129.55,570.0
Talcher,2019-02-15,68.38,425.0
Talcher,2019-02-16,71.75,274.0
Talcher,2019-02-17,59.61,229.0
Talcher,2019-02-18,75.49,236.0
Talcher,2019-02-19,90.51,347.0
Talcher,2019-02-20,94.73,390.0
Talcher,2019-02-21,81.52,351.0
Talcher,2019-02-22,116.52,437.0
Talcher,2019-02-24,71.07,437.0
Talcher,2019-02-25,39.16,222.0
Talcher,2019-02-26,27.67,118.0
Talcher,2019-02-27,23.09,111.0
Talcher,2019-02-28,29.97,129.0
Talcher,2019-03-01,29.6,148.0
Talcher,2019-03-02,37.64,151.0
Talcher,2019-03-03,58.16,179.0
Talcher,2019-03-04,33.19,221.0
Talcher,2019-03-05,29.56,133.0
Talcher,2019-03-06,45.91,195.0
Talcher,2019-03-07,67.33,266.0
Talcher,2019-03-21,33.25,121.0
Talcher,2019-03-22,42.6,148.0
Talcher,2019-03-23,46.63,161.0
Talcher,2019-03-24,60.74,219.0
Talcher,2019-03-25,85.0,335.0
Talcher,2019-03-26,53.41,292.0
Talcher,2019-03-27,28.11,156.0
Talcher,2019-03-28,34.38,123.0
Talcher,2019-03-29,45.84,166.0
Talcher,2019-03-30,95.85,191.0
Talcher,2019-03-31,58.86,213.0
Talcher,2019-04-01,47.74,200.0
Talcher,2019-04-02,50.37,145.0
Talcher,2019-04-03,43.63,164.0
Talcher,2019-04-04,27.84,130.0
Talcher,2019-04-05,55.95,144.0
Talcher,2019-04-06,29.53,168.0
Talcher,2019-04-07,21.02,114.0
Talcher,2019-04-08,18.61,89.0
Talcher,2019-04-09,47.88,124.0
Talcher,2019-04-10,58.43,158.0
Talcher,2019-04-11,46.71,119.0
Talcher,2019-04-12,52.99,170.0
Talcher,2019-04-13,33.4,155.0
Talcher,2019-04-15,53.68,183.0
Talcher,2019-04-16,60.44,180.0
Talcher,2019-04-17,57.94,253.0
Talcher,2019-04-18,34.74,144.0
Talcher,2019-04-19,44.86,128.0
Talcher,2019-04-20,43.61,124.0
Talcher,2019-04-21,28.04,120.0
Talcher,2019-04-22,49.73,130.0
Talcher,2019-04-23,45.09,116.0
Talcher,2019-04-24,23.3,99.0
Talcher,2019-04-25,27.72,93.0
Talcher,2019-04-30,39.81,104.0
Talcher,2019-05-01,21.91,89.0
Talcher,2019-05-02,16.34,77.0
Talcher,2019-05-03,26.08,102.0
Talcher,2019-05-05,36.91,132.0
Talcher,2019-05-06,38.49,140.0
Talcher,2019-05-07,55.63,168.0
Talcher,2019-05-08,53.84,177.0
Talcher,2019-05-09,42.87,170.0
Talcher,2019-05-10,46.56,171.0
Talcher,2019-05-11,38.56,155.0
Talcher,2019-05-12,38.28,134.0
Talcher,2019-05-13,45.89,169.0
Talcher,2019-05-14,25.43,135.0
Talcher,2019-05-15,27.15,119.0
Talcher,2019-05-16,61.99,111.0
Talcher,2019-05-18,34.7,123.0
Talcher,2019-05-19,32.94,133.0
Talcher,2019-05-20,25.41,126.0
Talcher,2019-05-21,31.36,127.0
Talcher,2019-05-22,31.46,127.0
Talcher,2019-05-23,21.48,117.0
Talcher,2019-05-24,21.82,102.0
Talcher,2019-05-25,24.64,98.0
Talcher,2019-05-26,30.15,122.0
Talcher,2019-05-27,31.74,116.0
Talcher,2019-05-28,27.7,126.0
Talcher,2019-05-29,50.46,167.0
Talcher,2019-05-30,28.84,124.0
Talcher,2019-05-31,34.58,125.0
Talcher,2019-06-01,53.16,136.0
Talcher,2019-06-02,18.93,114.0
Talcher,2019-06-03,31.83,112.0
Talcher,2019-06-04,24.82,118.0
Talcher,2019-06-05,29.72,98.0
Talcher,2019-06-06,61.99,117.0
Talcher,2019-06-08,32.36,93.0
Talcher,2019-06-09,30.64,110.0
Talcher,2019-06-10,31.89,108.0
Talcher,2019-06-11,37.45,121.0
Talcher,2019-06-12,25.85,123.0
Talcher,2019-06-13,12.75,120.0
Talcher,2019-06-17,20.23,97.0
Talcher,2019-06-18,26.75,116.0
Talcher,2019-06-19,36.16,136.0
Talcher,2019-06-20,36.86,149.0
Talcher,2019-06-21,17.58,75.0
Talcher,2019-06-22,23.99,86.0
Talcher,2019-06-23,15.8,58.0
Talcher,2019-06-24,14.22,58.0
Talcher,2019-06-25,18.3,63.0
Talcher,2019-06-26,15.44,71.0
Talcher,2019-06-27,20.9,76.0
Talcher,2019-06-28,31.6,96.0
Talcher,2019-06-29,30.87,124.0
Talcher,2019-06-30,20.54,100.0
Talcher,2019-07-01,25.09,82.0
Talcher,2019-07-02,18.32,83.0
Talcher,2019-07-03,19.94,79.0
Talcher,2019-07-04,17.26,81.0
Talcher,2019-07-05,30.92,102.0
Talcher,2019-07-06,12.41,86.0
Talcher,2019-07-07,23.24,88.0
Talcher,2019-07-08,24.06,99.0
Talcher,2019-07-09,23.04,112.0
Talcher,2019-07-10,18.98,100.0
Talcher,2019-07-11,15.95,99.0
Talcher,2019-07-12,23.79,97.0
Talcher,2019-07-13,27.23,116.0
Talcher,2019-07-14,35.48,127.0
Talcher,2019-07-15,29.0,109.0
Talcher,2019-07-16,36.21,149.0
Talcher,2019-07-17,43.58,171.0
Talcher,2019-07-18,34.79,118.0
Talcher,2019-07-19,9.42,123.0
Talcher,2019-07-20,13.09,67.0
Talcher,2019-07-21,18.53,71.0
Talcher,2019-07-22,17.05,62.0
Talcher,2019-07-23,16.44,65.0
Talcher,2019-07-24,21.6,77.0
Talcher,2019-07-25,28.79,100.0
Talcher,2019-07-26,14.82,91.0
Talcher,2019-07-27,11.48,80.0
Talcher,2019-07-28,18.42,90.0
Talcher,2019-07-29,11.7,78.0
Talcher,2019-07-30,14.68,71.0
Talcher,2019-07-31,17.89,74.0
Talcher,2019-08-01,6.76,77.0
Talcher,2019-08-02,18.39,93.0
Talcher,2019-08-03,12.77,94.0
Talcher,2019-08-04,8.61,83.0
Talcher,2019-08-05,14.06,87.0
Talcher,2019-08-06,23.24,89.0
Talcher,2019-08-07,20.26,99.0
Talcher,2019-08-08,13.98,87.0
Talcher,2019-08-09,17.65,85.0
Talcher,2019-08-10,20.65,103.0
Talcher,2019-08-11,21.76,102.0
Talcher,2019-08-12,25.89,102.0
Talcher,2019-08-21,24.03,104.0
Talcher,2019-08-22,36.68,105.0
Talcher,2019-08-23,35.27,110.0
Talcher,2019-08-24,37.09,112.0
Talcher,2019-08-25,30.54,108.0
Talcher,2019-08-26,18.09,103.0
Talcher,2019-08-27,31.43,115.0
Talcher,2019-08-28,26.15,112.0
Talcher,2019-08-29,24.49,108.0
Talcher,2019-08-30,34.32,103.0
Talcher,2019-08-31,15.9,82.0
Talcher,2019-09-01,16.31,57.0
Talcher,2019-09-02,21.0,72.0
Talcher,2019-09-03,20.71,88.0
Talcher,2019-09-04,29.07,100.0
Talcher,2019-09-05,21.03,85.0
Talcher,2019-09-06,15.76,84.0
Talcher,2019-09-07,14.08,94.0
Talcher,2019-09-10,24.15,69.0
Talcher,2019-09-11,30.58,76.0
Talcher,2019-09-12,24.97,79.0
Talcher,2019-09-13,19.09,69.0
Talcher,2019-09-14,25.07,75.0
Talcher,2019-09-15,24.05,84.0
Talcher,2019-09-16,21.42,75.0
Talcher,2019-09-17,14.39,63.0
Talcher,2019-09-18,14.17,53.0
Talcher,2019-09-19,9.55,48.0
Talcher,2019-09-20,14.16,61.0
Talcher,2019-09-21,27.94,90.0
Talcher,2019-09-22,18.51,78.0
Talcher,2019-09-23,14.8,49.0
Talcher,2019-09-24,8.01,62.0
Talcher,2019-09-25,0.04,51.0
Talcher,2019-10-11,21.72,81.0
Talcher,2019-10-12,35.44,100.0
Talcher,2019-10-13,34.7,110.0
Talcher,2019-10-16,31.35,96.0
Talcher,2019-10-17,22.01,63.0
Talcher,2019-10-18,23.79,62.0
Talcher,2019-10-19,33.81,74.0
Talcher,2019-10-20,26.6,65.0
Talcher,2019-10-21,36.24,80.0
Talcher,2019-10-22,25.48,77.0
Talcher,2019-10-23,20.56,64.0
Talcher,2019-10-24,17.03,57.0
Talcher,2019-10-25,17.15,70.0
Talcher,2019-10-26,25.94,95.0
Talcher,2019-10-27,25.45,87.0
Talcher,2019-10-28,30.57,106.0
Talcher,2019-10-29,29.78,77.0
Talcher,2019-10-30,30.2,102.0
Talcher,2019-10-31,31.12,110.0
Talcher,2019-11-05,49.14,110.0
Talcher,2019-11-06,44.28,117.0
Talcher,2019-11-07,48.32,401.0
Talcher,2019-11-08,57.45,516.0
Talcher,2019-11-09,37.33,226.0
Talcher,2019-11-10,23.65,74.0
Talcher,2019-11-11,43.57,105.0
Talcher,2019-11-12,56.68,168.0
Talcher,2019-11-13,69.27,184.0
Talcher,2019-11-14,80.53,181.0
Talcher,2019-11-15,81.36,199.0
Talcher,2019-11-16,84.41,207.0
Talcher,2019-11-17,62.46,201.0
Talcher,2019-11-18,101.99,199.0
Talcher,2019-11-19,69.25,184.0
Talcher,2019-11-20,63.74,156.0
Talcher,2019-11-21,76.79,182.0
Talcher,2019-11-22,92.45,213.0
Talcher,2019-11-23,102.67,244.0
Talcher,2019-11-24,61.99,233.0
Talcher,2019-11-29,127.94,239.0
Talcher,2019-11-30,100.74,304.0
Talcher,2019-12-01,83.18,280.0
Talcher,2019-12-02,81.48,198.0
Talcher,2019-12-03,103.15,245.0
Talcher,2019-12-04,60.99,193.0
Talcher,2019-12-05,73.34,192.0
Talcher,2019-12-06,79.58,238.0
Talcher,2019-12-07,87.21,258.0
Talcher,2019-12-08,82.46,241.0
Talcher,2019-12-09,86.08,201.0
Talcher,2019-12-10,79.14,218.0
Talcher,2019-12-11,88.37,210.0
Talcher,2019-12-12,83.05,270.0
Talcher,2019-12-13,38.66,139.0
Talcher,2019-12-14,57.85,140.0
Talcher,2019-12-15,41.08,147.0
Talcher,2019-12-16,57.52,137.0
Talcher,2019-12-17,61.9,161.0
Talcher,2019-12-18,63.44,169.0
Talcher,2019-12-19,57.56,177.0
Talcher,2019-12-20,103.21,203.0
Talcher,2019-12-21,203.95,321.0
Talcher,2019-12-22,176.96,363.0
Talcher,2019-12-23,169.9,345.0
Talcher,2019-12-24,178.44,342.0
Talcher,2019-12-25,137.35,331.0
Talcher,2019-12-26,112.48,287.0
Talcher,2019-12-27,110.38,285.0
Talcher,2019-12-29,154.06,322.0
Talcher,2019-12-30,186.5,334.0
Talcher,2019-12-31,183.89,356.0
Talcher,2020-01-01,153.15,336.0
Talcher,2020-01-02,112.9,320.0
Talcher,2020-01-04,69.18,126.0
Talcher,2020-01-05,92.76,143.0
Talcher,2020-01-06,131.05,271.0
Talcher,2020-01-07,230.77,350.0
Talcher,2020-01-08,138.79,358.0
Talcher,2020-01-09,117.61,277.0
Talcher,2020-01-10,104.0,272.0
Talcher,2020-01-11,130.4,290.0
Talcher,2020-01-12,136.05,313.0
Talcher,2020-01-13,174.63,324.0
Talcher,2020-01-14,173.53,348.0
Talcher,2020-01-15,176.28,342.0
Talcher,2020-01-16,151.02,340.0
Talcher,2020-01-17,142.69,312.0
Talcher,2020-01-18,136.38,317.0
Talcher,2020-01-19,155.15,320.0
Talcher,2020-01-20,133.73,315.0
Talcher,2020-01-21,124.49,314.0
Talcher,2020-01-22,230.16,245.0
Talcher,2020-01-23,192.23,356.0
Talcher,2020-01-25,354.44,289.0
Talcher,2020-01-26,214.85,344.0
Talcher,2020-01-27,193.13,369.0
Talcher,2020-01-28,110.94,328.0
Talcher,2020-01-29,129.79,236.0
Talcher,2020-01-30,103.46,298.0
Talcher,2020-01-31,122.08,288.0
Talcher,2020-02-01,105.22,289.0
Talcher,2020-02-02,100.88,244.0
Talcher,2020-02-03,74.1,196.0
Talcher,2020-02-04,76.6,150.0
Talcher,2020-02-05,74.97,130.0
Talcher,2020-02-06,89.59,186.0
Talcher,2020-02-07,44.25,136.0
Talcher,2020-02-08,42.24,79.0
Talcher,2020-02-09,30.6,69.0
Talcher,2020-02-11,137.0,299.0
Talcher,2020-02-12,118.16,314.0
Talcher,2020-02-13,142.21,303.0
Talcher,2020-02-14,145.62,323.0
Talcher,2020-02-15,127.29,311.0
Talcher,2020-02-16,152.3,317.0
Talcher,2020-02-17,159.45,322.0
Talcher,2020-02-18,109.82,313.0
Talcher,2020-02-19,101.43,253.0
Talcher,2020-02-20,67.9,183.0
Talcher,2020-02-21,35.26,81.0
Talcher,2020-02-22,51.87,83.0
Talcher,2020-02-23,71.04,118.0
Talcher,2020-02-24,52.26,113.0
Talcher,2020-02-25,25.69,88.0
Talcher,2020-02-26,44.79,84.0
Talcher,2020-02-27,67.14,118.0
Talcher,2020-02-28,74.1,145.0
Talcher,2020-02-29,72.61,138.0
Talcher,2020-03-01,83.64,155.0
Talcher,2020-03-02,84.56,194.0
Talcher,2020-03-03,56.77,138.0
Talcher,2020-03-04,36.24,99.0
Talcher,2020-03-05,17.33,71.0
Talcher,2020-03-06,14.84,86.0
Talcher,2020-03-07,12.97,117.0
Talcher,2020-03-08,21.92,92.0
Talcher,2020-03-10,25.92,98.0
Talcher,2020-03-11,8.29,94.0
Talcher,2020-03-12,17.16,90.0
Talcher,2020-03-13,15.41,98.0
Talcher,2020-03-14,13.25,90.0
Talcher,2020-03-21,51.49,131.0
Talcher,2020-03-22,34.34,107.0
Talcher,2020-03-23,27.46,97.0
Talcher,2020-03-24,56.25,115.0
Talcher,2020-03-25,68.47,134.0
Talcher,2020-03-26,64.41,130.0
Talcher,2020-03-27,54.97,141.0
Talcher,2020-03-28,65.98,133.0
Talcher,2020-03-29,59.43,137.0
Talcher,2020-03-30,42.71,121.0
Talcher,2020-03-31,54.34,146.0
Talcher,2020-04-01,41.97,113.0
Talcher,2020-04-02,40.35,123.0
Talcher,2020-04-04,56.16,146.0
Talcher,2020-04-05,48.41,136.0
Talcher,2020-04-06,71.26,137.0
Talcher,2020-04-07,47.48,154.0
Talcher,2020-04-08,32.06,111.0
Talcher,2020-04-09,28.89,136.0
Talcher,2020-04-10,39.04,139.0
Talcher,2020-04-11,54.04,146.0
Talcher,2020-04-12,34.29,163.0
Talcher,2020-04-13,61.99,153.0
Talcher,2020-04-14,61.99,183.0
Talcher,2020-04-15,61.99,143.0
Talcher,2020-04-16,61.99,183.0
Talcher,2020-04-17,61.99,166.0
Talcher,2020-04-18,61.99,136.0
Talcher,2020-04-19,61.99,145.0
Talcher,2020-04-20,61.99,147.0
Talcher,2020-04-21,61.99,100.0
Talcher,2020-04-22,61.99,101.0
Talcher,2020-04-23,61.99,113.0
Talcher,2020-04-24,25.29,102.0
Talcher,2020-04-25,15.35,101.0
Talcher,2020-04-26,61.99,102.0
Talcher,2020-04-27,61.99,108.0
Talcher,2020-04-28,22.48,113.0
Talcher,2020-04-29,43.23,113.0
Talcher,2020-04-30,15.28,119.0
Talcher,2020-05-01,24.13,118.0
Talcher,2020-05-04,11.1,100.0
Talcher,2020-05-05,36.55,110.0
Talcher,2020-05-07,43.5,96.0
Talcher,2020-05-09,88.11,202.0
Talcher,2020-05-10,51.8,128.0
Talcher,2020-05-11,63.56,123.0
Talcher,2020-05-12,55.5,100.0
Talcher,2020-05-13,44.4,117.0
Talcher,2020-05-14,51.88,109.0
Talcher,2020-05-15,20.3,109.0
Talcher,2020-05-16,25.8,105.0
Talcher,2020-05-17,44.64,102.0
Talcher,2020-05-18,15.28,79.0
Talcher,2020-05-19,18.99,95.0
Talcher,2020-05-20,20.69,103.0
Talcher,2020-05-21,34.16,111.0
Talcher,2020-05-22,21.93,84.0
Talcher,2020-05-23,19.4,78.0
Talcher,2020-05-24,20.16,79.0
Talcher,2020-05-25,17.5,77.0
Talcher,2020-05-26,17.81,79.0
Talcher,2020-05-27,18.36,80.0
Talcher,2020-05-28,18.46,77.0
Talcher,2020-05-29,13.62,94.0
Talcher,2020-05-30,20.12,95.0
Talcher,2020-05-31,17.13,86.0
Talcher,2020-06-01,20.04,93.0
Talcher,2020-06-03,33.81,115.0
Talcher,2020-06-04,51.86,104.0
Talcher,2020-06-06,30.54,114.0
Talcher,2020-06-07,61.99,95.0
Talcher,2020-06-18,29.56,101.0
Talcher,2020-06-19,13.82,48.0
Talcher,2020-06-20,22.1,58.0
Talcher,2020-06-21,19.14,51.0
Talcher,2020-06-22,13.58,51.0
Talcher,2020-06-23,18.24,40.0
Talcher,2020-06-24,14.12,62.0
Talcher,2020-06-25,12.02,75.0
Talcher,2020-06-26,13.17,79.0
Talcher,2020-06-27,20.75,90.0
Talcher,2020-06-28,24.88,98.0
Talcher,2020-06-29,20.37,99.0
Talcher,2020-06-30,18.62,86.0
Talcher,2020-07-01,24.85,101.0
Amritsar,2017-02-28,12.45,52.0
Amritsar,2017-03-01,19.52,31.0
Amritsar,2017-03-02,77.71,106.0
Amritsar,2017-03-03,19.7,98.0
Amritsar,2017-03-04,22.91,61.0
Amritsar,2017-03-05,29.56,62.0
Amritsar,2017-03-06,46.13,78.0
Amritsar,2017-03-07,44.3,72.0
Amritsar,2017-03-08,41.23,71.0
Amritsar,2017-03-09,29.88,59.0
Amritsar,2017-03-10,37.93,73.0
Amritsar,2017-03-11,32.46,56.0
Amritsar,2017-03-12,25.65,55.0
Amritsar,2017-03-13,41.36,69.0
Amritsar,2017-03-14,51.88,80.0
Amritsar,2017-03-15,51.59,89.0
Amritsar,2017-03-16,45.46,79.0
Amritsar,2017-03-17,152.17,262.0
Amritsar,2017-03-18,72.87,184.0
Amritsar,2017-03-19,73.26,138.0
Amritsar,2017-03-20,65.26,138.0
Amritsar,2017-03-21,56.39,100.0
Amritsar,2017-03-22,55.43,89.0
Amritsar,2017-03-23,40.95,84.0
Amritsar,2017-03-24,40.99,72.0
Amritsar,2017-03-25,57.49,90.0
Amritsar,2017-03-26,45.98,84.0
Amritsar,2017-03-27,47.2,74.0
Amritsar,2017-03-28,58.95,96.0
Amritsar,2017-03-29,39.4,76.0
Amritsar,2017-03-30,39.47,71.0
Amritsar,2017-03-31,52.77,91.0
Amritsar,2017-04-01,16.38,45.0
Amritsar,2017-04-02,20.11,30.0
Amritsar,2017-04-03,42.05,72.0
Amritsar,2017-04-04,40.64,76.0
Amritsar,2017-04-05,31.96,60.0
Amritsar,2017-04-06,55.1,59.0
Amritsar,2017-04-09,24.29,44.0
Amritsar,2017-04-10,30.05,57.0
Amritsar,2017-04-11,41.4,66.0
Amritsar,2017-04-12,33.11,63.0
Amritsar,2017-04-13,50.72,85.0
Amritsar,2017-04-14,25.84,61.0
Amritsar,2017-04-15,24.3,49.0
Amritsar,2017-04-16,33.02,53.0
Amritsar,2017-04-17,53.08,82.0
Amritsar,2017-04-18,82.91,170.0
Amritsar,2017-04-19,32.08,109.0
Amritsar,2017-04-20,27.6,65.0
Amritsar,2017-04-25,25.74,42.0
Amritsar,2017-04-26,28.28,46.0
Amritsar,2017-04-27,25.1,43.0
Amritsar,2017-04-28,25.99,43.0
Amritsar,2017-04-29,27.14,45.0
Amritsar,2017-04-30,25.81,43.0
Amritsar,2017-05-01,23.96,41.0
Amritsar,2017-05-02,41.54,97.0
Amritsar,2017-05-03,52.43,102.0
Amritsar,2017-05-04,53.42,100.0
Amritsar,2017-05-05,194.39,121.0
Amritsar,2017-05-06,296.84,117.0
Amritsar,2017-05-07,105.49,123.0
Amritsar,2017-05-08,868.66,110.0
Amritsar,2017-05-09,55.1,122.0
Amritsar,2017-05-11,595.88,539.0
Amritsar,2017-05-12,157.6,473.0
Amritsar,2017-05-13,53.9,138.0
Amritsar,2017-05-14,40.51,116.0
Amritsar,2017-05-15,55.1,114.0
Amritsar,2017-05-16,57.8,102.0
Amritsar,2017-05-17,41.85,80.0
Amritsar,2017-05-18,54.1,87.0
Amritsar,2017-05-19,42.41,93.0
Amritsar,2017-05-20,45.32,98.0
Amritsar,2017-05-21,43.97,89.0
Amritsar,2017-05-22,36.59,56.0
Amritsar,2017-05-23,30.55,56.0
Amritsar,2017-05-24,192.7,79.0
Amritsar,2017-05-25,37.67,270.0
Amritsar,2017-05-26,25.3,48.0
Amritsar,2017-05-27,20.42,35.0
Amritsar,2017-05-28,17.64,34.0
Amritsar,2017-05-29,19.68,26.0
Amritsar,2017-05-30,26.47,44.0
Amritsar,2017-05-31,29.12,67.0
Amritsar,2017-06-01,34.99,62.0
Amritsar,2017-06-03,58.68,107.0
Amritsar,2017-06-04,48.49,108.0
Amritsar,2017-06-05,38.78,125.0
Amritsar,2017-06-06,89.01,197.0
Amritsar,2017-06-07,39.74,143.0
Amritsar,2017-06-08,38.25,64.0
Amritsar,2017-06-09,38.93,85.0
Amritsar,2017-06-10,44.76,83.0
Amritsar,2017-06-11,33.88,70.0
Amritsar,2017-06-12,41.62,65.0
Amritsar,2017-06-14,36.81,75.0
Amritsar,2017-06-15,38.42,88.0
Amritsar,2017-06-16,33.06,73.0
Amritsar,2017-06-17,34.62,97.0
Amritsar,2017-06-18,42.96,80.0
Amritsar,2017-06-19,40.82,103.0
Amritsar,2017-06-20,33.69,81.0
Amritsar,2017-06-21,32.0,76.0
Amritsar,2017-06-22,37.18,76.0
Amritsar,2017-06-23,39.66,86.0
Amritsar,2017-06-24,44.85,100.0
Amritsar,2017-06-25,35.19,104.0
Amritsar,2017-06-26,36.66,103.0
Amritsar,2017-06-27,41.22,100.0
Amritsar,2017-06-28,35.76,81.0
Amritsar,2017-06-29,39.06,74.0
Amritsar,2017-06-30,30.48,90.0
Amritsar,2017-07-01,45.34,92.0
Amritsar,2017-07-02,41.09,94.0
Amritsar,2017-07-03,36.95,91.0
Amritsar,2017-07-04,43.04,91.0
Amritsar,2017-07-05,46.59,101.0
Amritsar,2017-07-06,49.08,88.0
Amritsar,2017-07-07,49.0,89.0
Amritsar,2017-07-08,48.72,104.0
Amritsar,2017-07-11,50.33,87.0
Amritsar,2017-07-12,48.58,97.0
Amritsar,2017-07-13,46.72,93.0
Amritsar,2017-07-14,51.53,100.0
Amritsar,2017-07-15,52.08,96.0
Amritsar,2017-07-16,50.9,100.0
Amritsar,2017-07-17,49.41,97.0
Amritsar,2017-07-18,50.64,99.0
Amritsar,2017-07-19,52.14,99.0
Amritsar,2017-07-20,44.63,110.0
Amritsar,2017-07-21,47.5,100.0
Amritsar,2017-07-22,47.06,99.0
Amritsar,2017-07-23,43.23,101.0
Amritsar,2017-07-24,47.21,101.0
Amritsar,2017-07-25,48.32,102.0
Amritsar,2017-07-26,49.32,102.0
Amritsar,2017-07-30,31.41,158.0
Amritsar,2017-07-31,51.03,84.0
Amritsar,2017-08-01,43.78,110.0
Amritsar,2017-08-02,55.1,104.0
Amritsar,2017-08-11,26.23,141.0
Amritsar,2017-08-12,38.53,177.0
Amritsar,2017-08-13,38.68,215.0
Amritsar,2017-08-14,21.38,139.0
Amritsar,2017-08-15,36.69,92.0
Amritsar,2017-08-16,33.27,120.0
Amritsar,2017-08-17,43.31,146.0
Amritsar,2017-08-18,41.05,176.0
Amritsar,2017-08-19,28.53,156.0
Amritsar,2017-08-20,23.58,85.0
Amritsar,2017-08-21,36.83,94.0
Amritsar,2017-08-22,31.97,74.0
Amritsar,2017-08-23,28.94,82.0
Amritsar,2017-08-24,47.34,101.0
Amritsar,2017-08-25,38.36,106.0
Amritsar,2017-08-26,25.91,69.0
Amritsar,2017-08-27,29.99,82.0
Amritsar,2017-08-28,28.77,94.0
Amritsar,2017-08-29,18.41,67.0
Amritsar,2017-08-30,25.56,61.0
Amritsar,2017-08-31,36.13,80.0
Amritsar,2017-09-01,32.01,70.0
Amritsar,2017-09-02,27.65,62.0
Amritsar,2017-09-03,28.76,77.0
Amritsar,2017-09-04,34.81,92.0
Amritsar,2017-09-05,30.17,90.0
Amritsar,2017-09-06,29.15,117.0
Amritsar,2017-09-07,30.99,118.0
Amritsar,2017-09-08,37.7,119.0
Amritsar,2017-09-09,47.29,131.0
Amritsar,2017-09-10,24.04,142.0
Amritsar,2017-09-11,27.56,97.0
Amritsar,2017-09-12,59.49,125.0
Amritsar,2017-09-13,75.94,159.0
Amritsar,2017-09-14,35.3,161.0
Amritsar,2017-09-15,37.93,154.0
Amritsar,2017-09-16,54.76,136.0
Amritsar,2017-09-17,52.81,137.0
Amritsar,2017-09-18,71.8,173.0
Amritsar,2017-09-19,44.09,202.0
Amritsar,2017-09-20,54.21,189.0
Amritsar,2017-09-21,56.33,196.0
Amritsar,2017-09-22,76.9,198.0
Amritsar,2017-09-23,30.64,154.0
Amritsar,2017-09-24,39.43,108.0
Amritsar,2017-09-25,77.79,170.0
Amritsar,2017-09-26,69.26,225.0
Amritsar,2017-09-27,53.55,216.0
Amritsar,2017-09-28,78.12,199.0
Amritsar,2017-09-29,97.56,233.0
Amritsar,2017-09-30,203.2,271.0
Amritsar,2017-10-01,65.44,232.0
Amritsar,2017-10-20,248.12,463.0
Amritsar,2017-10-21,148.47,320.0
Amritsar,2017-10-22,194.47,338.0
Amritsar,2017-10-23,214.73,395.0
Amritsar,2017-10-24,71.13,229.0
Amritsar,2017-10-25,126.19,239.0
Amritsar,2017-10-26,133.53,318.0
Amritsar,2017-10-27,150.33,308.0
Amritsar,2017-10-28,165.75,338.0
Amritsar,2017-10-29,221.93,356.0
Amritsar,2017-10-30,147.44,341.0
Amritsar,2017-10-31,174.03,271.0
Amritsar,2017-11-01,145.27,304.0
Amritsar,2017-11-02,129.13,314.0
Amritsar,2017-11-03,146.53,317.0
Amritsar,2017-11-04,144.73,318.0
Amritsar,2017-11-05,160.69,319.0
Amritsar,2017-11-06,140.05,321.0
Amritsar,2017-11-07,97.78,252.0
Amritsar,2017-11-08,90.68,235.0
Amritsar,2017-11-09,113.0,248.0
Amritsar,2017-11-10,137.47,295.0
Amritsar,2017-11-11,147.97,317.0
Amritsar,2017-11-12,151.19,328.0
Amritsar,2017-11-13,121.54,311.0
Amritsar,2017-11-14,89.18,234.0
Amritsar,2017-11-15,38.17,128.0
Amritsar,2017-11-16,78.81,131.0
Amritsar,2017-11-17,111.37,262.0
Amritsar,2017-11-18,83.0,200.0
Amritsar,2017-11-19,106.43,206.0
Amritsar,2017-11-20,144.45,314.0
Amritsar,2017-11-21,128.92,307.0
Amritsar,2017-11-22,143.36,318.0
Amritsar,2017-11-23,110.68,288.0
Amritsar,2017-11-24,141.64,302.0
Amritsar,2017-11-25,143.81,322.0
Amritsar,2017-11-26,137.81,316.0
Amritsar,2017-11-27,137.05,313.0
Amritsar,2017-11-28,129.76,306.0
Amritsar,2017-11-29,146.1,317.0
Amritsar,2017-11-30,146.1,323.0
Amritsar,2017-12-01,147.77,324.0
Amritsar,2017-12-02,119.12,296.0
Amritsar,2017-12-03,130.16,309.0
Amritsar,2017-12-04,108.22,266.0
Amritsar,2017-12-05,92.93,227.0
Amritsar,2017-12-07,106.08,185.0
Amritsar,2017-12-08,131.98,298.0
Amritsar,2017-12-09,117.47,304.0
Amritsar,2017-12-10,102.19,277.0
Amritsar,2017-12-11,44.98,162.0
Amritsar,2017-12-12,53.43,127.0
Amritsar,2017-12-13,66.28,116.0
Amritsar,2017-12-14,58.41,126.0
Amritsar,2017-12-15,53.83,113.0
Amritsar,2017-12-16,58.65,114.0
Amritsar,2017-12-17,63.41,133.0
Amritsar,2017-12-18,43.93,142.0
Amritsar,2017-12-19,75.09,126.0
Amritsar,2017-12-20,108.76,230.0
Amritsar,2017-12-21,87.22,227.0
Amritsar,2017-12-22,56.46,143.0
Amritsar,2017-12-23,72.21,122.0
Amritsar,2017-12-24,96.33,197.0
Amritsar,2017-12-25,112.36,235.0
Amritsar,2017-12-26,148.9,315.0
Amritsar,2017-12-27,177.53,335.0
Amritsar,2017-12-28,101.19,298.0
Amritsar,2017-12-29,100.84,233.0
Amritsar,2017-12-30,133.75,283.0
Amritsar,2017-12-31,158.06,321.0
Amritsar,2018-01-01,161.69,331.0
Amritsar,2018-01-02,149.97,331.0
Amritsar,2018-01-03,87.04,232.0
Amritsar,2018-01-04,55.1,212.0
Amritsar,2018-01-13,103.52,237.0
Amritsar,2018-01-14,124.02,310.0
Amritsar,2018-01-15,66.92,170.0
Amritsar,2018-01-16,77.72,152.0
Amritsar,2018-01-17,77.71,144.0
Amritsar,2018-01-18,73.58,165.0
Amritsar,2018-01-19,61.57,126.0
Amritsar,2018-01-20,70.31,129.0
Amritsar,2018-01-21,74.04,149.0
Amritsar,2018-01-22,58.91,125.0
Amritsar,2018-01-23,58.9,123.0
Amritsar,2018-01-24,26.86,115.0
Amritsar,2018-01-25,62.55,127.0
Amritsar,2018-01-26,57.51,118.0
Amritsar,2018-01-27,70.09,132.0
Amritsar,2018-01-28,53.67,124.0
Amritsar,2018-01-29,45.61,127.0
Amritsar,2018-01-30,61.12,142.0
Amritsar,2018-01-31,56.96,150.0
Amritsar,2018-02-01,44.39,159.0
Amritsar,2018-02-02,31.79,149.0
Amritsar,2018-02-03,55.78,168.0
Amritsar,2018-02-04,50.4,165.0
Amritsar,2018-02-05,58.71,152.0
Amritsar,2018-02-06,48.6,130.0
Amritsar,2018-02-07,59.76,130.0
Amritsar,2018-02-08,67.11,141.0
Amritsar,2018-02-09,69.65,138.0
Amritsar,2018-02-10,67.14,145.0
Amritsar,2018-02-11,58.38,147.0
Amritsar,2018-02-12,48.16,123.0
Amritsar,2018-02-13,16.26,66.0
Amritsar,2018-02-14,15.91,58.0
Amritsar,2018-02-15,31.96,77.0
Amritsar,2018-02-16,68.32,129.0
Amritsar,2018-02-17,41.54,137.0
Amritsar,2018-02-18,53.44,133.0
Amritsar,2018-02-19,52.41,139.0
Amritsar,2018-02-20,69.46,162.0
Amritsar,2018-02-21,54.32,154.0
Amritsar,2018-02-22,43.14,124.0
Amritsar,2018-02-23,52.39,123.0
Amritsar,2018-02-24,29.75,114.0
Amritsar,2018-02-25,55.1,85.0
Amritsar,2018-02-27,58.6,119.0
Amritsar,2018-02-28,57.97,133.0
Amritsar,2018-03-01,46.84,132.0
Amritsar,2018-03-02,16.77,79.0
Amritsar,2018-03-03,25.72,73.0
Amritsar,2018-03-04,19.79,64.0
Amritsar,2018-03-05,31.52,69.0
Amritsar,2018-03-06,47.8,73.0
Amritsar,2018-03-07,58.97,133.0
Amritsar,2018-03-08,51.79,132.0
Amritsar,2018-03-09,29.06,112.0
Amritsar,2018-03-10,28.63,91.0
Amritsar,2018-03-11,42.29,110.0
Amritsar,2018-03-12,48.66,128.0
Amritsar,2018-03-13,54.53,140.0
Amritsar,2018-03-14,40.21,125.0
Amritsar,2018-03-15,27.42,119.0
Amritsar,2018-03-16,20.92,88.0
Amritsar,2018-03-17,30.1,93.0
Amritsar,2018-03-18,43.88,112.0
Amritsar,2018-03-19,44.86,138.0
Amritsar,2018-03-20,56.47,124.0
Amritsar,2018-03-21,20.96,106.0
Amritsar,2018-03-22,15.44,72.0
Amritsar,2018-04-06,46.28,126.0
Amritsar,2018-04-07,34.09,110.0
Amritsar,2018-04-08,42.13,112.0
Amritsar,2018-04-09,28.51,138.0
Amritsar,2018-04-10,34.87,96.0
Amritsar,2018-04-11,18.64,77.0
Amritsar,2018-04-12,28.11,72.0
Amritsar,2018-04-13,42.29,83.0
Amritsar,2018-04-14,52.59,107.0
Amritsar,2018-04-15,55.56,128.0
Amritsar,2018-04-16,33.87,122.0
Amritsar,2018-04-17,22.94,99.0
Amritsar,2018-04-18,35.71,85.0
Amritsar,2018-04-19,43.0,117.0
Amritsar,2018-04-20,17.8,94.0
Amritsar,2018-04-21,21.1,66.0
Amritsar,2018-04-22,23.62,78.0
Amritsar,2018-04-23,29.8,94.0
Amritsar,2018-04-24,60.36,119.0
Amritsar,2018-04-25,69.33,148.0
Amritsar,2018-04-26,43.85,119.0
Amritsar,2018-04-27,81.81,138.0
Amritsar,2018-04-28,71.4,156.0
Amritsar,2018-04-29,61.67,136.0
Amritsar,2018-04-30,64.92,149.0
Amritsar,2018-05-01,77.06,157.0
Amritsar,2018-05-02,60.54,161.0
Amritsar,2018-05-03,37.37,120.0
Amritsar,2018-05-04,46.96,104.0
Amritsar,2018-05-05,60.38,123.0
Amritsar,2018-05-06,43.89,131.0
Amritsar,2018-05-07,26.75,95.0
Amritsar,2018-05-08,31.61,82.0
Amritsar,2018-05-09,58.47,100.0
Amritsar,2018-05-10,99.65,178.0
Amritsar,2018-05-11,108.04,252.0
Amritsar,2018-05-12,118.6,273.0
Amritsar,2018-05-13,41.29,153.0
Amritsar,2018-05-14,51.48,102.0
Amritsar,2018-05-15,75.55,128.0
Amritsar,2018-05-16,56.32,127.0
Amritsar,2018-05-17,92.14,167.0
Amritsar,2018-05-18,84.74,206.0
Amritsar,2018-05-19,72.32,149.0
Amritsar,2018-05-20,67.71,131.0
Amritsar,2018-05-21,74.3,127.0
Amritsar,2018-05-22,104.43,252.0
Amritsar,2018-05-23,52.81,134.0
Amritsar,2018-05-24,51.88,102.0
Amritsar,2018-05-25,62.72,114.0
Amritsar,2018-05-26,74.08,132.0
Amritsar,2018-05-27,72.53,134.0
Amritsar,2018-05-28,108.07,225.0
Amritsar,2018-05-29,74.32,196.0
Amritsar,2018-05-30,66.86,113.0
Amritsar,2018-05-31,75.49,130.0
Amritsar,2018-06-01,99.15,254.0
Amritsar,2018-06-02,48.66,200.0
Amritsar,2018-06-03,67.25,164.0
Amritsar,2018-06-04,61.84,174.0
Amritsar,2018-06-05,59.22,164.0
Amritsar,2018-06-06,55.1,170.0
Amritsar,2018-06-08,54.7,148.0
Amritsar,2018-06-09,29.87,133.0
Amritsar,2018-06-10,50.25,128.0
Amritsar,2018-06-11,51.72,135.0
Amritsar,2018-06-13,83.88,221.0
Amritsar,2018-06-14,194.84,732.0
Amritsar,2018-06-15,262.84,869.0
Amritsar,2018-06-16,145.95,695.0
Amritsar,2018-06-17,49.36,222.0
Amritsar,2018-06-18,41.53,158.0
Amritsar,2018-06-19,39.78,154.0
Amritsar,2018-06-20,44.05,143.0
Amritsar,2018-06-21,33.94,121.0
Amritsar,2018-06-22,40.94,126.0
Amritsar,2018-06-23,32.02,145.0
Amritsar,2018-06-24,41.94,113.0
Amritsar,2018-06-25,45.02,113.0
Amritsar,2018-06-26,49.85,189.0
Amritsar,2018-06-27,30.38,110.0
Amritsar,2018-06-28,21.99,86.0
Amritsar,2018-06-29,14.6,47.0
Amritsar,2018-06-30,26.32,50.0
Amritsar,2018-07-01,39.38,94.0
Amritsar,2018-07-02,42.91,96.0
Amritsar,2018-07-03,29.81,59.0
Amritsar,2018-07-04,57.48,83.0
Amritsar,2018-07-05,35.43,71.0
Amritsar,2018-07-06,57.96,101.0
Amritsar,2018-07-07,51.58,107.0
Amritsar,2018-07-08,41.99,95.0
Amritsar,2018-07-09,43.36,93.0
Amritsar,2018-07-10,52.64,88.0
Amritsar,2018-07-11,28.48,81.0
Amritsar,2018-07-12,36.03,50.0
Amritsar,2018-07-13,16.45,60.0
Amritsar,2018-07-16,28.43,49.0
Amritsar,2018-07-17,22.09,49.0
Amritsar,2018-07-18,24.9,55.0
Amritsar,2018-07-20,26.85,67.0
Amritsar,2018-07-21,27.89,64.0
Amritsar,2018-07-22,25.89,54.0
Amritsar,2018-07-23,23.24,50.0
Amritsar,2018-07-24,24.15,74.0
Amritsar,2018-07-25,28.38,54.0
Amritsar,2018-07-26,14.82,50.0
Amritsar,2018-07-28,55.1,25.0
Amritsar,2018-07-29,55.1,46.0
Amritsar,2018-07-30,55.1,68.0
Amritsar,2018-07-31,55.1,59.0
Amritsar,2018-08-01,55.1,71.0
Amritsar,2018-08-02,55.1,62.0
Amritsar,2018-08-03,55.1,67.0
Amritsar,2018-08-04,55.1,126.0
Amritsar,2018-08-05,55.1,100.0
Amritsar,2018-08-06,55.1,66.0
Amritsar,2018-08-07,55.1,39.0
Amritsar,2018-08-08,55.1,37.0
Amritsar,2018-08-09,55.1,40.0
Amritsar,2018-08-10,55.1,42.0
Amritsar,2018-08-11,55.1,42.0
Amritsar,2018-08-12,55.1,43.0
Amritsar,2018-08-13,55.1,64.0
Amritsar,2018-08-14,55.1,44.0
Amritsar,2018-08-18,55.1,64.0
Amritsar,2018-08-19,55.1,40.0
Amritsar,2018-08-20,55.1,61.0
Amritsar,2018-08-21,19.92,42.0
Amritsar,2018-08-23,55.1,40.0
Amritsar,2018-08-24,55.1,39.0
Amritsar,2018-08-29,55.1,98.0
Amritsar,2018-08-30,55.1,86.0
Amritsar,2018-08-31,55.1,72.0
Amritsar,2018-09-01,55.1,78.0
Amritsar,2018-09-04,55.1,39.0
Amritsar,2018-09-05,55.1,53.0
Amritsar,2018-09-06,55.1,70.0
Amritsar,2018-09-07,55.1,72.0
Amritsar,2018-09-08,55.1,40.0
Amritsar,2018-09-09,55.1,33.0
Amritsar,2018-09-10,55.1,36.0
Amritsar,2018-09-11,55.1,45.0
Amritsar,2018-09-12,55.1,46.0
Amritsar,2018-09-13,55.1,56.0
Amritsar,2018-09-14,55.1,77.0
Amritsar,2018-09-15,55.1,38.0
Amritsar,2018-09-16,55.1,39.0
Amritsar,2018-09-17,55.1,48.0
Amritsar,2018-09-18,55.1,63.0
Amritsar,2018-09-19,55.1,76.0
Amritsar,2018-09-20,55.1,84.0
Amritsar,2018-09-21,55.1,86.0
Amritsar,2018-09-22,55.1,52.0
Amritsar,2018-09-23,55.1,32.0
Amritsar,2018-09-24,55.1,22.0
Amritsar,2018-09-25,55.1,20.0
Amritsar,2018-09-26,55.1,56.0
Amritsar,2018-09-27,55.1,91.0
Amritsar,2018-09-28,55.1,94.0
Amritsar,2018-09-29,55.1,67.0
Amritsar,2018-09-30,55.1,68.0
Amritsar,2018-10-01,55.1,100.0
Amritsar,2018-10-02,55.1,119.0
Amritsar,2018-10-03,55.1,122.0
Amritsar,2018-10-04,55.1,104.0
Amritsar,2018-10-05,55.1,78.0
Amritsar,2018-10-06,55.1,83.0
Amritsar,2018-10-07,55.1,133.0
Amritsar,2018-10-08,55.1,157.0
Amritsar,2018-10-09,55.1,106.0
Amritsar,2018-10-10,55.1,93.0
Amritsar,2018-10-11,55.1,146.0
Amritsar,2018-10-12,55.1,129.0
Amritsar,2018-10-13,55.1,150.0
Amritsar,2018-10-14,55.1,209.0
Amritsar,2018-10-15,55.1,203.0
Amritsar,2018-10-16,55.1,145.0
Amritsar,2018-10-17,55.1,106.0
Amritsar,2018-10-18,55.1,118.0
Amritsar,2018-10-19,55.1,106.0
Amritsar,2018-10-20,55.1,96.0
Amritsar,2018-10-21,41.99,115.0
Amritsar,2018-10-22,59.95,145.0
Amritsar,2018-10-23,48.96,137.0
Amritsar,2018-10-24,61.79,152.0
Amritsar,2018-10-25,37.17,119.0
Amritsar,2018-10-26,42.12,107.0
Amritsar,2018-10-27,48.55,124.0
Amritsar,2018-10-28,45.78,122.0
Amritsar,2018-10-29,57.31,138.0
Amritsar,2018-10-30,57.94,144.0
Amritsar,2018-10-31,49.3,140.0
Amritsar,2018-11-01,116.63,251.0
Amritsar,2018-11-02,33.74,137.0
Amritsar,2018-11-03,48.76,112.0
Amritsar,2018-11-04,27.22,124.0
Amritsar,2018-11-06,31.86,74.0
Amritsar,2018-11-07,73.92,146.0
Amritsar,2018-11-08,96.85,237.0
Amritsar,2018-11-09,60.41,124.0
Amritsar,2018-11-10,54.89,114.0
Amritsar,2018-11-11,62.42,158.0
Amritsar,2018-11-12,33.74,120.0
Amritsar,2018-11-13,45.16,101.0
Amritsar,2018-11-14,42.61,129.0
Amritsar,2018-11-16,49.87,115.0
Amritsar,2018-11-17,71.74,156.0
Amritsar,2018-11-18,54.93,158.0
Amritsar,2018-11-19,48.16,117.0
Amritsar,2018-11-20,52.3,125.0
Amritsar,2018-11-21,93.43,140.0
Amritsar,2018-11-22,112.18,306.0
Amritsar,2018-11-23,46.38,134.0
Amritsar,2018-11-24,45.32,91.0
Amritsar,2018-11-25,68.66,121.0
Amritsar,2018-11-26,63.86,135.0
Amritsar,2018-11-27,69.37,132.0
Amritsar,2018-11-28,63.2,127.0
Amritsar,2018-11-29,65.15,130.0
Amritsar,2018-11-30,62.87,135.0
Amritsar,2018-12-01,62.95,125.0
Amritsar,2018-12-02,41.91,109.0
Amritsar,2018-12-03,53.8,101.0
Amritsar,2018-12-04,76.21,115.0
Amritsar,2018-12-05,61.69,127.0
Amritsar,2018-12-06,70.49,139.0
Amritsar,2018-12-07,63.57,130.0
Amritsar,2018-12-08,69.19,131.0
Amritsar,2018-12-09,73.15,144.0
Amritsar,2018-12-10,54.54,131.0
Amritsar,2018-12-11,23.84,94.0
Amritsar,2018-12-12,34.41,91.0
Amritsar,2018-12-13,35.39,90.0
Amritsar,2018-12-14,43.93,99.0
Amritsar,2018-12-15,37.55,87.0
Amritsar,2018-12-16,49.82,102.0
Amritsar,2018-12-17,61.91,118.0
Amritsar,2018-12-18,72.97,138.0
Amritsar,2018-12-19,81.51,160.0
Amritsar,2018-12-20,56.93,143.0
Amritsar,2018-12-21,56.6,110.0
Amritsar,2018-12-22,62.09,126.0
Amritsar,2018-12-23,75.18,127.0
Amritsar,2018-12-24,64.23,149.0
Amritsar,2018-12-25,68.66,137.0
Amritsar,2018-12-26,74.91,144.0
Amritsar,2018-12-27,72.08,154.0
Amritsar,2018-12-28,70.27,131.0
Amritsar,2018-12-29,98.32,200.0
Amritsar,2018-12-30,78.83,174.0
Amritsar,2018-12-31,78.42,184.0
Amritsar,2019-01-01,92.38,170.0
Amritsar,2019-01-02,77.42,176.0
Amritsar,2019-01-03,45.44,131.0
Amritsar,2019-01-04,34.45,81.0
Amritsar,2019-01-05,28.29,77.0
Amritsar,2019-01-06,14.54,70.0
Amritsar,2019-01-07,24.39,69.0
Amritsar,2019-01-08,27.89,64.0
Amritsar,2019-01-09,37.34,75.0
Amritsar,2019-01-10,45.99,98.0
Amritsar,2019-01-11,69.5,101.0
Amritsar,2019-01-12,52.22,118.0
Amritsar,2019-01-13,27.56,83.0
Amritsar,2019-01-14,28.1,80.0
Amritsar,2019-01-15,47.88,73.0
Amritsar,2019-01-16,70.18,133.0
Amritsar,2019-01-17,64.8,135.0
Amritsar,2019-01-18,34.37,131.0
Amritsar,2019-01-19,2.85,56.0
Amritsar,2019-01-20,15.53,54.0
Amritsar,2019-01-21,14.88,50.0
Amritsar,2019-01-22,9.17,48.0
Amritsar,2019-01-23,10.42,42.0
Amritsar,2019-01-25,73.78,142.0
Amritsar,2019-01-26,44.72,122.0
Amritsar,2019-01-27,34.14,76.0
Amritsar,2019-01-28,58.49,90.0
Amritsar,2019-01-29,56.89,98.0
Amritsar,2019-01-30,70.78,113.0
Amritsar,2019-01-31,33.66,83.0
Amritsar,2019-02-01,34.5,58.0
Amritsar,2019-02-02,40.16,62.0
Amritsar,2019-02-03,47.96,84.0
Amritsar,2019-02-04,67.94,113.0
Amritsar,2019-02-05,48.54,146.0
Amritsar,2019-02-06,82.06,154.0
Amritsar,2019-02-07,45.96,98.0
Amritsar,2019-02-08,30.86,71.0
Amritsar,2019-02-09,36.56,59.0
Amritsar,2019-02-10,72.25,126.0
Amritsar,2019-02-11,41.63,132.0
Amritsar,2019-02-12,72.66,121.0
Amritsar,2019-02-13,77.14,164.0
Amritsar,2019-02-14,47.29,119.0
Amritsar,2019-02-15,16.68,51.0
Amritsar,2019-02-16,34.55,62.0
Amritsar,2019-02-17,61.25,99.0
Amritsar,2019-02-18,21.95,85.0
Amritsar,2019-02-19,25.43,44.0
Amritsar,2019-02-20,36.81,79.0
Amritsar,2019-02-21,44.38,60.0
Amritsar,2019-02-22,41.11,92.0
Amritsar,2019-02-23,40.75,78.0
Amritsar,2019-02-24,63.67,120.0
Amritsar,2019-02-25,63.92,128.0
Amritsar,2019-02-26,36.2,96.0
Amritsar,2019-02-27,35.6,74.0
Amritsar,2019-02-28,37.12,82.0
Amritsar,2019-03-01,57.28,109.0
Amritsar,2019-03-02,19.68,76.0
Amritsar,2019-03-03,19.43,46.0
Amritsar,2019-03-04,23.77,48.0
Amritsar,2019-03-06,46.13,111.0
Amritsar,2019-03-07,74.7,135.0
Amritsar,2019-03-08,44.85,96.0
Amritsar,2019-03-09,37.6,77.0
Amritsar,2019-03-10,67.44,99.0
Amritsar,2019-03-11,37.63,85.0
Amritsar,2019-03-12,37.63,60.0
Amritsar,2019-03-13,69.9,114.0
Amritsar,2019-03-14,49.28,106.0
Amritsar,2019-03-15,43.24,74.0
Amritsar,2019-03-16,43.63,71.0
Amritsar,2019-03-17,74.37,119.0
Amritsar,2019-03-18,70.64,136.0
Amritsar,2019-03-19,71.22,142.0
Amritsar,2019-03-20,30.74,86.0
Amritsar,2019-03-21,40.85,61.0
Amritsar,2019-03-22,36.84,69.0
Amritsar,2019-03-23,54.1,82.0
Amritsar,2019-03-24,43.03,71.0
Amritsar,2019-03-25,52.6,89.0
Amritsar,2019-03-26,66.24,95.0
Amritsar,2019-03-27,88.86,148.0
Amritsar,2019-03-28,86.36,230.0
Amritsar,2019-03-29,73.09,139.0
Amritsar,2019-03-30,60.48,135.0
Amritsar,2019-03-31,28.25,83.0
Amritsar,2019-04-01,43.8,87.0
Amritsar,2019-04-02,71.36,118.0
Amritsar,2019-04-03,54.24,139.0
Amritsar,2019-04-04,66.98,110.0
Amritsar,2019-04-05,84.64,167.0
Amritsar,2019-04-06,92.19,182.0
Amritsar,2019-04-07,28.98,122.0
Amritsar,2019-04-08,34.9,90.0
Amritsar,2019-04-09,70.98,122.0
Amritsar,2019-04-10,53.72,114.0
Amritsar,2019-04-11,53.68,97.0
Amritsar,2019-04-12,35.58,89.0
Amritsar,2019-04-13,33.04,78.0
Amritsar,2019-04-14,43.46,93.0
Amritsar,2019-04-15,49.03,111.0
Amritsar,2019-04-16,38.2,126.0
Amritsar,2019-04-17,30.8,65.0
Amritsar,2019-04-18,31.83,58.0
Amritsar,2019-04-19,43.3,87.0
Amritsar,2019-04-20,47.63,101.0
Amritsar,2019-04-21,64.79,124.0
Amritsar,2019-04-22,79.94,158.0
Amritsar,2019-04-23,62.45,129.0
Amritsar,2019-04-24,35.46,149.0
Amritsar,2019-04-25,36.93,91.0
Amritsar,2019-04-26,38.07,82.0
Amritsar,2019-04-27,60.35,93.0
Amritsar,2019-04-28,61.59,125.0
Amritsar,2019-04-29,58.58,129.0
Amritsar,2019-04-30,47.27,124.0
Amritsar,2019-05-01,43.45,106.0
Amritsar,2019-05-02,38.35,109.0
Amritsar,2019-05-03,30.74,97.0
Amritsar,2019-05-04,43.75,97.0
Amritsar,2019-05-05,74.98,114.0
Amritsar,2019-05-06,59.63,147.0
Amritsar,2019-05-07,65.93,119.0
Amritsar,2019-05-08,54.21,120.0
Amritsar,2019-05-09,84.41,147.0
Amritsar,2019-05-10,97.06,198.0
Amritsar,2019-05-11,93.87,244.0
Amritsar,2019-05-12,37.95,116.0
Amritsar,2019-05-13,90.72,174.0
Amritsar,2019-05-14,36.44,99.0
Amritsar,2019-05-15,69.3,112.0
Amritsar,2019-05-16,34.17,101.0
Amritsar,2019-05-17,38.31,99.0
Amritsar,2019-05-18,31.87,76.0
Amritsar,2019-05-19,49.54,100.0
Amritsar,2019-05-20,37.44,102.0
Amritsar,2019-05-21,46.62,90.0
Amritsar,2019-05-22,58.24,106.0
Amritsar,2019-05-23,38.7,108.0
Amritsar,2019-05-24,26.47,79.0
Amritsar,2019-05-25,22.15,71.0
Amritsar,2019-05-26,34.8,77.0
Amritsar,2019-05-27,32.11,77.0
Amritsar,2019-05-28,38.02,81.0
Amritsar,2019-05-29,43.03,100.0
Amritsar,2019-05-30,57.3,123.0
Amritsar,2019-05-31,55.89,122.0
Amritsar,2019-06-01,58.44,121.0
Amritsar,2019-06-02,49.65,124.0
Amritsar,2019-06-03,63.82,135.0
Amritsar,2019-06-04,38.14,148.0
Amritsar,2019-06-05,51.45,104.0
Amritsar,2019-06-06,46.72,103.0
Amritsar,2019-06-07,35.52,79.0
Amritsar,2019-06-08,39.76,90.0
Amritsar,2019-06-09,39.17,94.0
Amritsar,2019-06-10,34.67,98.0
Amritsar,2019-06-11,50.27,113.0
Amritsar,2019-06-12,52.25,122.0
Amritsar,2019-06-13,40.12,101.0
Amritsar,2019-06-14,41.37,98.0
Amritsar,2019-06-15,71.78,126.0
Amritsar,2019-06-16,44.71,106.0
Amritsar,2019-06-17,62.47,104.0
Amritsar,2019-06-18,52.47,91.0
Amritsar,2019-06-19,55.22,153.0
Amritsar,2019-06-20,31.45,121.0
Amritsar,2019-06-21,22.63,81.0
Amritsar,2019-06-22,30.66,94.0
Amritsar,2019-06-23,30.83,100.0
Amritsar,2019-06-24,20.91,96.0
Amritsar,2019-06-25,16.57,65.0
Amritsar,2019-06-26,24.92,66.0
Amritsar,2019-06-27,22.93,100.0
Amritsar,2019-06-28,39.66,94.0
Amritsar,2019-06-29,39.39,127.0
Amritsar,2019-06-30,34.2,126.0
Amritsar,2019-07-01,38.51,93.0
Amritsar,2019-07-02,35.45,86.0
Amritsar,2019-07-03,39.52,98.0
Amritsar,2019-07-04,39.29,105.0
Amritsar,2019-07-05,15.97,77.0
Amritsar,2019-07-06,33.24,73.0
Amritsar,2019-07-07,23.68,59.0
Amritsar,2019-07-08,38.8,67.0
Amritsar,2019-07-09,25.52,69.0
Amritsar,2019-07-10,52.38,89.0
Amritsar,2019-07-11,60.87,146.0
Amritsar,2019-07-12,48.44,110.0
Amritsar,2019-07-13,50.87,142.0
Amritsar,2019-07-14,24.63,60.0
Amritsar,2019-07-15,41.52,51.0
Amritsar,2019-07-16,32.36,73.0
Amritsar,2019-07-17,24.46,52.0
Amritsar,2019-07-18,31.59,53.0
Amritsar,2019-07-19,29.65,64.0
Amritsar,2019-07-20,36.65,61.0
Amritsar,2019-07-21,34.1,60.0
Amritsar,2019-07-22,43.15,71.0
Amritsar,2019-07-23,48.85,75.0
Amritsar,2019-07-24,43.72,79.0
Amritsar,2019-07-25,28.22,70.0
Amritsar,2019-07-26,24.73,46.0
Amritsar,2019-07-27,27.5,55.0
Amritsar,2019-07-28,26.73,55.0
Amritsar,2019-07-29,29.12,51.0
Amritsar,2019-07-30,25.95,48.0
Amritsar,2019-07-31,17.41,47.0
Amritsar,2019-08-01,23.92,47.0
Amritsar,2019-08-02,16.58,42.0
Amritsar,2019-08-03,24.34,45.0
Amritsar,2019-08-04,41.6,67.0
Amritsar,2019-08-05,31.11,59.0
Amritsar,2019-08-06,33.02,56.0
Amritsar,2019-08-07,27.95,52.0
Amritsar,2019-08-08,27.18,61.0
Amritsar,2019-08-09,21.42,54.0
Amritsar,2019-08-10,21.94,43.0
Amritsar,2019-08-11,27.52,53.0
Amritsar,2019-08-12,32.26,54.0
Amritsar,2019-08-13,20.54,53.0
Amritsar,2019-08-14,23.62,50.0
Amritsar,2019-08-15,23.28,58.0
Amritsar,2019-08-16,22.43,50.0
Amritsar,2019-08-17,19.43,44.0
Amritsar,2019-08-18,11.69,39.0
Amritsar,2019-08-19,16.58,45.0
Amritsar,2019-08-20,25.06,48.0
Amritsar,2019-08-21,42.78,68.0
Amritsar,2019-08-22,34.69,77.0
Amritsar,2019-08-23,34.9,69.0
Amritsar,2019-08-24,42.01,77.0
Amritsar,2019-08-25,55.1,80.0
Amritsar,2019-08-27,36.3,68.0
Amritsar,2019-08-28,44.57,84.0
Amritsar,2019-08-29,35.47,64.0
Amritsar,2019-08-30,37.27,60.0
Amritsar,2019-08-31,42.27,70.0
Amritsar,2019-09-01,41.31,80.0
Amritsar,2019-09-02,29.85,54.0
Amritsar,2019-09-03,41.67,79.0
Amritsar,2019-09-04,43.4,144.0
Amritsar,2019-09-05,20.82,64.0
Amritsar,2019-09-06,32.17,55.0
Amritsar,2019-09-07,32.83,70.0
Amritsar,2019-09-08,28.54,68.0
Amritsar,2019-09-09,38.61,70.0
Amritsar,2019-09-10,39.22,81.0
Amritsar,2019-09-11,41.36,77.0
Amritsar,2019-09-12,40.96,79.0
Amritsar,2019-09-13,35.44,84.0
Amritsar,2019-09-14,45.56,103.0
Amritsar,2019-09-15,42.86,85.0
Amritsar,2019-09-16,33.95,79.0
Amritsar,2019-09-17,37.32,56.0
Amritsar,2019-09-18,43.51,75.0
Amritsar,2019-09-19,31.24,91.0
Amritsar,2019-09-20,27.76,97.0
Amritsar,2019-09-21,33.91,90.0
Amritsar,2019-09-22,46.92,87.0
Amritsar,2019-09-23,29.63,66.0
Amritsar,2019-09-24,29.2,61.0
Amritsar,2019-09-25,60.23,87.0
Amritsar,2019-09-26,78.08,146.0
Amritsar,2019-09-27,35.0,96.0
Amritsar,2019-09-28,21.75,60.0
Amritsar,2019-09-29,12.58,63.0
Amritsar,2019-09-30,16.26,48.0
Amritsar,2019-10-01,18.15,57.0
Amritsar,2019-10-02,27.76,67.0
Amritsar,2019-10-03,28.07,84.0
Amritsar,2019-10-04,24.0,55.0
Amritsar,2019-10-05,30.18,60.0
Amritsar,2019-10-06,66.88,86.0
Amritsar,2019-10-07,34.53,94.0
Amritsar,2019-10-08,48.2,132.0
Amritsar,2019-10-09,47.82,81.0
Amritsar,2019-10-10,36.76,77.0
Amritsar,2019-10-11,67.93,154.0
Amritsar,2019-10-12,80.09,155.0
Amritsar,2019-10-13,89.61,179.0
Amritsar,2019-10-14,76.11,205.0
Amritsar,2019-10-15,45.01,104.0
Amritsar,2019-10-16,60.98,117.0
Amritsar,2019-10-17,58.05,95.0
Amritsar,2019-10-18,38.85,94.0
Amritsar,2019-10-19,22.66,58.0
Amritsar,2019-10-20,42.86,87.0
Amritsar,2019-10-21,62.48,110.0
Amritsar,2019-10-22,80.27,147.0
Amritsar,2019-10-23,96.33,227.0
Amritsar,2019-10-24,84.31,179.0
Amritsar,2019-10-25,90.71,198.0
Amritsar,2019-10-26,107.98,234.0
Amritsar,2019-10-27,116.05,212.0
Amritsar,2019-10-28,249.1,399.0
Amritsar,2019-10-29,111.47,309.0
Amritsar,2019-10-30,127.13,247.0
Amritsar,2019-10-31,139.65,321.0
Amritsar,2019-11-01,154.49,313.0
Amritsar,2019-11-02,110.95,313.0
Amritsar,2019-11-03,155.83,302.0
Amritsar,2019-11-04,104.21,288.0
Amritsar,2019-11-05,97.09,261.0
Amritsar,2019-11-06,137.13,254.0
Amritsar,2019-11-07,34.94,212.0
Amritsar,2019-11-08,24.18,54.0
Amritsar,2019-11-09,42.84,72.0
Amritsar,2019-11-10,84.92,140.0
Amritsar,2019-11-11,84.63,160.0
Amritsar,2019-11-12,168.71,285.0
Amritsar,2019-11-13,189.44,358.0
Amritsar,2019-11-14,148.61,334.0
Amritsar,2019-11-15,103.87,317.0
Amritsar,2019-11-16,86.49,259.0
Amritsar,2019-11-17,42.18,110.0
Amritsar,2019-11-18,101.44,162.0
Amritsar,2019-11-19,147.55,322.0
Amritsar,2019-11-20,91.41,235.0
Amritsar,2019-11-21,112.55,280.0
Amritsar,2019-11-22,57.31,157.0
Amritsar,2019-11-23,24.07,85.0
Amritsar,2019-11-24,32.98,74.0
Amritsar,2019-11-25,39.29,108.0
Amritsar,2019-11-26,30.77,113.0
Amritsar,2019-11-27,31.91,64.0
Amritsar,2019-11-28,25.36,44.0
Amritsar,2019-11-29,26.37,47.0
Amritsar,2019-11-30,41.64,60.0
Amritsar,2019-12-01,60.29,89.0
Amritsar,2019-12-02,84.89,145.0
Amritsar,2019-12-03,87.69,183.0
Amritsar,2019-12-04,90.75,220.0
Amritsar,2019-12-05,66.85,147.0
Amritsar,2019-12-06,54.62,106.0
Amritsar,2019-12-07,74.16,121.0
Amritsar,2019-12-08,67.0,123.0
Amritsar,2019-12-09,103.57,187.0
Amritsar,2019-12-10,128.64,291.0
Amritsar,2019-12-11,86.0,245.0
Amritsar,2019-12-12,28.77,186.0
Amritsar,2019-12-13,24.95,43.0
Amritsar,2019-12-14,39.26,59.0
Amritsar,2019-12-15,30.72,58.0
Amritsar,2019-12-16,41.03,55.0
Amritsar,2019-12-17,49.45,74.0
Amritsar,2019-12-18,58.96,95.0
Amritsar,2019-12-19,63.18,107.0
Amritsar,2019-12-20,108.34,171.0
Amritsar,2019-12-21,52.95,184.0
Amritsar,2019-12-22,62.11,96.0
Amritsar,2019-12-23,69.27,108.0
Amritsar,2019-12-24,97.42,210.0
Amritsar,2019-12-25,52.73,141.0
Amritsar,2019-12-26,58.57,91.0
Amritsar,2019-12-27,77.3,126.0
Amritsar,2019-12-28,80.31,156.0
Amritsar,2019-12-29,80.8,193.0
Amritsar,2019-12-30,71.17,155.0
Amritsar,2019-12-31,71.0,111.0
Amritsar,2020-01-01,94.38,184.0
Amritsar,2020-01-02,80.8,196.0
Amritsar,2020-01-03,78.22,160.0
Amritsar,2020-01-04,96.86,221.0
Amritsar,2020-01-05,65.12,156.0
Amritsar,2020-01-06,33.39,88.0
Amritsar,2020-01-07,36.74,58.0
Amritsar,2020-01-08,24.14,46.0
Amritsar,2020-01-09,56.17,66.0
Amritsar,2020-01-10,55.79,103.0
Amritsar,2020-01-11,55.64,87.0
Amritsar,2020-01-12,44.56,87.0
Amritsar,2020-01-13,47.0,74.0
Amritsar,2020-01-14,31.25,64.0
Amritsar,2020-01-15,54.01,166.0
Amritsar,2020-01-16,45.32,85.0
Amritsar,2020-01-17,77.37,121.0
Amritsar,2020-01-18,68.12,153.0
Amritsar,2020-01-19,57.46,111.0
Amritsar,2020-01-20,64.93,111.0
Amritsar,2020-01-21,37.05,98.0
Amritsar,2020-01-22,21.05,63.0
Amritsar,2020-01-23,27.42,63.0
Amritsar,2020-01-24,43.96,70.0
Amritsar,2020-01-25,71.6,108.0
Amritsar,2020-01-26,45.03,107.0
Amritsar,2020-01-27,61.56,90.0
Amritsar,2020-01-28,42.4,96.0
Amritsar,2020-01-29,20.48,55.0
Amritsar,2020-01-30,27.36,60.0
Amritsar,2020-01-31,21.43,102.0
Amritsar,2020-02-01,55.1,127.0
Amritsar,2020-02-04,67.56,111.0
Amritsar,2020-02-05,55.53,99.0
Amritsar,2020-02-06,74.16,121.0
Amritsar,2020-02-07,62.25,124.0
Amritsar,2020-02-08,92.15,152.0
Amritsar,2020-02-09,113.54,282.0
Amritsar,2020-02-10,63.68,144.0
Amritsar,2020-02-11,84.93,190.0
Amritsar,2020-02-12,38.88,133.0
Amritsar,2020-02-13,42.33,112.0
Amritsar,2020-02-14,33.14,107.0
Amritsar,2020-02-15,41.33,106.0
Amritsar,2020-02-16,69.4,132.0
Amritsar,2020-02-17,66.39,139.0
Amritsar,2020-02-18,59.59,128.0
Amritsar,2020-02-19,57.33,127.0
Amritsar,2020-02-20,49.81,124.0
Amritsar,2020-02-21,16.41,92.0
Amritsar,2020-02-22,34.54,94.0
Amritsar,2020-02-23,42.49,101.0
Amritsar,2020-02-24,54.38,113.0
Amritsar,2020-02-25,58.55,121.0
Amritsar,2020-02-26,71.27,134.0
Amritsar,2020-02-27,58.17,127.0
Amritsar,2020-02-28,67.24,128.0
Amritsar,2020-02-29,26.4,108.0
Amritsar,2020-03-01,22.15,76.0
Amritsar,2020-03-02,32.33,92.0
Amritsar,2020-03-03,33.46,101.0
Amritsar,2020-03-04,55.5,118.0
Amritsar,2020-03-05,22.09,97.0
Amritsar,2020-03-06,17.61,68.0
Amritsar,2020-03-07,17.0,59.0
Amritsar,2020-03-08,25.44,70.0
Amritsar,2020-03-09,20.71,75.0
Amritsar,2020-03-10,43.24,96.0
Amritsar,2020-03-11,40.15,107.0
Amritsar,2020-03-13,17.08,72.0
Amritsar,2020-03-14,21.05,69.0
Amritsar,2020-03-15,25.65,79.0
Amritsar,2020-03-16,38.07,95.0
Amritsar,2020-03-17,41.78,106.0
Amritsar,2020-03-18,45.62,110.0
Amritsar,2020-03-19,39.08,107.0
Amritsar,2020-03-20,40.61,111.0
Amritsar,2020-03-21,33.78,96.0
Amritsar,2020-03-22,24.57,93.0
Amritsar,2020-03-23,30.12,78.0
Amritsar,2020-03-24,26.35,86.0
Amritsar,2020-03-25,15.6,64.0
Amritsar,2020-03-26,22.63,66.0
Amritsar,2020-03-27,20.29,71.0
Amritsar,2020-03-28,12.03,54.0
Amritsar,2020-03-29,17.74,60.0
Amritsar,2020-03-30,21.35,67.0
Amritsar,2020-03-31,21.91,69.0
Amritsar,2020-04-01,14.18,65.0
Amritsar,2020-04-02,13.97,63.0
Amritsar,2020-04-03,17.52,61.0
Amritsar,2020-04-04,22.8,58.0
Amritsar,2020-04-05,34.73,60.0
Amritsar,2020-04-12,20.09,45.0
Amritsar,2020-04-13,29.47,52.0
Amritsar,2020-04-14,22.37,59.0
Amritsar,2020-04-15,32.05,68.0
Amritsar,2020-04-16,22.61,61.0
Amritsar,2020-04-17,17.45,45.0
Amritsar,2020-04-18,8.8,43.0
Amritsar,2020-04-19,11.33,44.0
Amritsar,2020-04-20,16.35,51.0
Amritsar,2020-04-21,9.84,47.0
Amritsar,2020-04-22,13.72,48.0
Amritsar,2020-04-23,14.67,56.0
Amritsar,2020-04-24,20.68,68.0
Amritsar,2020-04-25,15.74,74.0
Amritsar,2020-04-26,14.78,60.0
Amritsar,2020-04-27,11.2,51.0
Amritsar,2020-04-28,13.63,56.0
Amritsar,2020-04-29,24.61,72.0
Amritsar,2020-04-30,23.98,102.0
Amritsar,2020-05-01,32.01,118.0
Amritsar,2020-05-02,28.37,118.0
Amritsar,2020-05-03,15.46,91.0
Amritsar,2020-05-04,19.64,61.0
Amritsar,2020-05-05,18.81,77.0
Amritsar,2020-05-06,23.32,75.0
Amritsar,2020-05-07,18.39,60.0
Amritsar,2020-05-08,34.0,71.0
Amritsar,2020-05-09,37.31,87.0
Amritsar,2020-05-10,39.62,94.0
Amritsar,2020-05-11,32.14,75.0
Amritsar,2020-05-12,24.59,61.0
Amritsar,2020-05-13,44.76,67.0
Amritsar,2020-05-14,42.22,95.0
Amritsar,2020-05-15,21.61,52.0
Amritsar,2020-05-16,35.91,61.0
Amritsar,2020-05-17,39.96,75.0
Amritsar,2020-05-18,44.56,76.0
Amritsar,2020-05-19,34.55,65.0
Amritsar,2020-05-20,43.35,68.0
Amritsar,2020-05-21,52.58,80.0
Amritsar,2020-05-22,68.2,115.0
Amritsar,2020-05-23,54.78,106.0
Amritsar,2020-05-24,29.01,74.0
Amritsar,2020-05-25,16.29,69.0
Amritsar,2020-05-26,51.47,81.0
Amritsar,2020-05-27,37.21,77.0
Amritsar,2020-05-28,43.68,81.0
Amritsar,2020-05-29,29.99,67.0
Amritsar,2020-05-30,24.14,63.0
Amritsar,2020-05-31,13.33,48.0
Amritsar,2020-06-01,19.12,43.0
Amritsar,2020-06-02,26.84,65.0
Amritsar,2020-06-03,26.72,478.0
Amritsar,2020-06-04,30.13,193.0
Amritsar,2020-06-05,20.75,56.0
Amritsar,2020-06-06,15.5,41.0
Amritsar,2020-06-07,26.99,42.0
Amritsar,2020-06-08,27.07,51.0
Amritsar,2020-06-09,29.6,77.0
Amritsar,2020-06-10,28.73,80.0
Amritsar,2020-06-11,31.56,79.0
Amritsar,2020-06-12,27.87,89.0
Amritsar,2020-06-13,24.76,104.0
Amritsar,2020-06-14,31.92,87.0
Amritsar,2020-06-15,28.49,103.0
Amritsar,2020-06-16,37.0,110.0
Amritsar,2020-06-17,40.46,117.0
Amritsar,2020-06-18,34.6,117.0
Amritsar,2020-06-19,47.94,131.0
Amritsar,2020-06-20,55.58,120.0
Amritsar,2020-06-21,60.73,120.0
Amritsar,2020-06-22,39.81,72.0
Amritsar,2020-06-23,68.81,125.0
Amritsar,2020-06-24,23.77,130.0
Amritsar,2020-06-25,31.68,59.0
Amritsar,2020-06-26,32.85,83.0
Amritsar,2020-06-27,51.1,74.0
Amritsar,2020-06-28,45.24,85.0
Amritsar,2020-06-29,26.77,49.0
Amritsar,2020-06-30,41.64,66.0
Amritsar,2020-07-01,57.67,78.0
Gurugram,2016-01-23,87.51,202.0
Gurugram,2016-01-24,106.22,209.0
Gurugram,2016-01-26,124.33,257.0
Gurugram,2016-02-03,58.63,90.0
Gurugram,2016-02-04,52.91,95.0
Gurugram,2016-02-05,103.23,164.0
Gurugram,2016-02-19,199.01,357.0
Gurugram,2016-02-24,175.8,336.0
Gurugram,2016-02-25,137.28,322.0
Gurugram,2016-02-26,143.83,312.0
Gurugram,2016-02-27,180.83,343.0
Gurugram,2016-02-28,201.17,359.0
Gurugram,2016-02-29,182.54,346.0
Gurugram,2016-03-01,211.21,364.0
Gurugram,2016-03-02,247.27,379.0
Gurugram,2016-03-03,348.88,460.0
Gurugram,2016-03-04,115.61,445.0
Gurugram,2016-03-08,97.88,244.0
Gurugram,2016-03-09,539.41,442.0
Gurugram,2016-03-10,914.94,676.0
Gurugram,2016-03-27,79.43,180.0
Gurugram,2016-03-28,197.75,341.0
Gurugram,2016-03-29,124.42,208.0
Gurugram,2016-03-30,264.74,367.0
Gurugram,2016-03-31,186.4,401.0
Gurugram,2016-04-01,66.52,325.0
Gurugram,2016-04-09,99.83,266.0
Gurugram,2016-04-10,83.23,190.0
Gurugram,2016-04-11,84.45,186.0
Gurugram,2016-04-12,70.79,144.0
Gurugram,2016-04-13,82.6,156.0
Gurugram,2016-04-14,84.9,202.0
Gurugram,2016-04-15,109.9,228.0
Gurugram,2016-04-16,107.76,276.0
Gurugram,2016-04-17,81.36,192.0
Gurugram,2016-04-18,77.24,144.0
Gurugram,2016-04-19,115.4,244.0
Gurugram,2016-04-20,163.99,300.0
Gurugram,2016-04-21,128.32,325.0
Gurugram,2016-04-22,123.29,305.0
Gurugram,2016-04-23,92.07,250.0
Gurugram,2016-04-24,128.13,278.0
Gurugram,2016-04-25,114.51,287.0
Gurugram,2016-04-26,63.16,278.0
Gurugram,2016-04-29,173.82,345.0
Gurugram,2016-04-30,171.35,332.0
Gurugram,2016-05-01,164.46,346.0
Gurugram,2016-05-02,146.44,327.0
Gurugram,2016-05-03,164.68,346.0
Gurugram,2016-05-04,129.44,299.0
Gurugram,2016-05-05,100.09,280.0
Gurugram,2016-05-06,82.65,197.0
Gurugram,2016-05-07,104.17,224.0
Gurugram,2016-05-08,100.13,252.0
Gurugram,2016-05-09,77.1,183.0
Gurugram,2016-05-10,63.89,155.0
Gurugram,2016-05-11,53.98,90.0
Gurugram,2016-05-12,75.08,112.0
Gurugram,2016-05-13,103.68,187.0
Gurugram,2016-05-14,98.72,259.0
Gurugram,2016-05-15,90.87,236.0
Gurugram,2016-05-16,91.92,182.0
Gurugram,2016-05-17,67.44,166.0
Gurugram,2016-05-18,99.74,207.0
Gurugram,2016-05-19,83.2,193.0
Gurugram,2016-05-20,75.28,151.0
Gurugram,2016-05-21,66.97,139.0
Gurugram,2016-05-22,78.33,124.0
Gurugram,2016-05-23,100.13,212.0
Gurugram,2016-05-24,40.55,148.0
Gurugram,2016-05-25,82.76,116.0
Gurugram,2016-05-26,113.01,203.0
Gurugram,2016-05-27,231.94,345.0
Gurugram,2016-05-28,111.43,358.0
Gurugram,2016-05-29,3.46,107.0
Gurugram,2016-05-30,3.7,62.0
Gurugram,2016-05-31,27.61,48.0
Gurugram,2016-06-01,58.12,79.0
Gurugram,2016-06-02,81.56,133.0
Gurugram,2016-06-03,109.37,238.0
Gurugram,2016-06-04,118.21,276.0
Gurugram,2016-06-05,73.68,226.0
Gurugram,2016-06-08,69.08,161.0
Gurugram,2016-06-09,139.85,133.0
Gurugram,2016-06-10,120.93,296.0
Gurugram,2016-06-11,65.59,245.0
Gurugram,2016-06-12,70.45,103.0
Gurugram,2016-06-13,146.17,263.0
Gurugram,2016-06-14,32.15,195.0
Gurugram,2016-06-16,67.25,217.0
Gurugram,2016-06-17,57.76,91.0
Gurugram,2016-06-18,63.23,106.0
Gurugram,2016-06-19,74.37,117.0
Gurugram,2016-06-20,103.27,217.0
Gurugram,2016-06-21,93.59,197.0
Gurugram,2016-07-14,44.43,79.0
Gurugram,2016-07-15,32.05,83.0
Gurugram,2016-07-16,22.12,82.0
Gurugram,2016-07-17,23.35,76.0
Gurugram,2016-07-18,69.02,94.0
Gurugram,2016-07-19,46.96,124.0
Gurugram,2016-07-20,63.43,93.0
Gurugram,2016-07-21,157.95,116.0
Gurugram,2016-07-23,44.71,131.0
Gurugram,2016-07-27,33.34,67.0
Gurugram,2016-07-28,29.36,56.0
Gurugram,2016-07-29,35.8,60.0
Gurugram,2016-07-30,19.85,45.0
Gurugram,2016-07-31,30.53,49.0
Gurugram,2016-08-01,21.79,54.0
Gurugram,2016-08-02,115.61,40.0
Gurugram,2016-08-04,29.94,52.0
Gurugram,2016-08-05,29.33,46.0
Gurugram,2016-08-06,32.19,52.0
Gurugram,2016-08-12,163.37,230.0
Gurugram,2016-08-13,27.09,264.0
Gurugram,2016-08-14,31.03,52.0
Gurugram,2016-08-15,32.44,50.0
Gurugram,2016-08-16,41.23,60.0
Gurugram,2016-08-17,42.85,68.0
Gurugram,2016-08-18,41.88,72.0
Gurugram,2016-08-19,45.32,74.0
Gurugram,2016-08-20,35.09,68.0
Gurugram,2016-08-23,31.71,49.0
Gurugram,2016-08-24,30.65,54.0
Gurugram,2016-08-25,27.88,46.0
Gurugram,2016-08-26,48.3,64.0
Gurugram,2016-08-27,31.66,70.0
Gurugram,2016-08-28,41.05,67.0
Gurugram,2016-08-29,153.08,157.0
Gurugram,2016-08-30,18.73,318.0
Gurugram,2016-09-02,26.0,55.0
Gurugram,2016-09-03,115.61,44.0
Gurugram,2016-09-06,31.34,83.0
Gurugram,2016-09-07,115.61,52.0
Gurugram,2016-09-10,33.19,54.0
Gurugram,2016-09-11,32.64,55.0
Gurugram,2016-09-12,35.4,59.0
Gurugram,2016-09-13,48.92,72.0
Gurugram,2016-09-14,32.01,71.0
Gurugram,2016-09-15,73.17,140.0
Gurugram,2016-09-16,115.61,137.0
Gurugram,2016-09-18,63.22,129.0
Gurugram,2016-09-19,62.28,108.0
Gurugram,2016-09-20,146.21,203.0
Gurugram,2016-09-21,90.13,288.0
Gurugram,2016-09-22,43.91,119.0
Gurugram,2016-09-23,37.96,66.0
Gurugram,2016-09-24,52.02,79.0
Gurugram,2016-09-25,59.96,108.0
Gurugram,2016-09-26,65.44,103.0
Gurugram,2016-09-27,50.94,92.0
Gurugram,2016-09-28,74.64,121.0
Gurugram,2016-09-29,77.42,156.0
Gurugram,2016-09-30,61.99,123.0
Gurugram,2016-10-01,66.54,138.0
Gurugram,2016-10-02,46.7,91.0
Gurugram,2016-10-03,79.11,112.0
Gurugram,2016-10-04,112.56,229.0
Gurugram,2016-10-07,95.82,226.0
Gurugram,2016-10-08,96.77,236.0
Gurugram,2016-10-09,88.97,205.0
Gurugram,2016-10-10,68.82,164.0
Gurugram,2016-10-11,94.24,182.0
Gurugram,2016-10-12,240.11,273.0
Gurugram,2016-10-13,76.42,348.0
Gurugram,2016-10-14,37.99,80.0
Gurugram,2016-10-15,49.08,86.0
Gurugram,2016-10-16,57.29,94.0
Gurugram,2016-10-17,67.06,102.0
Gurugram,2016-10-18,63.34,131.0
Gurugram,2016-10-19,62.63,110.0
Gurugram,2016-10-20,71.62,210.0
Gurugram,2016-10-21,59.17,208.0
Gurugram,2016-10-22,50.29,143.0
Gurugram,2016-10-23,56.33,91.0
Gurugram,2016-10-24,56.43,95.0
Gurugram,2016-10-29,194.04,357.0
Gurugram,2016-10-30,182.17,345.0
Gurugram,2016-10-31,290.86,413.0
Gurugram,2016-11-01,302.15,447.0
Gurugram,2016-11-02,561.42,490.0
Gurugram,2016-11-03,522.1,708.0
Gurugram,2016-11-04,159.02,403.0
Gurugram,2016-11-05,446.49,468.0
Gurugram,2016-11-06,616.19,684.0
Gurugram,2016-11-07,405.74,602.0
Gurugram,2016-11-08,150.09,304.0
Gurugram,2016-11-09,291.49,340.0
Gurugram,2016-11-11,269.34,403.0
Gurugram,2016-11-12,106.74,335.0
Gurugram,2016-11-13,72.49,179.0
Gurugram,2016-11-14,95.73,224.0
Gurugram,2016-11-15,126.71,226.0
Gurugram,2016-11-16,189.7,346.0
Gurugram,2016-11-17,112.77,315.0
Gurugram,2016-11-18,88.8,201.0
Gurugram,2016-11-19,131.18,296.0
Gurugram,2016-11-20,114.71,258.0
Gurugram,2016-11-21,145.24,305.0
Gurugram,2016-11-22,147.76,344.0
Gurugram,2016-11-23,143.25,210.0
Gurugram,2016-11-24,211.47,381.0
Gurugram,2016-11-25,144.36,328.0
Gurugram,2016-11-26,80.27,232.0
Gurugram,2016-11-27,80.99,212.0
Gurugram,2016-11-28,77.9,121.0
Gurugram,2016-11-29,209.2,324.0
Gurugram,2016-11-30,234.89,387.0
Gurugram,2016-12-01,199.76,359.0
Gurugram,2016-12-02,239.16,387.0
Gurugram,2016-12-05,252.46,421.0
Gurugram,2016-12-06,304.69,419.0
Gurugram,2016-12-07,346.74,468.0
Gurugram,2016-12-08,161.45,411.0
Gurugram,2016-12-09,228.9,360.0
Gurugram,2016-12-10,162.03,368.0
Gurugram,2016-12-11,139.54,313.0
Gurugram,2016-12-12,199.98,357.0
Gurugram,2016-12-13,188.7,355.0
Gurugram,2016-12-14,121.62,319.0
Gurugram,2016-12-15,116.09,253.0
Gurugram,2016-12-16,217.65,346.0
Gurugram,2016-12-17,228.15,390.0
Gurugram,2016-12-18,197.63,361.0
Gurugram,2016-12-19,216.69,374.0
Gurugram,2016-12-20,140.04,331.0
Gurugram,2016-12-21,91.71,265.0
Gurugram,2016-12-22,127.38,291.0
Gurugram,2016-12-23,324.42,421.0
Gurugram,2016-12-24,348.57,498.0
Gurugram,2016-12-25,207.85,399.0
Gurugram,2016-12-27,247.81,379.0
Gurugram,2016-12-28,393.63,483.0
Gurugram,2016-12-29,307.44,468.0
Gurugram,2016-12-30,249.77,421.0
Gurugram,2016-12-31,203.77,394.0
Gurugram,2017-01-01,216.51,385.0
Gurugram,2017-01-02,349.97,459.0
Gurugram,2017-01-03,276.39,446.0
Gurugram,2017-01-04,343.01,490.0
Gurugram,2017-01-05,248.09,409.0
Gurugram,2017-01-06,229.34,409.0
Gurugram,2017-01-07,190.41,367.0
Gurugram,2017-01-08,179.39,357.0
Gurugram,2017-01-09,177.05,361.0
Gurugram,2017-01-10,192.79,374.0
Gurugram,2017-01-11,224.34,365.0
Gurugram,2017-01-12,287.49,431.0
Gurugram,2017-01-13,367.86,472.0
Gurugram,2017-01-14,428.88,531.0
Gurugram,2017-01-15,256.67,461.0
Gurugram,2017-01-16,223.16,402.0
Gurugram,2017-01-17,158.05,345.0
Gurugram,2017-01-18,251.06,380.0
Gurugram,2017-01-19,123.78,393.0
Gurugram,2017-01-20,137.01,302.0
Gurugram,2017-01-23,148.95,345.0
Gurugram,2017-01-24,243.66,346.0
Gurugram,2017-01-25,241.97,404.0
Gurugram,2017-01-28,104.16,248.0
Gurugram,2017-01-29,119.53,260.0
Gurugram,2017-01-30,177.67,335.0
Gurugram,2017-01-31,232.03,370.0
Gurugram,2017-02-01,168.39,369.0
Gurugram,2017-02-03,289.36,443.0
Gurugram,2017-02-04,197.89,395.0
Gurugram,2017-02-05,157.03,333.0
Gurugram,2017-02-06,135.66,325.0
Gurugram,2017-02-07,118.32,299.0
Gurugram,2017-02-08,184.47,330.0
Gurugram,2017-02-09,196.09,354.0
Gurugram,2017-02-10,151.15,338.0
Gurugram,2017-02-11,156.03,332.0
Gurugram,2017-02-12,239.49,359.0
Gurugram,2017-02-13,182.88,368.0
Gurugram,2017-02-14,183.99,346.0
Gurugram,2017-02-15,151.33,336.0
Gurugram,2017-02-16,159.14,331.0
Gurugram,2017-02-17,115.48,312.0
Gurugram,2017-02-18,92.14,217.0
Gurugram,2017-02-19,120.21,269.0
Gurugram,2017-02-20,137.97,312.0
Gurugram,2017-02-21,85.41,230.0
Gurugram,2017-02-22,121.12,276.0
Gurugram,2017-02-23,91.23,202.0
Gurugram,2017-02-26,86.48,215.0
Gurugram,2017-02-27,127.67,269.0
Gurugram,2017-02-28,163.37,325.0
Gurugram,2017-03-01,122.11,310.0
Gurugram,2017-03-02,120.83,272.0
Gurugram,2017-03-03,82.44,237.0
Gurugram,2017-03-04,92.77,226.0
Gurugram,2017-03-05,73.25,162.0
Gurugram,2017-03-06,85.19,171.0
Gurugram,2017-03-07,131.31,247.0
Gurugram,2017-03-08,68.46,223.0
Gurugram,2017-03-09,67.09,123.0
Gurugram,2017-03-10,28.78,73.0
Gurugram,2017-03-11,50.16,70.0
Gurugram,2017-03-12,61.95,137.0
Gurugram,2017-03-13,72.08,129.0
Gurugram,2017-03-14,104.98,186.0
Gurugram,2017-03-15,65.48,254.0
Gurugram,2017-03-18,107.61,234.0
Gurugram,2017-03-19,139.89,312.0
Gurugram,2017-03-20,161.12,327.0
Gurugram,2017-03-21,117.85,307.0
Gurugram,2017-03-22,135.89,300.0
Gurugram,2017-03-23,160.37,328.0
Gurugram,2017-03-24,96.27,292.0
Gurugram,2017-03-25,23.44,122.0
Gurugram,2017-03-27,54.93,97.0
Gurugram,2017-03-28,136.89,226.0
Gurugram,2017-03-29,151.9,331.0
Gurugram,2017-03-30,87.87,252.0
Gurugram,2017-03-31,89.33,186.0
Gurugram,2017-04-01,128.14,294.0
Gurugram,2017-04-02,91.59,267.0
Gurugram,2017-04-03,118.71,240.0
Gurugram,2017-04-04,107.34,272.0
Gurugram,2017-04-05,50.29,141.0
Gurugram,2017-04-06,108.87,102.0
Gurugram,2017-04-07,389.54,456.0
Gurugram,2017-04-08,83.21,307.0
Gurugram,2017-04-09,143.02,304.0
Gurugram,2017-04-10,177.17,319.0
Gurugram,2017-04-11,104.07,321.0
Gurugram,2017-04-12,113.49,222.0
Gurugram,2017-04-13,226.83,351.0
Gurugram,2017-04-14,215.31,388.0
Gurugram,2017-04-15,196.49,353.0
Gurugram,2017-04-16,179.5,363.0
Gurugram,2017-04-17,208.88,328.0
Gurugram,2017-04-18,292.02,405.0
Gurugram,2017-04-19,180.07,403.0
Gurugram,2017-04-20,193.39,349.0
Gurugram,2017-04-21,242.41,354.0
Gurugram,2017-04-22,368.79,449.0
Gurugram,2017-04-23,153.67,411.0
Gurugram,2017-04-24,129.93,335.0
Gurugram,2017-04-25,98.3,236.0
Gurugram,2017-04-26,89.69,212.0
Gurugram,2017-04-27,269.29,360.0
Gurugram,2017-04-28,174.87,387.0
Gurugram,2017-04-29,118.41,328.0
Gurugram,2017-04-30,62.45,210.0
Gurugram,2017-05-01,64.79,98.0
Gurugram,2017-05-02,113.6,168.0
Gurugram,2017-05-03,154.13,299.0
Gurugram,2017-05-04,217.14,363.0
Gurugram,2017-05-05,203.45,376.0
Gurugram,2017-05-06,181.36,357.0
Gurugram,2017-05-07,183.68,346.0
Gurugram,2017-05-08,158.7,344.0
Gurugram,2017-05-09,186.31,333.0
Gurugram,2017-05-10,192.79,354.0
Gurugram,2017-05-11,134.78,334.0
Gurugram,2017-05-12,310.69,409.0
Gurugram,2017-05-13,187.24,388.0
Gurugram,2017-05-14,387.02,373.0
Gurugram,2017-05-15,146.02,460.0
Gurugram,2017-05-16,237.12,337.0
Gurugram,2017-05-24,156.33,460.0
Gurugram,2017-05-26,479.2,550.0
Gurugram,2017-05-27,128.13,550.0
Gurugram,2017-05-28,78.72,195.0
Gurugram,2017-05-29,96.26,271.0
Gurugram,2017-05-30,188.04,172.0
Gurugram,2017-05-31,288.0,485.0
Gurugram,2017-06-01,106.44,282.0
Gurugram,2017-06-02,308.48,395.0
Gurugram,2017-06-03,92.71,366.0
Gurugram,2017-06-06,414.62,408.0
Gurugram,2017-06-07,454.16,646.0
Gurugram,2017-06-08,63.0,236.0
Gurugram,2017-06-09,341.49,340.0
Gurugram,2017-06-10,107.85,345.0
Gurugram,2017-06-11,322.88,390.0
Gurugram,2017-06-12,120.38,357.0
Gurugram,2017-06-13,98.73,286.0
Gurugram,2017-06-14,175.56,317.0
Gurugram,2017-06-15,468.59,486.0
Gurugram,2017-06-16,100.65,295.0
Gurugram,2017-06-17,81.12,218.0
Gurugram,2017-06-18,409.71,359.0
Gurugram,2017-06-19,454.35,648.0
Gurugram,2017-06-20,104.96,353.0
Gurugram,2017-06-21,159.35,316.0
Gurugram,2017-06-22,141.73,328.0
Gurugram,2017-06-23,196.21,347.0
Gurugram,2017-06-24,119.27,293.0
Gurugram,2017-06-25,167.63,328.0
Gurugram,2017-06-26,111.06,302.0
Gurugram,2017-06-27,205.23,326.0
Gurugram,2017-06-28,62.93,228.0
Gurugram,2017-06-29,40.01,79.0
Gurugram,2017-06-30,60.53,91.0
Gurugram,2017-07-01,76.66,126.0
Gurugram,2017-07-02,61.17,156.0
Gurugram,2017-07-03,69.17,88.0
Gurugram,2017-07-04,110.09,219.0
Gurugram,2017-07-05,359.63,332.0
Gurugram,2017-07-06,97.11,402.0
Gurugram,2017-07-07,455.38,404.0
Gurugram,2017-07-08,137.34,372.0
Gurugram,2017-07-09,821.42,529.0
Gurugram,2017-07-11,382.31,377.0
Gurugram,2017-07-12,75.84,576.0
Gurugram,2017-07-13,65.39,210.0
Gurugram,2017-07-14,723.16,497.0
Gurugram,2017-07-18,47.73,107.0
Gurugram,2017-07-19,55.35,114.0
Gurugram,2017-07-20,33.14,80.0
Gurugram,2017-07-21,42.9,69.0
Gurugram,2017-07-22,397.25,288.0
Gurugram,2017-07-23,22.36,547.0
Gurugram,2017-07-27,84.4,157.0
Gurugram,2017-07-28,264.95,326.0
Gurugram,2017-07-29,124.17,248.0
Gurugram,2017-07-30,858.73,482.0
Gurugram,2017-08-01,16.12,72.0
Gurugram,2017-08-02,28.56,72.0
Gurugram,2017-08-03,35.52,68.0
Gurugram,2017-08-04,46.25,68.0
Gurugram,2017-08-05,46.38,84.0
Gurugram,2017-08-06,41.5,76.0
Gurugram,2017-08-10,47.05,92.0
Gurugram,2017-08-11,38.07,82.0
Gurugram,2017-08-12,31.51,59.0
Gurugram,2017-08-13,34.22,79.0
Gurugram,2017-08-14,40.09,84.0
Gurugram,2017-08-15,38.83,69.0
Gurugram,2017-08-16,42.61,65.0
Gurugram,2017-08-17,68.96,104.0
Gurugram,2017-08-18,73.17,143.0
Gurugram,2017-08-19,61.04,130.0
Gurugram,2017-08-20,41.14,83.0
Gurugram,2017-08-21,46.25,68.0
Gurugram,2017-08-22,66.42,95.0
Gurugram,2017-08-23,64.36,135.0
Gurugram,2017-08-24,67.82,98.0
Gurugram,2017-08-25,87.97,176.0
Gurugram,2017-08-26,111.01,244.0
Gurugram,2017-08-27,111.01,270.0
Gurugram,2017-08-30,643.71,891.0
Gurugram,2017-08-31,33.26,242.0
Gurugram,2017-09-01,34.03,58.0
Gurugram,2017-09-02,33.97,57.0
Gurugram,2017-09-03,33.95,57.0
Gurugram,2017-09-04,33.68,96.0
Gurugram,2017-09-05,33.98,88.0
Gurugram,2017-09-06,34.07,63.0
Gurugram,2017-09-07,33.86,63.0
Gurugram,2017-09-08,45.31,78.0
Gurugram,2017-09-09,67.28,109.0
Gurugram,2017-09-10,72.11,131.0
Gurugram,2017-09-11,79.97,142.0
Gurugram,2017-09-12,95.69,238.0
Gurugram,2017-09-13,78.62,163.0
Gurugram,2017-09-14,85.17,199.0
Gurugram,2017-09-15,61.76,123.0
Gurugram,2017-09-16,69.14,119.0
Gurugram,2017-09-17,62.94,123.0
Gurugram,2017-09-18,56.2,107.0
Gurugram,2017-09-19,51.96,116.0
Gurugram,2017-09-20,93.97,148.0
Gurugram,2017-09-21,76.48,190.0
Gurugram,2017-09-22,92.74,178.0
Gurugram,2017-09-23,105.73,226.0
Gurugram,2017-09-24,100.85,270.0
Gurugram,2017-09-25,87.25,189.0
Gurugram,2017-09-26,102.27,229.0
Gurugram,2017-09-27,83.13,206.0
Gurugram,2017-09-28,77.67,153.0
Gurugram,2017-09-29,90.11,191.0
Gurugram,2017-09-30,112.11,238.0
Gurugram,2017-10-01,113.12,284.0
Gurugram,2017-10-02,93.61,247.0
Gurugram,2017-10-03,90.15,193.0
Gurugram,2017-10-04,90.59,209.0
Gurugram,2017-10-05,79.04,196.0
Gurugram,2017-10-07,91.11,174.0
Gurugram,2017-10-09,80.75,154.0
Gurugram,2017-10-10,83.99,182.0
Gurugram,2017-10-11,83.88,176.0
Gurugram,2017-10-12,77.28,169.0
Gurugram,2017-10-13,78.47,166.0
Gurugram,2017-10-14,78.69,161.0
Gurugram,2017-10-15,80.94,165.0
Gurugram,2017-10-16,94.86,191.0
Gurugram,2017-10-17,107.62,240.0
Gurugram,2017-10-18,111.21,269.0
Gurugram,2017-10-19,132.57,294.0
Gurugram,2017-10-20,306.42,407.0
Gurugram,2017-10-21,170.0,368.0
Gurugram,2017-10-22,108.93,307.0
Gurugram,2017-10-23,113.66,235.0
Gurugram,2017-10-24,139.31,314.0
Gurugram,2017-10-25,157.36,315.0
Gurugram,2017-10-26,188.08,350.0
Gurugram,2017-10-27,155.83,335.0
Gurugram,2017-10-28,160.09,328.0
Gurugram,2017-10-29,163.11,335.0
Gurugram,2017-10-30,149.85,326.0
Gurugram,2017-10-31,186.54,337.0
Gurugram,2017-11-01,174.9,353.0
Gurugram,2017-11-02,157.43,331.0
Gurugram,2017-11-03,171.54,335.0
Gurugram,2017-11-04,171.96,337.0
Gurugram,2017-11-05,162.81,340.0
Gurugram,2017-11-06,168.65,332.0
Gurugram,2017-11-07,236.77,360.0
Gurugram,2017-11-08,447.72,461.0
Gurugram,2017-11-09,462.29,590.0
Gurugram,2017-11-10,373.47,522.0
Gurugram,2017-11-11,310.3,460.0
Gurugram,2017-11-12,364.24,472.0
Gurugram,2017-11-13,356.97,506.0
Gurugram,2017-11-14,212.05,396.0
Gurugram,2017-11-15,170.67,363.0
Gurugram,2017-11-16,194.09,346.0
Gurugram,2017-11-17,148.67,338.0
Gurugram,2017-11-18,173.23,330.0
Gurugram,2017-11-19,152.24,332.0
Gurugram,2017-11-20,169.05,332.0
Gurugram,2017-11-21,143.54,328.0
Gurugram,2017-11-22,137.73,314.0
Gurugram,2017-11-23,129.69,305.0
Gurugram,2017-11-24,176.81,329.0
Gurugram,2017-11-25,153.84,339.0
Gurugram,2017-11-26,173.98,328.0
Gurugram,2017-11-27,204.11,365.0
Gurugram,2017-11-28,205.04,362.0
Gurugram,2017-11-29,164.81,350.0
Gurugram,2017-11-30,159.09,328.0
Gurugram,2017-12-01,173.88,336.0
Gurugram,2017-12-02,180.22,350.0
Gurugram,2017-12-03,171.86,338.0
Gurugram,2017-12-04,198.58,347.0
Gurugram,2017-12-05,207.67,372.0
Gurugram,2017-12-06,115.57,325.0
Gurugram,2017-12-07,93.33,238.0
Gurugram,2017-12-08,103.25,206.0
Gurugram,2017-12-09,140.45,305.0
Gurugram,2017-12-10,193.87,346.0
Gurugram,2017-12-11,169.32,348.0
Gurugram,2017-12-12,85.9,236.0
Gurugram,2017-12-13,96.19,222.0
Gurugram,2017-12-14,70.83,166.0
Gurugram,2017-12-15,100.22,202.0
Gurugram,2017-12-16,93.97,226.0
Gurugram,2017-12-17,68.28,165.0
Gurugram,2017-12-19,119.93,222.0
Gurugram,2017-12-20,169.07,325.0
Gurugram,2017-12-21,165.99,343.0
Gurugram,2017-12-22,118.41,314.0
Gurugram,2017-12-23,93.73,225.0
Gurugram,2017-12-24,173.0,320.0
Gurugram,2017-12-25,241.52,368.0
Gurugram,2017-12-26,132.76,337.0
Gurugram,2017-12-27,203.93,354.0
Gurugram,2017-12-28,237.11,374.0
Gurugram,2017-12-29,226.91,386.0
Gurugram,2017-12-30,199.61,372.0
Gurugram,2017-12-31,217.74,365.0
Gurugram,2018-01-01,329.12,410.0
Gurugram,2018-01-02,360.72,495.0
Gurugram,2018-01-03,230.85,444.0
Gurugram,2018-01-04,179.21,354.0
Gurugram,2018-01-05,240.06,371.0
Gurugram,2018-01-06,293.84,422.0
Gurugram,2018-01-07,181.67,410.0
Gurugram,2018-01-08,166.13,328.0
Gurugram,2018-01-09,238.69,371.0
Gurugram,2018-01-10,159.63,367.0
Gurugram,2018-01-11,129.14,311.0
Gurugram,2018-01-12,145.9,312.0
Gurugram,2018-01-13,191.49,356.0
Gurugram,2018-01-14,159.67,344.0
Gurugram,2018-01-15,172.6,335.0
Gurugram,2018-01-16,84.4,231.0
Gurugram,2018-01-17,204.16,300.0
Gurugram,2018-01-18,214.5,382.0
Gurugram,2018-01-19,229.15,377.0
Gurugram,2018-01-20,100.78,285.0
Gurugram,2018-01-21,108.46,264.0
Gurugram,2018-01-22,166.73,304.0
Gurugram,2018-01-23,190.04,339.0
Gurugram,2018-01-24,176.41,343.0
Gurugram,2018-01-25,123.09,275.0
Gurugram,2018-01-26,148.06,271.0
Gurugram,2018-01-27,177.59,322.0
Gurugram,2018-01-28,166.12,348.0
Gurugram,2018-01-29,200.38,375.0
Gurugram,2018-01-30,133.82,309.0
Gurugram,2018-01-31,138.5,292.0
Gurugram,2018-02-01,134.25,302.0
Gurugram,2018-02-02,162.5,328.0
Gurugram,2018-02-03,116.74,279.0
Gurugram,2018-02-04,125.94,257.0
Gurugram,2018-02-05,138.97,288.0
Gurugram,2018-02-06,145.36,316.0
Gurugram,2018-02-07,122.79,273.0
Gurugram,2018-02-08,162.47,324.0
Gurugram,2018-02-09,186.96,345.0
Gurugram,2018-02-10,160.71,339.0
Gurugram,2018-02-11,139.72,324.0
Gurugram,2018-02-12,91.94,263.0
Gurugram,2018-02-13,101.11,196.0
Gurugram,2018-02-14,106.08,272.0
Gurugram,2018-02-15,3.42,266.0
Gurugram,2018-02-16,145.17,319.0
Gurugram,2018-02-17,149.51,324.0
Gurugram,2018-02-18,187.13,348.0
Gurugram,2018-02-19,206.73,331.0
Gurugram,2018-03-01,109.26,287.0
Gurugram,2018-03-02,102.12,264.0
Gurugram,2018-03-03,93.67,231.0
Gurugram,2018-03-04,75.85,219.0
Gurugram,2018-03-05,73.09,156.0
Gurugram,2018-03-06,63.42,149.0
Gurugram,2018-03-07,53.53,165.0
Gurugram,2018-03-08,65.2,200.0
Gurugram,2018-03-09,109.0,244.0
Gurugram,2018-03-10,63.36,190.0
Gurugram,2018-03-11,61.22,173.0
Gurugram,2018-03-12,76.06,199.0
Gurugram,2018-03-13,75.25,201.0
Gurugram,2018-03-14,62.68,188.0
Gurugram,2018-03-15,68.85,179.0
Gurugram,2018-03-16,81.59,200.0
Gurugram,2018-03-17,78.71,208.0
Gurugram,2018-03-18,72.49,172.0
Gurugram,2018-03-19,67.09,122.0
Gurugram,2018-03-20,90.64,161.0
Gurugram,2018-03-21,92.37,207.0
Gurugram,2018-03-22,81.66,189.0
Gurugram,2018-03-23,63.59,148.0
Gurugram,2018-03-24,76.62,160.0
Gurugram,2018-03-25,68.55,151.0
Gurugram,2018-03-26,87.43,156.0
Gurugram,2018-03-27,81.94,182.0
Gurugram,2018-03-28,88.11,191.0
Gurugram,2018-03-29,85.46,168.0
Gurugram,2018-03-30,84.54,186.0
Gurugram,2018-03-31,94.97,210.0
Gurugram,2018-04-01,100.59,208.0
Gurugram,2018-04-02,58.41,173.0
Gurugram,2018-04-03,85.98,148.0
Gurugram,2018-04-04,97.55,204.0
Gurugram,2018-04-05,119.78,288.0
Gurugram,2018-04-06,73.01,220.0
Gurugram,2018-04-07,87.35,143.0
Gurugram,2018-04-08,58.59,148.0
Gurugram,2018-04-09,43.74,145.0
Gurugram,2018-04-10,83.55,153.0
Gurugram,2018-04-11,40.73,159.0
Gurugram,2018-04-12,20.24,141.0
Gurugram,2018-04-13,10.0,145.0
Gurugram,2018-04-14,59.32,153.0
Gurugram,2018-04-15,125.49,261.0
Gurugram,2018-04-16,198.61,323.0
Gurugram,2018-04-17,159.44,359.0
Gurugram,2018-04-22,40.76,173.0
Gurugram,2018-04-23,60.44,165.0
Gurugram,2018-04-24,76.49,182.0
Gurugram,2018-04-25,79.18,179.0
Gurugram,2018-04-26,59.79,174.0
Gurugram,2018-05-01,57.47,136.0
Gurugram,2018-05-02,59.63,126.0
Gurugram,2018-05-03,42.96,122.0
Gurugram,2018-05-04,38.57,94.0
Gurugram,2018-05-05,65.96,105.0
Gurugram,2018-05-06,110.32,251.0
Gurugram,2018-05-07,118.2,181.0
Gurugram,2018-05-08,94.7,208.0
Gurugram,2018-05-09,81.48,125.0
Gurugram,2018-05-10,95.96,176.0
Gurugram,2018-05-11,146.92,290.0
Gurugram,2018-05-12,173.13,322.0
Gurugram,2018-05-13,143.86,300.0
Gurugram,2018-05-14,64.77,148.0
Gurugram,2018-05-16,139.53,126.0
Gurugram,2018-05-17,141.26,214.0
Gurugram,2018-05-18,108.65,231.0
Gurugram,2018-05-19,125.5,258.0
Gurugram,2018-05-20,86.98,165.0
Gurugram,2018-05-21,92.98,167.0
Gurugram,2018-05-22,106.83,174.0
Gurugram,2018-05-23,163.89,274.0
Gurugram,2018-05-24,132.65,320.0
Gurugram,2018-05-25,127.06,308.0
Gurugram,2018-05-26,110.31,289.0
Gurugram,2018-05-27,154.28,253.0
Gurugram,2018-05-28,130.49,279.0
Gurugram,2018-05-29,154.59,323.0
Gurugram,2018-05-30,115.04,296.0
Gurugram,2018-05-31,98.26,242.0
Gurugram,2018-06-01,110.07,216.0
Gurugram,2018-06-02,75.9,236.0
Gurugram,2018-06-03,65.38,132.0
Gurugram,2018-06-04,82.98,144.0
Gurugram,2018-06-05,69.94,162.0
Gurugram,2018-06-06,75.87,146.0
Gurugram,2018-06-07,76.26,150.0
Gurugram,2018-06-08,89.34,165.0
Gurugram,2018-06-09,93.2,182.0
Gurugram,2018-06-10,50.85,168.0
Gurugram,2018-06-11,85.68,130.0
Gurugram,2018-06-12,252.23,283.0
Gurugram,2018-06-13,551.86,519.0
Gurugram,2018-06-14,479.75,670.0
Gurugram,2018-06-15,376.76,531.0
Gurugram,2018-06-16,230.26,414.0
Gurugram,2018-06-17,219.43,385.0
Gurugram,2018-06-18,141.54,329.0
Gurugram,2018-06-19,119.39,302.0
Gurugram,2018-06-20,173.6,325.0
Gurugram,2018-06-21,251.28,393.0
Gurugram,2018-06-22,153.17,348.0
Gurugram,2018-06-23,171.14,324.0
Gurugram,2018-06-24,84.28,283.0
Gurugram,2018-06-25,121.95,241.0
Gurugram,2018-06-26,77.99,254.0
Gurugram,2018-06-27,44.56,99.0
Gurugram,2018-06-28,59.65,135.0
Gurugram,2018-06-29,40.69,106.0
Gurugram,2018-06-30,37.45,86.0
Gurugram,2018-07-01,37.7,76.0
Gurugram,2018-07-02,43.68,103.0
Gurugram,2018-07-03,47.39,102.0
Gurugram,2018-07-04,54.79,93.0
Gurugram,2018-07-05,60.75,95.0
Gurugram,2018-07-06,70.27,114.0
Gurugram,2018-07-07,66.14,133.0
Gurugram,2018-07-08,79.13,162.0
Gurugram,2018-07-09,113.08,216.0
Gurugram,2018-07-10,58.97,174.0
Gurugram,2018-07-11,57.75,96.0
Gurugram,2018-07-12,70.54,115.0
Gurugram,2018-07-13,43.08,104.0
Gurugram,2018-07-14,34.01,68.0
Gurugram,2018-07-15,30.95,84.0
Gurugram,2018-07-16,54.23,83.0
Gurugram,2018-07-17,56.42,103.0
Gurugram,2018-07-18,61.74,116.0
Gurugram,2018-07-19,53.97,96.0
Gurugram,2018-07-20,63.78,92.0
Gurugram,2018-07-21,61.81,120.0
Gurugram,2018-07-22,35.71,80.0
Gurugram,2018-07-23,46.01,84.0
Gurugram,2018-07-24,70.47,140.0
Gurugram,2018-07-25,55.24,113.0
Gurugram,2018-07-26,47.38,87.0
Gurugram,2018-07-27,24.77,75.0
Gurugram,2018-07-28,31.09,45.0
Gurugram,2018-07-29,53.09,68.0
Gurugram,2018-07-30,63.41,109.0
Gurugram,2018-07-31,67.55,112.0
Gurugram,2018-08-01,77.4,138.0
Gurugram,2018-08-02,126.74,242.0
Gurugram,2018-08-03,120.1,307.0
Gurugram,2018-08-04,171.29,303.0
Gurugram,2018-08-05,155.55,339.0
Gurugram,2018-08-06,69.07,271.0
Gurugram,2018-08-07,62.79,114.0
Gurugram,2018-08-08,47.14,93.0
Gurugram,2018-08-09,43.7,75.0
Gurugram,2018-08-10,59.37,86.0
Gurugram,2018-08-11,56.05,96.0
Gurugram,2018-08-12,67.48,118.0
Gurugram,2018-08-13,69.78,111.0
Gurugram,2018-08-14,71.72,110.0
Gurugram,2018-08-15,76.99,196.0
Gurugram,2018-08-16,49.45,96.0
Gurugram,2018-08-17,43.04,89.0
Gurugram,2018-08-18,45.82,73.0
Gurugram,2018-08-19,53.09,86.0
Gurugram,2018-08-20,90.54,144.0
Gurugram,2018-08-21,54.44,139.0
Gurugram,2018-08-22,49.61,105.0
Gurugram,2018-08-23,44.46,72.0
Gurugram,2018-08-24,46.65,76.0
Gurugram,2018-08-25,47.6,84.0
Gurugram,2018-08-26,43.06,75.0
Gurugram,2018-08-27,37.73,80.0
Gurugram,2018-08-28,46.43,69.0
Gurugram,2018-08-29,31.39,77.0
Gurugram,2018-08-30,51.98,72.0
Gurugram,2018-08-31,74.94,133.0
Gurugram,2018-09-01,48.51,143.0
Gurugram,2018-09-05,58.0,86.0
Gurugram,2018-09-06,68.13,123.0
Gurugram,2018-09-07,28.75,92.0
Gurugram,2018-09-08,27.69,70.0
Gurugram,2018-09-09,19.99,56.0
Gurugram,2018-09-10,29.08,50.0
Gurugram,2018-09-11,35.14,59.0
Gurugram,2018-09-12,39.06,62.0
Gurugram,2018-09-13,42.36,70.0
Gurugram,2018-09-14,44.35,77.0
Gurugram,2018-09-18,226.56,301.0
Gurugram,2018-09-19,108.71,350.0
Gurugram,2018-09-20,226.92,346.0
Gurugram,2018-09-22,44.86,76.0
Gurugram,2018-09-23,60.29,85.0
Gurugram,2018-09-24,34.16,82.0
Gurugram,2018-09-25,54.14,58.0
Gurugram,2018-09-26,46.65,79.0
Gurugram,2018-09-27,93.9,152.0
Gurugram,2018-09-28,122.28,263.0
Gurugram,2018-09-29,138.86,320.0
Gurugram,2018-09-30,81.18,211.0
Gurugram,2018-10-01,73.69,183.0
Gurugram,2018-10-02,94.13,199.0
Gurugram,2018-10-03,79.82,193.0
Gurugram,2018-10-04,109.59,240.0
Gurugram,2018-10-05,157.04,286.0
Gurugram,2018-10-06,117.02,307.0
Gurugram,2018-10-07,109.68,254.0
Gurugram,2018-10-08,139.15,280.0
Gurugram,2018-10-09,136.28,316.0
Gurugram,2018-10-10,96.1,284.0
Gurugram,2018-10-11,110.19,245.0
Gurugram,2018-10-12,134.13,242.0
Gurugram,2018-10-13,133.97,295.0
Gurugram,2018-10-14,134.47,293.0
Gurugram,2018-10-15,121.49,256.0
Gurugram,2018-10-16,112.43,295.0
Gurugram,2018-10-17,147.66,301.0
Gurugram,2018-10-18,162.48,329.0
Gurugram,2018-10-19,159.55,317.0
Gurugram,2018-10-20,192.38,362.0
Gurugram,2018-10-21,233.09,386.0
Gurugram,2018-10-22,126.27,315.0
Gurugram,2018-10-23,147.67,307.0
Gurugram,2018-10-24,176.23,329.0
Gurugram,2018-10-25,200.56,347.0
Gurugram,2018-10-26,227.62,375.0
Gurugram,2018-10-27,222.63,390.0
Gurugram,2018-10-28,244.57,393.0
Gurugram,2018-10-29,231.84,380.0
Gurugram,2018-10-30,271.91,407.0
Gurugram,2018-10-31,246.16,400.0
Gurugram,2018-11-01,236.55,402.0
Gurugram,2018-11-02,218.31,382.0
Gurugram,2018-11-03,178.76,360.0
Gurugram,2018-11-04,112.17,288.0
Gurugram,2018-11-05,279.25,359.0
Gurugram,2018-11-06,161.84,379.0
Gurugram,2018-11-07,122.69,279.0
Gurugram,2018-11-08,274.14,366.0
Gurugram,2018-11-09,254.56,420.0
Gurugram,2018-11-10,234.57,386.0
Gurugram,2018-11-11,186.09,375.0
Gurugram,2018-11-12,163.74,321.0
Gurugram,2018-11-13,198.94,339.0
Gurugram,2018-11-14,115.37,329.0
Gurugram,2018-11-15,99.24,227.0
Gurugram,2018-11-16,134.26,294.0
Gurugram,2018-11-17,123.66,260.0
Gurugram,2018-11-18,124.15,295.0
Gurugram,2018-11-19,147.1,289.0
Gurugram,2018-11-20,190.98,338.0
Gurugram,2018-11-21,194.91,375.0
Gurugram,2018-11-22,121.51,306.0
Gurugram,2018-11-23,159.05,318.0
Gurugram,2018-11-24,96.86,284.0
Gurugram,2018-11-25,125.26,272.0
Gurugram,2018-11-26,163.8,314.0
Gurugram,2018-11-27,149.7,337.0
Gurugram,2018-11-28,133.58,277.0
Gurugram,2018-11-29,148.85,295.0
Gurugram,2018-11-30,140.45,275.0
Gurugram,2018-12-01,119.25,267.0
Gurugram,2018-12-02,81.43,191.0
Gurugram,2018-12-03,113.31,222.0
Gurugram,2018-12-04,147.68,299.0
Gurugram,2018-12-05,144.35,307.0
Gurugram,2018-12-06,174.45,339.0
Gurugram,2018-12-07,191.18,369.0
Gurugram,2018-12-08,163.91,368.0
Gurugram,2018-12-09,161.45,280.0
Gurugram,2018-12-10,178.2,285.0
Gurugram,2018-12-11,230.83,377.0
Gurugram,2018-12-12,176.72,389.0
Gurugram,2018-12-13,87.31,222.0
Gurugram,2018-12-14,79.02,189.0
Gurugram,2018-12-15,83.98,176.0
Gurugram,2018-12-16,67.26,148.0
Gurugram,2018-12-17,94.16,172.0
Gurugram,2018-12-18,102.5,230.0
Gurugram,2018-12-19,105.02,210.0
Gurugram,2018-12-20,133.58,288.0
Gurugram,2018-12-21,112.7,276.0
Gurugram,2018-12-22,101.21,215.0
Gurugram,2018-12-23,128.34,292.0
Gurugram,2018-12-24,155.15,305.0
Gurugram,2018-12-25,177.18,362.0
Gurugram,2018-12-26,156.46,321.0
Gurugram,2018-12-27,166.81,327.0
Gurugram,2018-12-28,194.52,353.0
Gurugram,2018-12-29,197.45,360.0
Gurugram,2018-12-30,304.47,423.0
Gurugram,2018-12-31,309.14,463.0
Gurugram,2019-01-01,296.93,450.0
Gurugram,2019-01-02,305.58,433.0
Gurugram,2019-01-03,314.48,462.0
Gurugram,2019-01-04,189.0,384.0
Gurugram,2019-01-05,218.77,392.0
Gurugram,2019-01-06,127.51,332.0
Gurugram,2019-01-07,127.98,279.0
Gurugram,2019-01-08,121.68,308.0
Gurugram,2019-01-09,100.59,271.0
Gurugram,2019-01-10,91.83,210.0
Gurugram,2019-01-11,179.83,313.0
Gurugram,2019-01-12,182.46,348.0
Gurugram,2019-01-13,175.61,342.0
Gurugram,2019-01-14,69.18,275.0
Gurugram,2019-01-15,83.4,135.0
Gurugram,2019-01-16,163.92,298.0
Gurugram,2019-01-17,237.94,367.0
Gurugram,2019-01-18,176.96,405.0
Gurugram,2019-01-19,178.96,349.0
Gurugram,2019-01-20,136.27,328.0
Gurugram,2019-01-21,101.19,260.0
Gurugram,2019-01-22,51.48,143.0
Gurugram,2019-01-23,105.71,153.0
Gurugram,2019-01-24,114.82,294.0
Gurugram,2019-01-25,58.17,161.0
Gurugram,2019-01-26,82.66,170.0
Gurugram,2019-01-27,97.78,201.0
Gurugram,2019-01-28,97.11,213.0
Gurugram,2019-01-29,80.94,194.0
Gurugram,2019-01-30,125.78,255.0
Gurugram,2019-01-31,129.19,309.0
Gurugram,2019-02-01,121.31,258.0
Gurugram,2019-02-02,117.86,302.0
Gurugram,2019-02-03,79.97,232.0
Gurugram,2019-02-04,90.9,205.0
Gurugram,2019-02-05,112.5,234.0
Gurugram,2019-02-06,98.51,269.0
Gurugram,2019-02-07,57.85,144.0
Gurugram,2019-02-08,55.96,123.0
Gurugram,2019-02-09,49.02,125.0
Gurugram,2019-02-10,98.01,113.0
Gurugram,2019-02-11,132.14,310.0
Gurugram,2019-02-12,144.74,302.0
Gurugram,2019-02-13,158.5,330.0
Gurugram,2019-02-14,112.92,306.0
Gurugram,2019-02-15,78.9,186.0
Gurugram,2019-02-16,80.01,183.0
Gurugram,2019-02-17,58.47,130.0
Gurugram,2019-02-18,88.93,171.0
Gurugram,2019-02-19,76.86,149.0
Gurugram,2019-02-20,73.53,213.0
Gurugram,2019-02-21,48.94,111.0
Gurugram,2019-02-22,49.22,120.0
Gurugram,2019-02-23,36.87,90.0
Gurugram,2019-02-24,51.22,103.0
Gurugram,2019-02-25,78.68,157.0
Gurugram,2019-02-26,41.41,108.0
Gurugram,2019-02-27,36.88,86.0
Gurugram,2019-02-28,55.34,103.0
Gurugram,2019-03-01,66.43,137.0
Gurugram,2019-03-02,73.98,155.0
Gurugram,2019-03-03,31.97,104.0
Gurugram,2019-03-04,63.58,100.0
Gurugram,2019-03-05,39.9,100.0
Gurugram,2019-03-06,51.93,90.0
Gurugram,2019-03-07,74.89,149.0
Gurugram,2019-03-08,66.24,154.0
Gurugram,2019-03-09,65.44,153.0
Gurugram,2019-03-10,45.61,107.0
Gurugram,2019-03-11,63.7,136.0
Gurugram,2019-03-12,59.86,126.0
Gurugram,2019-03-13,75.29,145.0
Gurugram,2019-03-14,93.38,245.0
Gurugram,2019-03-15,52.58,138.0
Gurugram,2019-03-16,59.13,116.0
Gurugram,2019-03-17,63.26,144.0
Gurugram,2019-03-18,74.62,161.0
Gurugram,2019-03-19,90.27,197.0
Gurugram,2019-03-20,82.34,189.0
Gurugram,2019-03-21,114.87,243.0
Gurugram,2019-03-22,43.44,144.0
Gurugram,2019-03-23,52.37,99.0
Gurugram,2019-03-24,43.6,103.0
Gurugram,2019-03-25,49.62,114.0
Gurugram,2019-03-26,58.85,119.0
Gurugram,2019-03-27,60.18,127.0
Gurugram,2019-03-28,86.86,193.0
Gurugram,2019-03-29,98.42,230.0
Gurugram,2019-03-30,104.25,254.0
Gurugram,2019-03-31,62.86,193.0
Gurugram,2019-04-01,45.22,114.0
Gurugram,2019-04-02,76.87,161.0
Gurugram,2019-04-03,78.55,183.0
Gurugram,2019-04-04,100.22,187.0
Gurugram,2019-04-05,120.41,260.0
Gurugram,2019-04-06,106.43,282.0
Gurugram,2019-04-07,164.12,312.0
Gurugram,2019-04-08,121.22,320.0
Gurugram,2019-04-09,92.34,243.0
Gurugram,2019-04-10,99.71,247.0
Gurugram,2019-04-11,82.16,194.0
Gurugram,2019-04-12,79.95,220.0
Gurugram,2019-04-13,59.13,180.0
Gurugram,2019-04-14,57.02,140.0
Gurugram,2019-04-15,65.08,166.0
Gurugram,2019-04-16,98.06,257.0
Gurugram,2019-04-17,25.61,76.0
Gurugram,2019-04-18,31.04,58.0
Gurugram,2019-04-19,72.14,120.0
Gurugram,2019-04-20,66.43,136.0
Gurugram,2019-04-21,78.12,173.0
Gurugram,2019-04-22,94.78,201.0
Gurugram,2019-04-23,98.54,234.0
Gurugram,2019-04-24,104.05,253.0
Gurugram,2019-04-25,103.59,313.0
Gurugram,2019-04-26,93.68,275.0
Gurugram,2019-04-27,95.22,296.0
Gurugram,2019-04-28,106.0,259.0
Gurugram,2019-04-29,111.49,261.0
Gurugram,2019-04-30,120.11,288.0
Gurugram,2019-05-01,139.89,309.0
Gurugram,2019-05-02,115.75,318.0
Gurugram,2019-05-03,62.53,209.0
Gurugram,2019-05-04,83.48,147.0
Gurugram,2019-05-05,98.84,235.0
Gurugram,2019-05-06,111.45,230.0
Gurugram,2019-05-07,142.31,297.0
Gurugram,2019-05-08,134.8,323.0
Gurugram,2019-05-09,147.45,395.0
Gurugram,2019-05-10,107.65,354.0
Gurugram,2019-05-11,107.3,249.0
Gurugram,2019-05-12,228.22,367.0
Gurugram,2019-05-13,140.51,344.0
Gurugram,2019-05-14,59.71,164.0
Gurugram,2019-05-15,79.01,173.0
Gurugram,2019-05-16,90.77,163.0
Gurugram,2019-05-17,94.42,227.0
Gurugram,2019-05-18,45.53,119.0
Gurugram,2019-05-19,71.07,120.0
Gurugram,2019-05-20,103.4,209.0
Gurugram,2019-05-21,85.19,192.0
Gurugram,2019-05-22,79.2,167.0
Gurugram,2019-05-23,89.14,195.0
Gurugram,2019-05-24,49.57,132.0
Gurugram,2019-05-25,48.27,89.0
Gurugram,2019-05-26,61.49,96.0
Gurugram,2019-05-27,70.89,120.0
Gurugram,2019-05-28,72.5,163.0
Gurugram,2019-05-29,80.45,157.0
Gurugram,2019-05-30,123.0,240.0
Gurugram,2019-05-31,124.14,300.0
Gurugram,2019-06-01,119.06,304.0
Gurugram,2019-06-02,92.63,250.0
Gurugram,2019-06-03,102.4,223.0
Gurugram,2019-06-04,82.26,234.0
Gurugram,2019-06-05,97.05,208.0
Gurugram,2019-06-06,111.57,244.0
Gurugram,2019-06-07,74.03,253.0
Gurugram,2019-06-08,77.37,214.0
Gurugram,2019-06-09,116.43,233.0
Gurugram,2019-06-10,119.32,289.0
Gurugram,2019-06-11,224.58,348.0
Gurugram,2019-06-12,104.68,327.0
Gurugram,2019-06-13,70.6,186.0
Gurugram,2019-06-14,65.3,150.0
Gurugram,2019-06-15,83.99,185.0
Gurugram,2019-06-16,58.55,206.0
Gurugram,2019-06-17,44.04,104.0
Gurugram,2019-06-18,42.37,141.0
Gurugram,2019-06-20,45.75,177.0
Gurugram,2019-06-21,79.0,152.0
Gurugram,2019-06-22,66.3,190.0
Gurugram,2019-06-23,54.89,137.0
Gurugram,2019-06-24,30.48,90.0
Gurugram,2019-06-25,47.46,108.0
Gurugram,2019-06-26,66.91,123.0
Gurugram,2019-06-27,81.9,150.0
Gurugram,2019-06-28,72.48,182.0
Gurugram,2019-06-29,78.64,191.0
Gurugram,2019-06-30,85.29,222.0
Gurugram,2019-07-01,66.52,173.0
Gurugram,2019-07-02,93.12,196.0
Gurugram,2019-07-03,48.85,166.0
Gurugram,2019-07-04,37.9,74.0
Gurugram,2019-07-05,41.09,68.0
Gurugram,2019-07-06,39.12,66.0
Gurugram,2019-07-07,45.29,72.0
Gurugram,2019-07-08,57.24,92.0
Gurugram,2019-07-09,60.89,101.0
Gurugram,2019-07-10,81.39,129.0
Gurugram,2019-07-11,101.83,258.0
Gurugram,2019-07-12,92.47,238.0
Gurugram,2019-07-13,85.36,197.0
Gurugram,2019-07-14,99.31,199.0
Gurugram,2019-07-15,63.38,192.0
Gurugram,2019-07-16,47.43,135.0
Gurugram,2019-07-17,31.41,73.0
Gurugram,2019-07-18,30.89,67.0
Gurugram,2019-07-19,68.38,80.0
Gurugram,2019-07-20,45.04,130.0
Gurugram,2019-07-21,44.74,88.0
Gurugram,2019-07-22,47.85,108.0
Gurugram,2019-07-23,42.36,109.0
Gurugram,2019-07-24,54.71,133.0
Gurugram,2019-07-25,26.59,64.0
Gurugram,2019-07-26,37.1,61.0
Gurugram,2019-07-27,26.58,72.0
Gurugram,2019-07-28,16.85,45.0
Gurugram,2019-07-29,22.51,43.0
Gurugram,2019-07-30,24.52,50.0
Gurugram,2019-07-31,28.42,58.0
Gurugram,2019-08-01,33.71,61.0
Gurugram,2019-08-02,32.03,64.0
Gurugram,2019-08-03,33.8,72.0
Gurugram,2019-08-04,50.36,72.0
Gurugram,2019-08-05,46.78,69.0
Gurugram,2019-08-06,25.31,71.0
Gurugram,2019-08-07,22.4,46.0
Gurugram,2019-08-08,20.7,51.0
Gurugram,2019-08-09,26.31,54.0
Gurugram,2019-08-10,21.99,52.0
Gurugram,2019-08-11,16.25,38.0
Gurugram,2019-08-12,30.32,48.0
Gurugram,2019-08-13,21.54,60.0
Gurugram,2019-08-14,24.24,55.0
Gurugram,2019-08-15,22.15,53.0
Gurugram,2019-08-16,14.18,41.0
Gurugram,2019-08-17,39.18,55.0
Gurugram,2019-08-18,20.51,49.0
Gurugram,2019-08-19,38.02,51.0
Gurugram,2019-08-20,46.61,85.0
Gurugram,2019-08-21,52.07,117.0
Gurugram,2019-08-22,46.94,107.0
Gurugram,2019-08-23,62.81,96.0
Gurugram,2019-08-24,63.79,115.0
Gurugram,2019-08-25,36.17,87.0
Gurugram,2019-08-26,26.29,53.0
Gurugram,2019-08-27,29.99,55.0
Gurugram,2019-08-28,35.45,69.0
Gurugram,2019-08-29,37.09,73.0
Gurugram,2019-08-30,37.16,59.0
Gurugram,2019-08-31,48.42,74.0
Gurugram,2019-09-01,28.57,72.0
Gurugram,2019-09-02,42.78,66.0
Gurugram,2019-09-03,76.15,122.0
Gurugram,2019-09-04,76.65,156.0
Gurugram,2019-09-05,30.99,104.0
Gurugram,2019-09-06,32.93,67.0
Gurugram,2019-09-07,29.49,60.0
Gurugram,2019-09-08,30.78,96.0
Gurugram,2019-09-09,51.34,76.0
Gurugram,2019-09-10,75.84,118.0
Gurugram,2019-09-11,80.6,167.0
Gurugram,2019-09-12,65.41,165.0
Gurugram,2019-09-13,34.04,89.0
Gurugram,2019-09-14,26.72,83.0
Gurugram,2019-09-15,30.04,85.0
Gurugram,2019-09-16,47.23,91.0
Gurugram,2019-09-17,58.53,112.0
Gurugram,2019-09-18,37.12,95.0
Gurugram,2019-09-19,22.7,82.0
Gurugram,2019-09-20,33.35,82.0
Gurugram,2019-09-21,33.01,85.0
Gurugram,2019-09-22,14.92,62.0
Gurugram,2019-09-23,25.25,72.0
Gurugram,2019-09-24,32.94,82.0
Gurugram,2019-09-25,32.22,83.0
Gurugram,2019-09-26,29.44,75.0
Gurugram,2019-09-27,14.65,54.0
Gurugram,2019-09-28,16.17,59.0
Gurugram,2019-09-29,14.56,49.0
Gurugram,2019-09-30,23.99,48.0
Gurugram,2019-10-01,33.82,76.0
Gurugram,2019-10-02,38.05,89.0
Gurugram,2019-10-03,51.55,98.0
Gurugram,2019-10-04,37.82,97.0
Gurugram,2019-10-05,32.53,86.0
Gurugram,2019-10-06,47.85,96.0
Gurugram,2019-10-07,50.21,91.0
Gurugram,2019-10-08,38.26,95.0
Gurugram,2019-10-09,70.44,108.0
Gurugram,2019-10-10,83.57,153.0
Gurugram,2019-10-11,83.09,192.0
Gurugram,2019-10-12,79.53,172.0
Gurugram,2019-10-13,98.05,188.0
Gurugram,2019-10-14,102.26,241.0
Gurugram,2019-10-15,109.04,254.0
Gurugram,2019-10-16,137.78,291.0
Gurugram,2019-10-17,114.03,289.0
Gurugram,2019-10-18,107.55,295.0
Gurugram,2019-10-19,72.1,165.0
Gurugram,2019-10-20,92.64,223.0
Gurugram,2019-10-21,109.34,225.0
Gurugram,2019-10-22,92.44,232.0
Gurugram,2019-10-23,108.48,223.0
Gurugram,2019-10-24,151.69,292.0
Gurugram,2019-10-25,117.64,308.0
Gurugram,2019-10-26,118.89,272.0
Gurugram,2019-10-27,170.87,311.0
Gurugram,2019-10-28,258.67,396.0
Gurugram,2019-10-29,217.34,375.0
Gurugram,2019-10-30,216.4,369.0
Gurugram,2019-10-31,231.37,374.0
Gurugram,2019-11-01,394.28,476.0
Gurugram,2019-11-02,314.82,431.0
Gurugram,2019-11-03,473.51,607.0
Gurugram,2019-11-04,219.51,448.0
Gurugram,2019-11-05,152.59,360.0
Gurugram,2019-11-06,93.32,221.0
Gurugram,2019-11-07,160.41,280.0
Gurugram,2019-11-08,157.05,335.0
Gurugram,2019-11-09,128.98,316.0
Gurugram,2019-11-10,157.5,300.0
Gurugram,2019-11-11,210.54,340.0
Gurugram,2019-11-12,350.49,425.0
Gurugram,2019-11-13,388.11,502.0
Gurugram,2019-11-14,361.14,488.0
Gurugram,2019-11-15,435.04,548.0
Gurugram,2019-11-16,171.39,434.0
Gurugram,2019-11-17,69.43,244.0
Gurugram,2019-11-18,70.95,142.0
Gurugram,2019-11-19,86.86,148.0
Gurugram,2019-11-20,118.97,223.0
Gurugram,2019-11-21,155.84,318.0
Gurugram,2019-11-22,164.7,331.0
Gurugram,2019-11-23,115.05,305.0
Gurugram,2019-11-24,105.21,234.0
Gurugram,2019-11-25,102.12,236.0
Gurugram,2019-11-26,99.75,244.0
Gurugram,2019-11-27,61.45,123.0
Gurugram,2019-11-28,33.78,97.0
Gurugram,2019-11-29,44.89,73.0
Gurugram,2019-11-30,60.83,103.0
Gurugram,2019-12-01,76.17,148.0
Gurugram,2019-12-02,97.16,187.0
Gurugram,2019-12-03,112.58,265.0
Gurugram,2019-12-04,125.0,280.0
Gurugram,2019-12-05,198.13,331.0
Gurugram,2019-12-06,222.5,381.0
Gurugram,2019-12-07,208.98,369.0
Gurugram,2019-12-08,205.7,373.0
Gurugram,2019-12-09,173.25,350.0
Gurugram,2019-12-10,192.51,347.0
Gurugram,2019-12-11,228.57,369.0
Gurugram,2019-12-12,223.29,391.0
Gurugram,2019-12-13,65.04,250.0
Gurugram,2019-12-14,59.76,97.0
Gurugram,2019-12-15,76.17,144.0
Gurugram,2019-12-16,63.2,136.0
Gurugram,2019-12-17,65.24,111.0
Gurugram,2019-12-18,93.92,168.0
Gurugram,2019-12-19,168.88,282.0
Gurugram,2019-12-20,188.91,342.0
Gurugram,2019-12-21,164.47,352.0
Gurugram,2019-12-22,99.82,281.0
Gurugram,2019-12-23,113.74,228.0
Gurugram,2019-12-24,186.27,303.0
Gurugram,2019-12-25,109.59,317.0
Gurugram,2019-12-26,152.56,272.0
Gurugram,2019-12-27,161.19,334.0
Gurugram,2019-12-28,203.81,351.0
Gurugram,2019-12-29,260.02,389.0
Gurugram,2019-12-30,201.74,423.0
Gurugram,2019-12-31,175.66,341.0
Gurugram,2020-01-01,296.06,429.0
Gurugram,2020-01-02,271.49,419.0
Gurugram,2020-01-03,183.81,390.0
Gurugram,2020-01-04,152.96,308.0
Gurugram,2020-01-05,144.74,326.0
Gurugram,2020-01-06,133.68,315.0
Gurugram,2020-01-07,89.97,234.0
Gurugram,2020-01-08,88.95,198.0
Gurugram,2020-01-09,66.14,160.0
Gurugram,2020-01-10,89.87,160.0
Gurugram,2020-01-11,108.44,242.0
Gurugram,2020-01-12,151.11,311.0
Gurugram,2020-01-13,161.63,328.0
Gurugram,2020-01-14,75.89,244.0
Gurugram,2020-01-15,90.38,174.0
Gurugram,2020-01-16,117.82,247.0
Gurugram,2020-01-17,79.88,259.0
Gurugram,2020-01-18,93.89,176.0
Gurugram,2020-01-19,92.62,214.0
Gurugram,2020-01-20,85.13,175.0
Gurugram,2020-01-21,131.03,276.0
Gurugram,2020-01-22,130.93,313.0
Gurugram,2020-01-23,56.38,193.0
Gurugram,2020-01-24,51.22,102.0
Gurugram,2020-01-25,84.59,138.0
Gurugram,2020-01-26,132.02,289.0
Gurugram,2020-01-27,117.46,280.0
Gurugram,2020-01-28,93.01,245.0
Gurugram,2020-01-29,47.0,140.0
Gurugram,2020-01-30,63.71,112.0
Gurugram,2020-01-31,62.07,112.0
Gurugram,2020-02-01,79.58,159.0
Gurugram,2020-02-02,71.37,144.0
Gurugram,2020-02-03,87.41,174.0
Gurugram,2020-02-04,100.75,216.0
Gurugram,2020-02-05,118.41,285.0
Gurugram,2020-02-06,79.42,198.0
Gurugram,2020-02-07,120.12,245.0
Gurugram,2020-02-08,104.96,260.0
Gurugram,2020-02-09,105.04,254.0
Gurugram,2020-02-10,130.89,275.0
Gurugram,2020-02-11,145.57,316.0
Gurugram,2020-02-12,130.82,302.0
Gurugram,2020-02-13,63.78,190.0
Gurugram,2020-02-14,64.17,128.0
Gurugram,2020-02-15,50.24,130.0
Gurugram,2020-02-16,93.15,182.0
Gurugram,2020-02-17,105.65,256.0
Gurugram,2020-02-18,69.82,165.0
Gurugram,2020-02-19,83.56,181.0
Gurugram,2020-02-20,85.97,170.0
Gurugram,2020-02-21,49.47,145.0
Gurugram,2020-02-22,59.08,94.0
Gurugram,2020-02-23,95.42,187.0
Gurugram,2020-02-24,66.85,144.0
Gurugram,2020-02-25,92.36,183.0
Gurugram,2020-02-26,108.36,241.0
Gurugram,2020-02-27,86.84,206.0
Gurugram,2020-02-28,71.0,160.0
Gurugram,2020-02-29,55.87,127.0
Gurugram,2020-03-01,24.29,115.0
Gurugram,2020-03-02,73.57,136.0
Gurugram,2020-03-03,80.0,175.0
Gurugram,2020-03-04,71.23,154.0
Gurugram,2020-03-05,32.0,104.0
Gurugram,2020-03-06,19.52,95.0
Gurugram,2020-03-07,35.82,79.0
Gurugram,2020-03-08,56.58,115.0
Gurugram,2020-03-09,62.38,117.0
Gurugram,2020-03-10,75.88,160.0
Gurugram,2020-03-11,52.61,114.0
Gurugram,2020-03-12,50.17,115.0
Gurugram,2020-03-13,60.57,134.0
Gurugram,2020-03-14,43.92,118.0
Gurugram,2020-03-15,57.48,119.0
Gurugram,2020-03-16,73.26,155.0
Gurugram,2020-03-17,76.84,181.0
Gurugram,2020-03-18,84.93,178.0
Gurugram,2020-03-19,80.27,175.0
Gurugram,2020-03-20,85.31,176.0
Gurugram,2020-03-21,58.09,154.0
Gurugram,2020-03-22,85.87,168.0
Gurugram,2020-03-23,51.38,124.0
Gurugram,2020-03-24,61.21,122.0
Gurugram,2020-03-25,31.83,86.0
Gurugram,2020-03-26,31.27,65.0
Gurugram,2020-03-27,20.82,59.0
Gurugram,2020-03-28,17.59,62.0
Gurugram,2020-03-29,23.65,68.0
Gurugram,2020-03-30,32.0,80.0
Gurugram,2020-03-31,30.71,80.0
Gurugram,2020-04-01,27.84,81.0
Gurugram,2020-04-02,28.93,81.0
Gurugram,2020-04-03,27.11,95.0
Gurugram,2020-04-04,34.18,93.0
Gurugram,2020-04-05,49.7,99.0
Gurugram,2020-04-06,52.7,106.0
Gurugram,2020-04-07,31.8,94.0
Gurugram,2020-04-08,28.04,96.0
Gurugram,2020-04-09,31.68,101.0
Gurugram,2020-04-10,49.34,105.0
Gurugram,2020-04-11,51.41,127.0
Gurugram,2020-04-12,32.16,107.0
Gurugram,2020-04-13,53.33,114.0
Gurugram,2020-04-14,51.22,122.0
Gurugram,2020-04-15,59.01,138.0
Gurugram,2020-04-16,62.75,157.0
Gurugram,2020-04-17,28.23,120.0
Gurugram,2020-04-18,26.84,107.0
Gurugram,2020-04-19,30.21,109.0
Gurugram,2020-04-20,48.86,99.0
Gurugram,2020-04-21,33.79,105.0
Gurugram,2020-04-22,49.59,120.0
Gurugram,2020-04-23,51.55,113.0
Gurugram,2020-04-24,56.54,124.0
Gurugram,2020-04-25,26.55,121.0
Gurugram,2020-04-26,49.26,113.0
Gurugram,2020-04-27,25.94,103.0
Gurugram,2020-04-28,34.2,118.0
Gurugram,2020-04-29,58.64,126.0
Gurugram,2020-04-30,62.21,141.0
Gurugram,2020-05-01,62.55,155.0
Gurugram,2020-05-02,41.11,152.0
Gurugram,2020-05-03,39.62,126.0
Gurugram,2020-05-04,23.7,94.0
Gurugram,2020-05-05,55.54,130.0
Gurugram,2020-05-06,48.01,143.0
Gurugram,2020-05-07,40.41,138.0
Gurugram,2020-05-08,56.55,144.0
Gurugram,2020-05-09,63.16,166.0
Gurugram,2020-05-10,51.33,154.0
Gurugram,2020-05-11,43.34,113.0
Gurugram,2020-05-12,46.22,133.0
Gurugram,2020-05-13,63.71,133.0
Gurugram,2020-05-14,51.25,147.0
Gurugram,2020-05-15,44.84,155.0
Gurugram,2020-05-16,69.14,208.0
Gurugram,2020-05-17,70.96,184.0
Gurugram,2020-05-18,59.29,160.0
Gurugram,2020-05-19,74.62,160.0
Gurugram,2020-05-20,67.08,167.0
Gurugram,2020-05-21,51.41,141.0
Gurugram,2020-05-22,62.53,152.0
Gurugram,2020-05-23,65.12,146.0
Gurugram,2020-05-24,56.3,150.0
Gurugram,2020-05-25,60.53,139.0
Gurugram,2020-05-26,56.62,140.0
Gurugram,2020-05-27,68.78,162.0
Gurugram,2020-05-28,75.32,202.0
Gurugram,2020-05-29,32.39,166.0
Gurugram,2020-05-30,26.35,86.0
Gurugram,2020-05-31,27.67,105.0
Gurugram,2020-06-01,36.12,133.0
Gurugram,2020-06-02,46.04,156.0
Gurugram,2020-06-03,46.92,135.0
Gurugram,2020-06-04,58.03,130.0
Gurugram,2020-06-05,39.79,121.0
Gurugram,2020-06-06,43.29,110.0
Gurugram,2020-06-07,48.67,122.0
Gurugram,2020-06-08,47.11,133.0
Gurugram,2020-06-09,65.0,141.0
Gurugram,2020-06-10,50.5,135.0
Gurugram,2020-06-11,46.61,122.0
Gurugram,2020-06-12,72.62,147.0
Gurugram,2020-06-13,61.48,158.0
Gurugram,2020-06-14,73.88,157.0
Gurugram,2020-06-15,54.15,155.0
Gurugram,2020-06-16,49.75,128.0
Gurugram,2020-06-17,45.21,128.0
Gurugram,2020-06-18,46.26,122.0
Gurugram,2020-06-19,65.61,148.0
Gurugram,2020-06-20,49.08,172.0
Gurugram,2020-06-21,49.1,132.0
Gurugram,2020-06-22,48.62,134.0
Gurugram,2020-06-23,39.63,108.0
Gurugram,2020-06-24,43.35,86.0
Gurugram,2020-06-25,42.64,102.0
Gurugram,2020-06-26,56.56,122.0
Gurugram,2020-06-27,47.82,121.0
Gurugram,2020-06-28,64.72,153.0
Gurugram,2020-06-29,46.89,140.0
Gurugram,2020-06-30,47.27,131.0
Gurugram,2020-07-01,61.64,157.0
Guwahati,2019-02-17,50.82,92.0
Guwahati,2019-02-18,58.31,122.0
Guwahati,2019-02-19,59.88,80.0
Guwahati,2019-02-20,55.61,105.0
Guwahati,2019-02-21,83.66,105.0
Guwahati,2019-02-22,141.8,293.0
Guwahati,2019-02-23,133.26,321.0
Guwahati,2019-02-24,69.9,206.0
Guwahati,2019-02-26,94.29,285.0
Guwahati,2019-02-27,60.89,152.0
Guwahati,2019-02-28,62.0,93.0
Guwahati,2019-03-01,69.01,113.0
Guwahati,2019-03-02,89.55,183.0
Guwahati,2019-03-03,106.89,226.0
Guwahati,2019-03-04,97.6,277.0
Guwahati,2019-03-05,68.21,126.0
Guwahati,2019-03-06,63.29,148.0
Guwahati,2019-03-07,74.81,102.0
Guwahati,2019-03-08,104.14,236.0
Guwahati,2019-03-09,116.75,265.0
Guwahati,2019-03-10,124.9,303.0
Guwahati,2019-03-11,124.94,267.0
Guwahati,2019-03-12,123.34,316.0
Guwahati,2019-03-13,100.41,212.0
Guwahati,2019-03-14,138.45,303.0
Guwahati,2019-03-15,138.03,321.0
Guwahati,2019-03-16,131.69,312.0
Guwahati,2019-03-17,105.33,231.0
Guwahati,2019-03-18,153.22,308.0
Guwahati,2019-03-19,91.58,303.0
Guwahati,2019-03-20,66.5,118.0
Guwahati,2019-03-21,73.33,148.0
Guwahati,2019-03-22,53.17,198.0
Guwahati,2019-03-23,67.46,150.0
Guwahati,2019-03-24,70.83,123.0
Guwahati,2019-03-25,118.05,268.0
Guwahati,2019-03-26,119.32,306.0
Guwahati,2019-03-27,62.29,156.0
Guwahati,2019-03-28,79.69,109.0
Guwahati,2019-03-29,114.47,258.0
Guwahati,2019-03-30,140.62,300.0
Guwahati,2019-03-31,48.63,236.0
Guwahati,2019-04-01,35.72,74.0
Guwahati,2019-04-02,58.96,109.0
Guwahati,2019-04-03,23.13,99.0
Guwahati,2019-04-04,29.99,120.0
Guwahati,2019-04-05,25.78,61.0
Guwahati,2019-04-06,56.1,74.0
Guwahati,2019-04-07,43.93,103.0
Guwahati,2019-04-08,28.95,59.0
Guwahati,2019-04-09,30.06,53.0
Guwahati,2019-04-10,37.76,74.0
Guwahati,2019-04-11,66.63,114.0
Guwahati,2019-04-12,79.26,161.0
Guwahati,2019-04-13,85.8,179.0
Guwahati,2019-04-14,51.4,140.0
Guwahati,2019-04-15,47.34,67.0
Guwahati,2019-04-16,42.85,90.0
Guwahati,2019-04-17,87.16,92.0
Guwahati,2019-04-18,58.84,181.0
Guwahati,2019-04-19,58.98,107.0
Guwahati,2019-04-20,52.39,107.0
Guwahati,2019-04-21,36.8,86.0
Guwahati,2019-04-22,42.87,84.0
Guwahati,2019-04-23,56.03,95.0
Guwahati,2019-04-24,76.74,115.0
Guwahati,2019-04-25,96.66,202.0
Guwahati,2019-04-26,88.27,218.0
Guwahati,2019-04-27,57.55,137.0
Guwahati,2019-04-28,32.5,71.0
Guwahati,2019-04-29,24.68,53.0
Guwahati,2019-04-30,13.68,53.0
Guwahati,2019-05-01,9.62,54.0
Guwahati,2019-05-02,28.45,67.0
Guwahati,2019-05-03,21.9,79.0
Guwahati,2019-05-06,51.38,80.0
Guwahati,2019-05-07,40.8,110.0
Guwahati,2019-05-08,25.83,76.0
Guwahati,2019-05-09,27.82,77.0
Guwahati,2019-05-10,20.83,79.0
Guwahati,2019-05-11,23.05,73.0
Guwahati,2019-05-12,33.35,62.0
Guwahati,2019-05-13,65.01,99.0
Guwahati,2019-05-14,28.15,122.0
Guwahati,2019-05-15,19.79,86.0
Guwahati,2019-05-16,24.78,68.0
Guwahati,2019-05-17,22.83,73.0
Guwahati,2019-05-18,21.29,70.0
Guwahati,2019-05-19,43.79,62.0
Guwahati,2019-05-20,37.7,93.0
Guwahati,2019-05-21,31.53,68.0
Guwahati,2019-05-22,26.94,63.0
Guwahati,2019-05-23,13.59,73.0
Guwahati,2019-05-24,11.79,71.0
Guwahati,2019-05-25,18.92,210.0
Guwahati,2019-05-26,34.57,838.0
Guwahati,2019-05-27,27.48,149.0
Guwahati,2019-05-28,21.41,61.0
Guwahati,2019-05-29,43.72,72.0
Guwahati,2019-05-30,41.37,102.0
Guwahati,2019-05-31,26.04,79.0
Guwahati,2019-06-01,41.11,75.0
Guwahati,2019-06-02,60.98,106.0
Guwahati,2019-06-03,25.38,72.0
Guwahati,2019-06-04,12.52,54.0
Guwahati,2019-06-05,17.31,48.0
Guwahati,2019-06-06,30.62,55.0
Guwahati,2019-06-07,27.55,78.0
Guwahati,2019-06-08,12.76,48.0
Guwahati,2019-06-09,19.87,33.0
Guwahati,2019-06-10,20.31,40.0
Guwahati,2019-06-11,25.53,41.0
Guwahati,2019-06-12,36.68,60.0
Guwahati,2019-06-13,47.66,99.0
Guwahati,2019-06-14,17.68,45.0
Guwahati,2019-06-15,24.04,38.0
Guwahati,2019-06-16,25.93,44.0
Guwahati,2019-06-17,34.51,49.0
Guwahati,2019-06-18,33.51,54.0
Guwahati,2019-06-19,55.23,89.0
Guwahati,2019-06-20,40.38,93.0
Guwahati,2019-06-21,33.32,76.0
Guwahati,2019-06-22,27.98,54.0
Guwahati,2019-06-23,19.01,44.0
Guwahati,2019-06-24,23.66,40.0
Guwahati,2019-06-25,30.18,58.0
Guwahati,2019-06-26,18.59,41.0
Guwahati,2019-06-27,18.79,31.0
Guwahati,2019-06-28,29.61,40.0
Guwahati,2019-06-29,22.27,47.0
Guwahati,2019-06-30,32.27,55.0
Guwahati,2019-07-01,33.01,71.0
Guwahati,2019-07-02,13.73,39.0
Guwahati,2019-07-03,12.9,25.0
Guwahati,2019-07-04,15.47,33.0
Guwahati,2019-07-05,21.1,46.0
Guwahati,2019-07-06,7.74,46.0
Guwahati,2019-07-07,5.39,53.0
Guwahati,2019-07-08,10.63,42.0
Guwahati,2019-07-11,25.18,64.0
Guwahati,2019-07-12,23.66,36.0
Guwahati,2019-07-13,24.52,47.0
Guwahati,2019-07-14,21.91,57.0
Guwahati,2019-07-15,21.76,38.0
Guwahati,2019-07-16,80.31,118.0
Guwahati,2019-07-17,68.31,161.0
Guwahati,2019-07-18,41.72,91.0
Guwahati,2019-07-19,43.43,88.0
Guwahati,2019-07-20,26.73,103.0
Guwahati,2019-07-21,22.94,96.0
Guwahati,2019-07-22,59.28,66.0
Guwahati,2019-07-23,17.81,101.0
Guwahati,2019-07-24,19.41,98.0
Guwahati,2019-07-25,27.99,74.0
Guwahati,2019-07-26,59.27,62.0
Guwahati,2019-07-27,11.93,68.0
Guwahati,2019-07-28,24.95,54.0
Guwahati,2019-07-29,89.85,91.0
Guwahati,2019-07-30,68.67,182.0
Guwahati,2019-07-31,54.9,150.0
Guwahati,2019-08-01,40.56,104.0
Guwahati,2019-08-02,76.43,92.0
Guwahati,2019-08-03,59.08,164.0
Guwahati,2019-08-04,18.86,87.0
Guwahati,2019-08-05,79.19,40.0
Guwahati,2019-08-06,21.24,104.0
Guwahati,2019-08-07,11.86,74.0
Guwahati,2019-08-08,12.02,47.0
Guwahati,2019-08-09,49.04,246.0
Guwahati,2019-08-10,16.54,266.0
Guwahati,2019-08-11,26.59,102.0
Guwahati,2019-08-12,24.16,488.0
Guwahati,2019-08-13,14.9,956.0
Guwahati,2019-08-14,15.95,141.0
Guwahati,2019-08-15,19.03,36.0
Guwahati,2019-08-16,22.78,43.0
Guwahati,2019-08-17,30.14,69.0
Guwahati,2019-08-18,23.21,49.0
Guwahati,2019-08-19,19.03,38.0
Guwahati,2019-08-20,25.11,48.0
Guwahati,2019-08-21,26.75,41.0
Guwahati,2019-08-22,33.4,68.0
Guwahati,2019-08-23,23.87,54.0
Guwahati,2019-08-24,8.55,30.0
Guwahati,2019-08-25,11.11,26.0
Guwahati,2019-08-26,21.45,32.0
Guwahati,2019-08-27,23.45,52.0
Guwahati,2019-08-28,26.74,48.0
Guwahati,2019-08-29,20.83,41.0
Guwahati,2019-08-30,21.66,52.0
Guwahati,2019-08-31,14.39,113.0
Guwahati,2019-09-01,25.64,58.0
Guwahati,2019-09-02,30.97,62.0
Guwahati,2019-09-03,14.23,54.0
Guwahati,2019-09-04,17.61,35.0
Guwahati,2019-09-05,13.85,46.0
Guwahati,2019-09-06,12.24,34.0
Guwahati,2019-09-07,24.75,34.0
Guwahati,2019-09-08,25.82,53.0
Guwahati,2019-09-09,23.45,46.0
Guwahati,2019-09-10,22.01,51.0
Guwahati,2019-09-11,34.11,55.0
Guwahati,2019-09-12,24.0,58.0
Guwahati,2019-09-13,17.8,43.0
Guwahati,2019-09-14,23.58,41.0
Guwahati,2019-09-15,19.88,48.0
Guwahati,2019-09-16,22.61,40.0
Guwahati,2019-09-17,25.35,46.0
Guwahati,2019-09-18,23.6,62.0
Guwahati,2019-09-19,32.73,44.0
Guwahati,2019-09-20,37.23,80.0
Guwahati,2019-09-21,31.67,68.0
Guwahati,2019-09-22,33.58,65.0
Guwahati,2019-09-23,11.65,35.0
Guwahati,2019-09-24,11.83,26.0
Guwahati,2019-09-25,12.59,26.0
Guwahati,2019-09-26,27.75,58.0
Guwahati,2019-09-27,21.98,47.0
Guwahati,2019-09-28,23.77,52.0
Guwahati,2019-09-29,22.12,39.0
Guwahati,2019-09-30,20.06,41.0
Guwahati,2019-10-01,11.78,37.0
Guwahati,2019-10-02,19.97,30.0
Guwahati,2019-10-03,29.56,66.0
Guwahati,2019-10-04,30.94,60.0
Guwahati,2019-10-05,39.61,70.0
Guwahati,2019-10-06,57.59,83.0
Guwahati,2019-10-07,30.21,82.0
Guwahati,2019-10-08,12.8,38.0
Guwahati,2019-10-09,18.44,27.0
Guwahati,2019-10-10,20.81,34.0
Guwahati,2019-10-11,32.15,78.0
Guwahati,2019-10-12,41.46,86.0
Guwahati,2019-10-13,60.17,113.0
Guwahati,2019-10-14,51.01,111.0
Guwahati,2019-10-15,45.02,89.0
Guwahati,2019-10-17,47.43,94.0
Guwahati,2019-10-18,52.61,101.0
Guwahati,2019-10-19,49.51,110.0
Guwahati,2019-10-20,46.36,98.0
Guwahati,2019-10-21,57.99,88.0
Guwahati,2019-10-22,84.13,123.0
Guwahati,2019-10-23,91.53,215.0
Guwahati,2019-10-24,55.9,174.0
Guwahati,2019-10-25,10.4,43.0
Guwahati,2019-10-26,5.85,27.0
Guwahati,2019-10-27,96.59,45.0
Guwahati,2019-10-28,199.86,351.0
Guwahati,2019-10-29,87.95,326.0
Guwahati,2019-10-30,45.98,86.0
Guwahati,2019-10-31,52.71,91.0
Guwahati,2019-11-01,38.53,142.0
Guwahati,2019-11-02,47.68,112.0
Guwahati,2019-11-03,50.28,116.0
Guwahati,2019-11-04,48.37,113.0
Guwahati,2019-11-05,51.29,123.0
Guwahati,2019-11-06,41.07,90.0
Guwahati,2019-11-07,53.17,110.0
Guwahati,2019-11-08,46.78,114.0
Guwahati,2019-11-09,46.15,84.0
Guwahati,2019-11-10,15.96,50.0
Guwahati,2019-11-11,25.98,36.0
Guwahati,2019-11-12,66.5,96.0
Guwahati,2019-11-13,49.33,133.0
Guwahati,2019-11-14,53.17,105.0
Guwahati,2019-11-15,64.61,154.0
Guwahati,2019-11-16,63.24,136.0
Guwahati,2019-11-17,84.99,165.0
Guwahati,2019-11-18,105.95,226.0
Guwahati,2019-11-19,101.7,290.0
Guwahati,2019-11-20,51.3,129.0
Guwahati,2019-11-21,69.59,112.0
Guwahati,2019-11-22,68.87,135.0
Guwahati,2019-11-23,84.51,148.0
Guwahati,2019-11-24,83.44,185.0
Guwahati,2019-11-25,84.86,180.0
Guwahati,2019-11-26,93.22,197.0
Guwahati,2019-11-27,73.44,182.0
Guwahati,2019-11-28,87.21,136.0
Guwahati,2019-11-29,96.93,183.0
Guwahati,2019-11-30,98.28,230.0
Guwahati,2019-12-01,77.08,211.0
Guwahati,2019-12-02,66.64,102.0
Guwahati,2019-12-03,86.17,181.0
Guwahati,2019-12-04,91.37,198.0
Guwahati,2019-12-05,78.66,184.0
Guwahati,2019-12-06,89.58,170.0
Guwahati,2019-12-07,86.47,206.0
Guwahati,2019-12-08,101.34,206.0
Guwahati,2019-12-09,112.06,251.0
Guwahati,2019-12-10,149.21,278.0
Guwahati,2019-12-11,118.52,328.0
Guwahati,2019-12-12,124.58,224.0
Guwahati,2019-12-13,106.59,309.0
Guwahati,2019-12-14,112.56,228.0
Guwahati,2019-12-15,121.98,303.0
Guwahati,2019-12-16,136.78,304.0
Guwahati,2019-12-17,103.64,299.0
Guwahati,2019-12-18,122.34,257.0
Guwahati,2019-12-19,152.47,310.0
Guwahati,2019-12-20,135.44,327.0
Guwahati,2019-12-21,107.19,297.0
Guwahati,2019-12-22,117.3,289.0
Guwahati,2019-12-23,159.75,276.0
Guwahati,2019-12-24,176.67,347.0
Guwahati,2019-12-25,210.84,356.0
Guwahati,2019-12-26,183.04,329.0
Guwahati,2019-12-27,113.44,336.0
Guwahati,2019-12-28,129.61,243.0
Guwahati,2019-12-29,155.36,319.0
Guwahati,2019-12-30,162.59,334.0
Guwahati,2019-12-31,162.27,334.0
Guwahati,2020-01-01,139.24,346.0
Guwahati,2020-01-02,58.98,149.0
Guwahati,2020-01-03,69.89,116.0
Guwahati,2020-01-04,89.1,114.0
Guwahati,2020-01-05,104.14,284.0
Guwahati,2020-01-06,88.81,170.0
Guwahati,2020-01-07,158.21,301.0
Guwahati,2020-01-08,151.85,332.0
Guwahati,2020-01-09,154.88,322.0
Guwahati,2020-01-10,159.1,331.0
Guwahati,2020-01-11,165.55,331.0
Guwahati,2020-01-12,148.21,335.0
Guwahati,2020-01-13,152.57,321.0
Guwahati,2020-01-14,186.62,326.0
Guwahati,2020-01-15,378.08,462.0
Guwahati,2020-01-16,169.6,402.0
Guwahati,2020-01-17,124.99,311.0
Guwahati,2020-01-18,149.32,309.0
Guwahati,2020-01-19,123.96,325.0
Guwahati,2020-01-20,79.32,211.0
Guwahati,2020-01-21,120.64,192.0
Guwahati,2020-01-22,138.17,314.0
Guwahati,2020-01-23,129.67,307.0
Guwahati,2020-01-24,176.98,318.0
Guwahati,2020-01-25,178.56,363.0
Guwahati,2020-01-26,157.34,332.0
Guwahati,2020-01-27,151.56,327.0
Guwahati,2020-01-28,61.49,264.0
Guwahati,2020-01-29,192.26,285.0
Guwahati,2020-01-30,155.4,346.0
Guwahati,2020-01-31,74.2,195.0
Guwahati,2020-02-01,123.8,250.0
Guwahati,2020-02-02,103.18,298.0
Guwahati,2020-02-03,121.97,238.0
Guwahati,2020-02-04,140.21,315.0
Guwahati,2020-02-05,155.07,317.0
Guwahati,2020-02-06,151.99,326.0
Guwahati,2020-02-07,139.27,323.0
Guwahati,2020-02-08,139.07,316.0
Guwahati,2020-02-09,108.07,302.0
Guwahati,2020-02-10,101.22,212.0
Guwahati,2020-02-11,111.71,278.0
Guwahati,2020-02-12,119.47,267.0
Guwahati,2020-02-13,133.75,306.0
Guwahati,2020-02-14,141.43,315.0
Guwahati,2020-02-15,165.06,321.0
Guwahati,2020-02-16,208.26,357.0
Guwahati,2020-02-17,203.07,367.0
Guwahati,2020-02-18,169.36,361.0
Guwahati,2020-02-19,90.78,239.0
Guwahati,2020-02-20,131.83,288.0
Guwahati,2020-02-21,111.05,282.0
Guwahati,2020-02-22,125.72,302.0
Guwahati,2020-02-23,118.97,302.0
Guwahati,2020-02-24,93.14,269.0
Guwahati,2020-02-25,72.51,171.0
Guwahati,2020-02-26,27.92,78.0
Guwahati,2020-02-27,47.51,58.0
Guwahati,2020-02-28,66.48,114.0
Guwahati,2020-02-29,84.06,160.0
Guwahati,2020-03-01,131.31,224.0
Guwahati,2020-03-02,95.07,300.0
Guwahati,2020-03-03,63.93,164.0
Guwahati,2020-03-04,36.86,71.0
Guwahati,2020-03-05,44.87,84.0
Guwahati,2020-03-06,58.74,110.0
Guwahati,2020-03-07,76.67,128.0
Guwahati,2020-03-08,62.83,138.0
Guwahati,2020-03-09,66.71,152.0
Guwahati,2020-03-10,97.15,168.0
Guwahati,2020-03-11,80.63,191.0
Guwahati,2020-03-12,95.35,226.0
Guwahati,2020-03-13,81.83,148.0
Guwahati,2020-03-14,96.15,260.0
Guwahati,2020-03-15,79.96,140.0
Guwahati,2020-03-16,65.69,204.0
Guwahati,2020-03-17,90.97,158.0
Guwahati,2020-03-18,101.22,228.0
Guwahati,2020-03-19,106.89,257.0
Guwahati,2020-03-20,104.24,273.0
Guwahati,2020-03-21,105.13,223.0
Guwahati,2020-03-22,107.87,225.0
Guwahati,2020-03-23,79.39,265.0
Guwahati,2020-03-24,78.14,124.0
Guwahati,2020-03-25,99.05,195.0
Guwahati,2020-03-26,101.46,238.0
Guwahati,2020-03-27,118.7,270.0
Guwahati,2020-03-28,105.32,298.0
Guwahati,2020-03-29,31.95,176.0
Guwahati,2020-03-30,38.98,169.0
Guwahati,2020-03-31,130.68,201.0
Guwahati,2020-04-01,133.0,307.0
Guwahati,2020-04-02,141.09,315.0
Guwahati,2020-04-03,103.88,275.0
Guwahati,2020-04-04,81.92,222.0
Guwahati,2020-04-05,75.94,158.0
Guwahati,2020-04-06,71.62,162.0
Guwahati,2020-04-07,83.89,152.0
Guwahati,2020-04-08,78.7,198.0
Guwahati,2020-04-09,58.36,154.0
Guwahati,2020-04-10,26.5,104.0
Guwahati,2020-04-11,57.4,104.0
Guwahati,2020-04-12,89.24,169.0
Guwahati,2020-04-13,101.75,200.0
Guwahati,2020-04-14,103.94,266.0
Guwahati,2020-04-15,93.12,254.0
Guwahati,2020-04-16,38.33,109.0
Guwahati,2020-04-17,19.16,51.0
Guwahati,2020-04-18,18.06,45.0
Guwahati,2020-04-19,35.6,38.0
Guwahati,2020-04-20,20.94,62.0
Guwahati,2020-04-21,15.84,45.0
Guwahati,2020-04-22,23.36,40.0
Guwahati,2020-04-23,26.52,46.0
Guwahati,2020-04-24,12.87,55.0
Guwahati,2020-04-25,13.02,54.0
Guwahati,2020-04-26,19.09,50.0
Guwahati,2020-04-27,28.02,50.0
Guwahati,2020-04-28,25.51,52.0
Guwahati,2020-04-29,25.33,51.0
Guwahati,2020-04-30,23.83,47.0
Guwahati,2020-05-01,23.15,46.0
Guwahati,2020-05-02,23.05,45.0
Guwahati,2020-05-03,18.78,55.0
Guwahati,2020-05-04,25.13,51.0
Guwahati,2020-05-05,26.98,49.0
Guwahati,2020-05-06,21.27,44.0
Guwahati,2020-05-07,23.78,39.0
Guwahati,2020-05-08,27.19,45.0
Guwahati,2020-05-09,23.76,68.0
Guwahati,2020-05-10,40.78,75.0
Guwahati,2020-05-11,47.0,72.0
Guwahati,2020-05-12,43.02,90.0
Guwahati,2020-05-13,25.6,54.0
Guwahati,2020-05-14,18.75,43.0
Guwahati,2020-05-15,18.7,43.0
Guwahati,2020-05-16,19.4,41.0
Guwahati,2020-05-17,16.33,49.0
Guwahati,2020-05-18,34.04,50.0
Guwahati,2020-05-19,49.08,86.0
Guwahati,2020-05-20,42.37,89.0
Guwahati,2020-05-21,9.98,47.0
Guwahati,2020-05-22,8.42,45.0
Guwahati,2020-05-23,13.18,38.0
Guwahati,2020-05-24,11.73,33.0
Guwahati,2020-05-25,17.99,34.0
Guwahati,2020-05-26,8.71,45.0
Guwahati,2020-05-27,8.77,53.0
Guwahati,2020-05-28,15.12,53.0
Guwahati,2020-05-29,15.95,55.0
Guwahati,2020-05-30,21.8,51.0
Guwahati,2020-05-31,28.03,47.0
Guwahati,2020-06-01,24.49,57.0
Guwahati,2020-06-02,23.06,50.0
Guwahati,2020-06-03,17.45,56.0
Guwahati,2020-06-04,10.8,47.0
Guwahati,2020-06-05,15.57,42.0
Guwahati,2020-06-06,12.45,37.0
Guwahati,2020-06-07,18.92,30.0
Guwahati,2020-06-08,28.74,39.0
Guwahati,2020-06-09,31.44,53.0
Guwahati,2020-06-10,36.84,63.0
Guwahati,2020-06-11,37.17,85.0
Guwahati,2020-06-12,15.44,39.0
Guwahati,2020-06-13,18.75,45.0
Guwahati,2020-06-14,17.75,31.0
Guwahati,2020-06-15,15.67,31.0
Guwahati,2020-06-16,16.03,34.0
Guwahati,2020-06-17,9.88,35.0
Guwahati,2020-06-18,5.6,31.0
Guwahati,2020-06-19,12.18,30.0
Guwahati,2020-06-20,24.36,35.0
Guwahati,2020-06-21,20.77,46.0
Guwahati,2020-06-22,19.46,41.0
Guwahati,2020-06-23,18.53,46.0
Guwahati,2020-06-24,21.36,36.0
Guwahati,2020-06-25,18.8,37.0
Guwahati,2020-06-26,16.6,35.0
Guwahati,2020-06-27,17.82,35.0
Guwahati,2020-06-28,18.95,36.0
Guwahati,2020-06-29,21.38,48.0
Guwahati,2020-06-30,20.32,39.0
Guwahati,2020-07-01,40.0,36.0
Shillong,2019-08-28,18.42,37.0
Shillong,2019-08-29,18.36,40.0
Shillong,2019-08-30,17.45,35.0
Shillong,2019-08-31,16.96,32.0
Shillong,2019-09-01,8.89,31.0
Shillong,2019-09-05,8.35,113.0
Shillong,2019-09-06,8.32,25.0
Shillong,2019-09-07,4.2,31.0
Shillong,2019-09-08,4.34,33.0
Shillong,2019-09-09,4.94,35.0
Shillong,2019-09-10,9.82,35.0
Shillong,2019-09-11,11.37,40.0
Shillong,2019-09-12,5.79,30.0
Shillong,2019-09-13,7.94,30.0
Shillong,2019-09-14,5.9,38.0
Shillong,2019-09-15,8.57,51.0
Shillong,2019-09-16,9.93,60.0
Shillong,2019-09-17,11.9,41.0
Shillong,2019-09-18,13.02,42.0
Shillong,2019-09-19,13.23,37.0
Shillong,2019-09-20,17.9,32.0
Shillong,2019-09-21,18.81,31.0
Shillong,2019-09-22,14.72,31.0
Shillong,2019-09-23,10.24,44.0
Shillong,2019-09-24,13.24,43.0
Shillong,2019-09-25,8.71,38.0
Shillong,2019-09-26,6.63,40.0
Shillong,2019-09-27,13.14,40.0
Shillong,2019-09-28,8.52,49.0
Shillong,2019-09-29,8.08,38.0
Shillong,2019-09-30,11.79,46.0
Shillong,2019-10-01,5.11,40.0
Shillong,2019-10-02,15.38,47.0
Shillong,2019-10-03,16.97,59.0
Shillong,2019-10-04,17.43,56.0
Shillong,2019-10-05,19.67,49.0
Shillong,2019-10-06,24.73,58.0
Shillong,2019-10-07,24.73,54.0
Shillong,2019-10-08,24.73,48.0
Shillong,2019-10-09,24.73,57.0
Shillong,2019-10-10,24.73,48.0
Shillong,2019-10-11,17.72,45.0
Shillong,2019-10-12,21.02,46.0
Shillong,2019-10-13,17.32,44.0
Shillong,2019-10-14,17.79,46.0
Shillong,2019-10-15,15.29,52.0
Shillong,2019-10-16,16.72,36.0
Shillong,2019-10-17,20.46,40.0
Shillong,2019-10-18,23.3,54.0
Shillong,2019-10-19,26.66,55.0
Shillong,2019-10-20,33.46,61.0
Shillong,2019-10-21,23.1,92.0
Shillong,2019-10-22,25.22,87.0
Shillong,2019-10-23,32.95,73.0
Shillong,2019-10-24,18.23,61.0
Shillong,2019-10-25,9.46,42.0
Shillong,2019-11-23,6.56,14.0
Shillong,2019-11-24,13.61,32.0
Shillong,2019-11-25,10.31,22.0
Shillong,2019-11-26,16.74,30.0
Shillong,2019-11-27,12.69,29.0
Shillong,2019-11-28,12.47,28.0
Shillong,2019-11-29,10.44,49.0
Shillong,2020-01-11,22.59,50.0
Shillong,2020-01-12,17.46,38.0
Shillong,2020-01-13,57.08,52.0
Shillong,2020-01-14,35.92,60.0
Shillong,2020-01-15,38.86,64.0
Shillong,2020-01-16,22.65,55.0
Shillong,2020-01-17,34.74,36.0
Shillong,2020-01-18,33.34,69.0
Shillong,2020-01-19,21.45,80.0
Shillong,2020-01-20,29.71,88.0
Shillong,2020-01-21,21.25,57.0
Shillong,2020-01-22,20.72,54.0
Shillong,2020-01-23,15.63,73.0
Shillong,2020-01-24,35.99,78.0
Shillong,2020-01-25,43.41,68.0
Shillong,2020-01-26,44.81,74.0
Shillong,2020-01-27,46.64,81.0
Shillong,2020-01-28,64.17,86.0
Shillong,2020-01-29,62.33,111.0
Shillong,2020-01-30,42.77,96.0
Shillong,2020-01-31,40.96,71.0
Shillong,2020-02-01,47.55,78.0
Shillong,2020-02-02,48.24,80.0
Shillong,2020-02-03,60.08,86.0
Shillong,2020-02-04,49.49,94.0
Shillong,2020-02-05,54.66,90.0
Shillong,2020-02-06,40.34,87.0
Shillong,2020-02-07,58.11,93.0
Shillong,2020-02-08,48.94,92.0
Shillong,2020-02-09,25.93,62.0
Shillong,2020-02-10,47.14,70.0
Shillong,2020-02-11,42.01,76.0
Shillong,2020-02-12,40.08,71.0
Shillong,2020-02-13,49.07,77.0
Shillong,2020-02-14,54.68,90.0
Shillong,2020-02-15,81.36,143.0
Shillong,2020-02-16,63.48,130.0
Shillong,2020-02-17,77.93,140.0
Shillong,2020-02-18,75.12,149.0
Shillong,2020-02-19,92.18,182.0
Shillong,2020-02-20,67.59,175.0
Shillong,2020-02-21,58.97,120.0
Shillong,2020-02-25,25.11,49.0
Shillong,2020-02-26,21.18,46.0
Shillong,2020-02-27,17.87,60.0
Shillong,2020-02-28,17.24,42.0
Shillong,2020-02-29,18.63,51.0
Shillong,2020-03-01,27.68,53.0
Shillong,2020-03-02,35.37,60.0
Shillong,2020-03-03,26.75,63.0
Shillong,2020-03-04,32.17,64.0
Shillong,2020-03-05,26.31,63.0
Shillong,2020-03-06,27.32,64.0
Shillong,2020-03-07,26.77,65.0
Shillong,2020-03-08,20.66,73.0
Shillong,2020-03-09,28.03,65.0
Shillong,2020-03-10,39.77,71.0
Shillong,2020-03-11,23.77,66.0
Shillong,2020-03-12,29.84,56.0
Shillong,2020-03-13,38.98,59.0
Shillong,2020-03-14,53.61,86.0
Shillong,2020-03-15,27.04,77.0
Shillong,2020-03-16,23.18,65.0
Shillong,2020-03-17,37.88,49.0
Shillong,2020-03-18,44.98,73.0
Shillong,2020-03-19,52.21,83.0
Shillong,2020-03-20,50.46,86.0
Shillong,2020-03-21,58.49,97.0
Shillong,2020-03-22,21.25,62.0
Shillong,2020-03-23,21.58,33.0
Shillong,2020-03-24,30.19,44.0
Shillong,2020-03-25,50.05,67.0
Shillong,2020-03-26,44.29,72.0
Shillong,2020-03-27,42.54,79.0
Shillong,2020-03-28,33.4,72.0
Shillong,2020-03-29,30.23,55.0
Shillong,2020-03-30,53.16,64.0
Shillong,2020-03-31,58.0,118.0
Shillong,2020-04-01,46.79,93.0
Shillong,2020-04-02,34.47,77.0
Shillong,2020-04-03,34.03,74.0
Shillong,2020-04-04,25.6,59.0
Shillong,2020-05-01,12.54,17.0
Shillong,2020-05-02,13.9,24.0
Shillong,2020-05-03,10.46,19.0
Shillong,2020-05-04,13.97,20.0
Shillong,2020-05-05,16.18,27.0
Shillong,2020-05-06,12.39,22.0
Shillong,2020-05-07,11.76,39.0
Shillong,2020-05-08,15.92,56.0
Shillong,2020-05-09,21.41,42.0
Shillong,2020-05-10,23.75,57.0
Shillong,2020-05-11,22.77,75.0
Shillong,2020-05-12,21.75,37.0
Shillong,2020-05-13,30.47,48.0
Shillong,2020-05-14,21.18,41.0
Shillong,2020-05-15,17.18,31.0
Shillong,2020-05-16,14.34,25.0
Shillong,2020-05-17,16.06,30.0
Shillong,2020-05-18,24.24,52.0
Shillong,2020-05-19,26.59,47.0
Shillong,2020-05-20,17.42,40.0
Shillong,2020-05-21,3.45,17.0
Shillong,2020-05-22,8.58,14.0
Shillong,2020-05-23,24.57,28.0
Shillong,2020-05-24,16.11,35.0
Shillong,2020-05-25,11.5,24.0
Shillong,2020-05-26,7.42,17.0
Shillong,2020-05-27,8.61,35.0
Shillong,2020-05-28,12.87,23.0
Shillong,2020-05-29,11.74,21.0
Shillong,2020-05-30,12.82,21.0
Shillong,2020-05-31,12.93,22.0
Shillong,2020-06-01,16.52,25.0
Shillong,2020-06-02,19.38,29.0
Shillong,2020-06-03,19.65,33.0
Shillong,2020-06-04,20.5,32.0
Shillong,2020-06-05,12.72,32.0
Shillong,2020-06-06,13.5,16.0
Shillong,2020-06-07,17.94,30.0
Shillong,2020-06-08,23.76,33.0
Shillong,2020-06-09,24.94,41.0
Shillong,2020-06-10,9.99,33.0
Shillong,2020-06-11,5.28,20.0
Shillong,2020-06-12,3.44,29.0
Shillong,2020-06-13,3.9,34.0
Shillong,2020-06-16,4.38,18.0
Shillong,2020-06-17,3.87,26.0
Shillong,2020-06-18,4.56,46.0
Shillong,2020-06-19,10.64,49.0
Shillong,2020-06-20,14.8,43.0
Shillong,2020-06-21,5.35,33.0
Shillong,2020-06-22,8.14,41.0
Shillong,2020-06-23,9.65,46.0
Shillong,2020-06-24,10.21,47.0
Shillong,2020-06-25,9.62,19.0
Shillong,2020-06-26,6.33,25.0
Shillong,2020-06-27,9.41,35.0
Shillong,2020-06-28,13.55,53.0
Shillong,2020-06-29,9.53,26.0
Shillong,2020-06-30,14.74,21.0
Shillong,2020-07-01,16.7,24.0
Ahmedabad,2015-01-29,83.13,209.0
Ahmedabad,2015-01-30,79.84,328.0
Ahmedabad,2015-01-31,94.52,514.0
Ahmedabad,2015-02-01,135.99,782.0
Ahmedabad,2015-02-02,178.33,914.0
Ahmedabad,2015-02-03,139.7,660.0
Ahmedabad,2015-02-04,80.65,294.0
Ahmedabad,2015-02-05,58.36,149.0
Ahmedabad,2015-02-06,79.29,190.0
Ahmedabad,2015-02-07,88.7,247.0
Ahmedabad,2015-02-08,74.28,379.0
Ahmedabad,2015-02-09,113.93,341.0
Ahmedabad,2015-02-10,105.39,256.0
Ahmedabad,2015-02-11,66.52,388.0
Ahmedabad,2015-02-12,65.04,288.0
Ahmedabad,2015-02-13,103.36,510.0
Ahmedabad,2015-02-14,177.33,761.0
Ahmedabad,2015-02-15,113.25,475.0
Ahmedabad,2015-02-16,99.7,536.0
Ahmedabad,2015-02-17,80.61,479.0
Ahmedabad,2015-02-18,100.79,592.0
Ahmedabad,2015-02-19,107.99,427.0
Ahmedabad,2015-02-20,140.29,588.0
Ahmedabad,2015-02-21,239.96,1141.0
Ahmedabad,2015-02-22,142.96,669.0
Ahmedabad,2015-02-23,238.41,1247.0
Ahmedabad,2015-02-24,118.72,411.0
Ahmedabad,2015-02-25,52.99,292.0
Ahmedabad,2015-03-02,60.78,189.0
Ahmedabad,2015-03-03,91.83,408.0
Ahmedabad,2015-03-04,93.88,383.0
Ahmedabad,2015-03-05,173.01,780.0
Ahmedabad,2015-03-08,71.56,190.0
Ahmedabad,2015-03-09,119.8,233.0
Ahmedabad,2015-03-10,106.71,297.0
Ahmedabad,2015-03-11,118.49,330.0
Ahmedabad,2015-03-12,106.01,252.0
Ahmedabad,2015-03-13,97.34,244.0
Ahmedabad,2015-03-14,83.92,234.0
Ahmedabad,2015-03-15,49.51,219.0
Ahmedabad,2015-03-16,30.76,118.0
Ahmedabad,2015-03-17,50.29,231.0
Ahmedabad,2015-03-18,57.69,286.0
Ahmedabad,2015-03-19,105.06,883.0
Ahmedabad,2015-03-20,94.1,720.0
Ahmedabad,2015-03-21,111.89,570.0
Ahmedabad,2015-03-22,108.59,589.0
Ahmedabad,2015-03-23,130.76,818.0
Ahmedabad,2015-03-24,143.55,737.0
Ahmedabad,2015-03-25,165.07,585.0
Ahmedabad,2015-03-26,166.85,616.0
Ahmedabad,2015-03-27,147.38,437.0
Ahmedabad,2015-03-28,158.25,321.0
Ahmedabad,2015-03-29,237.76,372.0
Ahmedabad,2015-03-30,133.37,339.0
Ahmedabad,2015-03-31,133.3,339.0
Ahmedabad,2015-04-01,96.04,324.0
Ahmedabad,2015-04-02,77.69,222.0
Ahmedabad,2015-04-03,53.07,169.0
Ahmedabad,2015-04-04,63.11,220.0
Ahmedabad,2015-04-06,120.96,303.0
Ahmedabad,2015-04-07,138.63,314.0
Ahmedabad,2015-04-08,144.36,378.0
Ahmedabad,2015-04-09,85.03,415.0
Ahmedabad,2015-04-11,61.06,126.0
Ahmedabad,2015-04-12,39.42,175.0
Ahmedabad,2015-04-13,111.86,226.0
Ahmedabad,2015-04-14,58.37,244.0
Ahmedabad,2015-04-15,95.37,315.0
Ahmedabad,2015-04-16,141.3,678.0
Ahmedabad,2015-04-17,106.68,774.0
Ahmedabad,2015-04-18,109.48,285.0
Ahmedabad,2015-04-19,126.04,321.0
Ahmedabad,2015-04-20,71.22,358.0
Ahmedabad,2015-04-21,97.87,357.0
Ahmedabad,2015-04-22,63.38,189.0
Ahmedabad,2015-04-24,80.9,214.0
Ahmedabad,2015-04-25,103.29,253.0
Ahmedabad,2015-04-26,107.5,239.0
Ahmedabad,2015-04-29,138.42,300.0
Ahmedabad,2015-04-30,129.04,317.0
Ahmedabad,2015-05-01,96.65,240.0
Ahmedabad,2015-05-02,126.77,344.0
Ahmedabad,2015-05-03,106.15,503.0
Ahmedabad,2015-05-04,86.31,308.0
Ahmedabad,2015-05-05,83.99,227.0
Ahmedabad,2015-05-06,65.11,120.0
Ahmedabad,2015-05-07,51.03,158.0
Ahmedabad,2015-05-08,38.73,177.0
Ahmedabad,2015-05-09,61.12,201.0
Ahmedabad,2015-05-10,58.44,211.0
Ahmedabad,2015-05-11,61.49,221.0
Ahmedabad,2015-05-12,65.39,233.0
Ahmedabad,2015-05-13,100.92,481.0
Ahmedabad,2015-05-14,97.48,352.0
Ahmedabad,2015-05-15,129.27,327.0
Ahmedabad,2015-05-16,129.58,577.0
Ahmedabad,2015-05-17,100.57,411.0
Ahmedabad,2015-05-18,130.34,212.0
Ahmedabad,2015-05-19,53.24,280.0
Ahmedabad,2015-05-20,42.0,162.0
Ahmedabad,2015-05-22,83.69,569.0
Ahmedabad,2015-05-23,38.88,128.0
Ahmedabad,2015-05-24,46.89,129.0
Ahmedabad,2015-05-25,70.96,152.0
Ahmedabad,2015-05-26,53.66,176.0
Ahmedabad,2015-05-27,45.49,167.0
Ahmedabad,2015-05-28,60.86,106.0
Ahmedabad,2015-05-29,51.93,231.0
Ahmedabad,2015-05-30,77.87,327.0
Ahmedabad,2015-05-31,57.59,174.0
Ahmedabad,2015-06-01,77.22,185.0
Ahmedabad,2015-06-02,45.29,179.0
Ahmedabad,2015-06-03,103.78,211.0
Ahmedabad,2015-06-04,25.14,192.0
Ahmedabad,2015-06-05,87.03,310.0
Ahmedabad,2015-06-06,89.6,223.0
Ahmedabad,2015-06-07,80.69,192.0
Ahmedabad,2015-06-08,44.75,191.0
Ahmedabad,2015-06-09,38.11,184.0
Ahmedabad,2015-06-10,45.5,220.0
Ahmedabad,2015-06-11,36.98,215.0
Ahmedabad,2015-06-12,43.58,226.0
Ahmedabad,2015-06-13,45.49,251.0
Ahmedabad,2015-06-14,38.06,216.0
Ahmedabad,2015-06-15,45.41,237.0
Ahmedabad,2015-06-16,37.71,198.0
Ahmedabad,2015-06-17,32.37,195.0
Ahmedabad,2015-06-18,34.74,187.0
Ahmedabad,2015-06-19,32.56,181.0
Ahmedabad,2015-06-20,29.28,179.0
Ahmedabad,2015-06-21,20.46,188.0
Ahmedabad,2015-06-22,26.07,190.0
Ahmedabad,2015-06-23,21.43,185.0
Ahmedabad,2015-06-24,11.91,189.0
Ahmedabad,2015-06-25,57.75,196.0
Ahmedabad,2015-06-26,66.39,201.0
Ahmedabad,2015-06-27,62.61,231.0
Ahmedabad,2015-06-28,47.5,196.0
Ahmedabad,2015-06-29,111.8,220.0
Ahmedabad,2015-06-30,30.0,244.0
Ahmedabad,2015-07-01,4.66,223.0
Ahmedabad,2015-07-02,48.72,230.0
Ahmedabad,2015-07-03,49.7,243.0
Ahmedabad,2015-07-04,48.1,215.0
Ahmedabad,2015-07-05,47.43,199.0
Ahmedabad,2015-07-06,51.74,200.0
Ahmedabad,2015-07-07,42.68,226.0
Ahmedabad,2015-07-08,38.45,241.0
Ahmedabad,2015-07-09,46.69,222.0
Ahmedabad,2015-07-10,55.27,223.0
Ahmedabad,2015-07-11,149.03,248.0
Ahmedabad,2015-07-12,86.57,300.0
Ahmedabad,2015-07-13,111.77,232.0
Ahmedabad,2015-07-14,151.4,330.0
Ahmedabad,2015-07-15,51.35,223.0
Ahmedabad,2015-07-16,65.37,105.0
Ahmedabad,2015-07-17,56.28,101.0
Ahmedabad,2015-07-18,48.17,93.0
Ahmedabad,2015-07-19,33.56,67.0
Ahmedabad,2015-07-20,31.3,60.0
Ahmedabad,2015-07-22,57.11,90.0
Ahmedabad,2015-07-23,34.72,78.0
Ahmedabad,2015-07-24,29.22,48.0
Ahmedabad,2015-07-25,29.79,53.0
Ahmedabad,2015-07-26,59.95,91.0
Ahmedabad,2015-07-27,19.2,70.0
Ahmedabad,2015-07-28,19.52,157.0
Ahmedabad,2015-07-29,35.16,158.0
Ahmedabad,2015-07-30,33.03,169.0
Ahmedabad,2015-07-31,40.95,174.0
Ahmedabad,2015-08-01,40.29,173.0
Ahmedabad,2015-08-02,41.16,172.0
Ahmedabad,2015-08-03,36.12,190.0
Ahmedabad,2015-08-04,28.51,171.0
Ahmedabad,2015-08-05,31.59,168.0
Ahmedabad,2015-08-06,42.56,172.0
Ahmedabad,2015-08-07,48.12,173.0
Ahmedabad,2015-08-08,37.09,175.0
Ahmedabad,2015-08-09,33.4,179.0
Ahmedabad,2015-08-10,38.64,174.0
Ahmedabad,2015-08-11,40.49,176.0
Ahmedabad,2015-08-12,41.37,179.0
Ahmedabad,2015-08-13,44.56,175.0
Ahmedabad,2015-08-14,65.68,177.0
Ahmedabad,2015-08-15,33.34,175.0
Ahmedabad,2015-08-16,39.17,174.0
Ahmedabad,2015-08-17,34.0,179.0
Ahmedabad,2015-08-18,36.38,177.0
Ahmedabad,2015-08-19,38.35,180.0
Ahmedabad,2015-08-20,38.5,274.0
Ahmedabad,2015-08-21,39.61,310.0
Ahmedabad,2015-08-22,61.79,303.0
Ahmedabad,2015-08-23,43.22,302.0
Ahmedabad,2015-08-24,33.41,302.0
Ahmedabad,2015-08-25,36.9,302.0
Ahmedabad,2015-08-26,36.36,302.0
Ahmedabad,2015-08-27,32.64,302.0
Ahmedabad,2015-08-28,38.23,302.0
Ahmedabad,2015-08-29,39.86,301.0
Ahmedabad,2015-08-30,72.74,302.0
Ahmedabad,2015-08-31,43.2,302.0
Ahmedabad,2015-09-01,63.2,302.0
Ahmedabad,2015-09-02,64.73,302.0
Ahmedabad,2015-09-03,65.28,301.0
Ahmedabad,2015-09-04,67.86,302.0
Ahmedabad,2015-09-05,52.4,301.0
Ahmedabad,2015-09-06,33.33,302.0
Ahmedabad,2015-09-07,29.52,301.0
Ahmedabad,2015-09-08,15.53,301.0
Ahmedabad,2015-09-10,50.24,226.0
Ahmedabad,2015-09-11,61.77,276.0
Ahmedabad,2015-09-12,46.93,209.0
Ahmedabad,2015-09-13,43.01,179.0
Ahmedabad,2015-09-14,42.06,197.0
Ahmedabad,2015-09-15,44.94,229.0
Ahmedabad,2015-09-16,29.58,170.0
Ahmedabad,2015-09-17,32.15,164.0
Ahmedabad,2015-09-18,36.33,195.0
Ahmedabad,2015-09-19,24.46,220.0
Ahmedabad,2015-09-22,59.29,217.0
Ahmedabad,2015-09-23,65.32,254.0
Ahmedabad,2015-09-24,47.39,241.0
Ahmedabad,2015-09-25,43.88,244.0
Ahmedabad,2015-09-26,28.35,243.0
Ahmedabad,2015-09-27,3.59,244.0
Ahmedabad,2015-09-28,3.04,327.0
Ahmedabad,2015-09-29,19.14,390.0
Ahmedabad,2015-09-30,69.12,231.0
Ahmedabad,2015-10-01,76.41,396.0
Ahmedabad,2015-10-02,102.49,731.0
Ahmedabad,2015-10-03,127.94,466.0
Ahmedabad,2015-10-04,87.18,230.0
Ahmedabad,2015-10-05,99.73,309.0
Ahmedabad,2015-10-06,84.15,519.0
Ahmedabad,2015-10-07,92.12,397.0
Ahmedabad,2015-10-08,94.02,517.0
Ahmedabad,2015-10-09,150.27,653.0
Ahmedabad,2015-10-10,118.91,355.0
Ahmedabad,2015-10-11,91.41,227.0
Ahmedabad,2015-10-12,95.9,316.0
Ahmedabad,2015-10-13,137.87,536.0
Ahmedabad,2015-10-14,90.71,370.0
Ahmedabad,2015-10-15,108.68,551.0
Ahmedabad,2015-10-16,98.79,393.0
Ahmedabad,2015-10-17,145.75,671.0
Ahmedabad,2015-10-18,179.43,969.0
Ahmedabad,2015-10-19,170.52,471.0
Ahmedabad,2015-10-20,203.4,529.0
Ahmedabad,2015-10-22,64.66,213.0
Ahmedabad,2015-10-23,78.14,297.0
Ahmedabad,2015-10-24,100.17,605.0
Ahmedabad,2015-10-25,147.35,691.0
Ahmedabad,2015-10-26,206.89,971.0
Ahmedabad,2015-10-28,89.64,270.0
Ahmedabad,2015-10-29,51.72,188.0
Ahmedabad,2015-10-30,54.59,114.0
Ahmedabad,2015-10-31,46.5,143.0
Ahmedabad,2015-11-03,147.18,557.0
Ahmedabad,2015-11-05,207.13,536.0
Ahmedabad,2015-11-06,191.01,354.0
Ahmedabad,2015-11-07,192.35,381.0
Ahmedabad,2015-11-08,127.64,355.0
Ahmedabad,2016-06-28,27.29,272.0
Ahmedabad,2016-06-29,41.43,253.0
Ahmedabad,2016-06-30,30.16,256.0
Ahmedabad,2016-07-01,29.42,257.0
Ahmedabad,2016-07-02,20.87,213.0
Ahmedabad,2016-07-03,35.08,218.0
Ahmedabad,2016-07-04,40.23,214.0
Ahmedabad,2016-07-05,54.25,207.0
Ahmedabad,2016-07-06,49.04,169.0
Ahmedabad,2016-07-14,38.13,1842.0
Ahmedabad,2016-07-15,36.47,72.0
Ahmedabad,2016-07-16,40.9,91.0
Ahmedabad,2016-07-17,34.19,124.0
Ahmedabad,2016-07-18,32.92,145.0
Ahmedabad,2016-07-19,41.39,499.0
Ahmedabad,2016-07-20,31.71,557.0
Ahmedabad,2016-07-21,33.48,114.0
Ahmedabad,2016-07-22,30.8,148.0
Ahmedabad,2016-07-23,30.47,99.0
Ahmedabad,2016-07-24,34.64,117.0
Ahmedabad,2016-07-25,43.71,275.0
Ahmedabad,2016-07-26,46.52,183.0
Ahmedabad,2016-07-27,36.54,336.0
Ahmedabad,2016-07-28,36.87,468.0
Ahmedabad,2016-07-29,46.19,776.0
Ahmedabad,2016-07-30,48.44,805.0
Ahmedabad,2016-07-31,40.18,705.0
Ahmedabad,2016-08-01,33.5,740.0
Ahmedabad,2016-08-02,29.36,751.0
Ahmedabad,2016-08-03,44.59,798.0
Ahmedabad,2016-08-04,50.65,494.0
Ahmedabad,2016-08-05,33.93,234.0
Ahmedabad,2016-08-08,93.34,327.0
Ahmedabad,2016-08-09,38.06,257.0
Ahmedabad,2016-08-10,20.19,300.0
Ahmedabad,2016-08-11,10.45,309.0
Ahmedabad,2016-08-12,29.87,316.0
Ahmedabad,2016-08-13,60.18,296.0
Ahmedabad,2016-08-14,85.1,240.0
Ahmedabad,2016-08-15,55.55,220.0
Ahmedabad,2016-08-16,170.22,460.0
Ahmedabad,2016-08-17,35.05,341.0
Ahmedabad,2016-08-18,37.68,216.0
Ahmedabad,2016-08-19,32.78,174.0
Ahmedabad,2016-08-20,53.5,252.0
Ahmedabad,2016-08-21,48.24,283.0
Ahmedabad,2016-08-22,63.27,282.0
Ahmedabad,2016-08-23,40.43,189.0
Ahmedabad,2016-08-24,31.15,204.0
Ahmedabad,2016-08-25,33.76,207.0
Ahmedabad,2016-08-26,35.95,218.0
Ahmedabad,2016-08-27,58.07,243.0
Ahmedabad,2016-08-28,46.04,219.0
Ahmedabad,2016-08-29,52.27,247.0
Ahmedabad,2016-08-30,46.68,235.0
Ahmedabad,2016-08-31,44.59,234.0
Ahmedabad,2016-09-01,30.81,217.0
Ahmedabad,2016-09-02,47.67,222.0
Ahmedabad,2016-09-03,35.69,241.0
Ahmedabad,2016-09-04,36.44,225.0
Ahmedabad,2016-09-05,33.83,241.0
Ahmedabad,2016-09-06,34.23,237.0
Ahmedabad,2016-09-07,52.15,251.0
Ahmedabad,2016-09-08,35.99,220.0
Ahmedabad,2016-09-09,37.93,221.0
Ahmedabad,2016-09-10,31.94,226.0
Ahmedabad,2016-09-11,18.04,208.0
Ahmedabad,2016-09-12,27.9,190.0
Ahmedabad,2016-09-13,36.51,250.0
Ahmedabad,2016-09-14,55.71,280.0
Ahmedabad,2016-09-15,57.01,306.0
Ahmedabad,2016-09-16,53.94,249.0
Ahmedabad,2016-09-17,49.34,213.0
Ahmedabad,2016-09-18,67.87,135.0
Ahmedabad,2016-09-22,39.43,268.0
Ahmedabad,2016-09-23,42.33,267.0
Ahmedabad,2016-09-24,26.75,216.0
Ahmedabad,2016-09-25,34.16,212.0
Ahmedabad,2016-09-26,30.07,214.0
Ahmedabad,2016-09-27,25.54,222.0
Ahmedabad,2016-09-28,38.47,216.0
Ahmedabad,2016-09-29,42.55,236.0
Ahmedabad,2016-09-30,38.1,225.0
Ahmedabad,2016-10-01,27.22,231.0
Ahmedabad,2016-10-02,41.81,298.0
Ahmedabad,2016-10-03,75.03,267.0
Ahmedabad,2016-10-04,67.87,236.0
Ahmedabad,2016-10-06,75.06,301.0
Ahmedabad,2016-10-07,85.36,311.0
Ahmedabad,2016-10-08,124.97,313.0
Ahmedabad,2016-10-09,86.63,267.0
Ahmedabad,2016-10-10,70.34,232.0
Ahmedabad,2016-10-11,50.49,229.0
Ahmedabad,2016-10-12,42.25,227.0
Ahmedabad,2016-10-13,48.23,236.0
Ahmedabad,2016-10-14,138.94,326.0
Ahmedabad,2016-10-15,155.68,395.0
Ahmedabad,2016-10-16,120.35,507.0
Ahmedabad,2016-10-17,140.81,423.0
Ahmedabad,2016-10-18,87.09,315.0
Ahmedabad,2016-10-19,83.57,213.0
Ahmedabad,2016-10-20,75.41,263.0
Ahmedabad,2016-10-21,106.86,355.0
Ahmedabad,2016-10-22,96.53,362.0
Ahmedabad,2016-10-23,76.96,236.0
Ahmedabad,2016-10-24,73.05,192.0
Ahmedabad,2016-10-25,72.52,230.0
Ahmedabad,2016-10-26,109.22,278.0
Ahmedabad,2016-10-27,122.63,390.0
Ahmedabad,2016-10-28,214.36,509.0
Ahmedabad,2016-10-29,381.69,472.0
Ahmedabad,2016-10-30,182.59,457.0
Ahmedabad,2016-10-31,271.85,721.0
Ahmedabad,2016-11-01,230.76,420.0
Ahmedabad,2016-11-02,203.3,417.0
Ahmedabad,2016-11-03,152.03,390.0
Ahmedabad,2016-11-04,176.02,361.0
Ahmedabad,2017-10-11,61.72,105.0
Ahmedabad,2017-10-21,126.57,319.0
Ahmedabad,2017-10-22,59.26,146.0
Ahmedabad,2017-10-23,51.72,80.0
Ahmedabad,2017-10-24,67.4,102.0
Ahmedabad,2017-10-25,79.49,459.0
Ahmedabad,2017-10-26,112.25,1426.0
Ahmedabad,2017-10-27,133.07,1348.0
Ahmedabad,2017-10-28,93.96,1073.0
Ahmedabad,2017-10-29,93.7,952.0
Ahmedabad,2017-11-03,96.65,550.0
Ahmedabad,2017-11-04,107.09,538.0
Ahmedabad,2017-11-05,119.02,498.0
Ahmedabad,2017-11-06,83.86,517.0
Ahmedabad,2017-11-07,72.67,901.0
Ahmedabad,2017-11-08,94.32,929.0
Ahmedabad,2017-11-09,89.0,850.0
Ahmedabad,2017-11-10,85.35,669.0
Ahmedabad,2017-11-11,101.25,1141.0
Ahmedabad,2017-11-12,90.02,707.0
Ahmedabad,2017-11-13,119.17,1577.0
Ahmedabad,2017-11-14,207.19,1747.0
Ahmedabad,2017-11-15,148.83,1065.0
Ahmedabad,2017-11-16,85.32,195.0
Ahmedabad,2017-11-17,143.07,291.0
Ahmedabad,2017-11-18,140.88,313.0
Ahmedabad,2017-11-19,99.77,333.0
Ahmedabad,2017-11-20,119.99,338.0
Ahmedabad,2017-11-21,111.92,371.0
Ahmedabad,2017-11-22,96.51,463.0
Ahmedabad,2017-11-23,80.52,419.0
Ahmedabad,2017-11-24,92.8,700.0
Ahmedabad,2017-11-25,102.26,1043.0
Ahmedabad,2017-11-26,108.19,1029.0
Ahmedabad,2017-11-27,93.87,1041.0
Ahmedabad,2017-11-28,109.53,1430.0
Ahmedabad,2017-11-29,79.34,765.0
Ahmedabad,2017-11-30,93.05,599.0
Ahmedabad,2017-12-01,85.51,764.0
Ahmedabad,2017-12-02,80.89,330.0
Ahmedabad,2017-12-03,58.62,205.0
Ahmedabad,2017-12-04,68.53,164.0
Ahmedabad,2017-12-05,81.38,187.0
Ahmedabad,2017-12-06,56.54,149.0
Ahmedabad,2017-12-07,74.08,215.0
Ahmedabad,2017-12-08,62.76,284.0
Ahmedabad,2017-12-09,86.09,167.0
Ahmedabad,2017-12-10,59.74,337.0
Ahmedabad,2017-12-11,87.13,696.0
Ahmedabad,2017-12-12,52.15,295.0
Ahmedabad,2017-12-13,67.51,565.0
Ahmedabad,2017-12-14,70.08,400.0
Ahmedabad,2017-12-15,86.9,250.0
Ahmedabad,2017-12-16,77.34,232.0
Ahmedabad,2017-12-17,65.93,174.0
Ahmedabad,2017-12-18,66.58,198.0
Ahmedabad,2017-12-19,62.24,340.0
Ahmedabad,2017-12-20,62.07,355.0
Ahmedabad,2017-12-21,72.04,246.0
Ahmedabad,2017-12-22,67.44,216.0
Ahmedabad,2017-12-23,77.76,306.0
Ahmedabad,2017-12-24,96.71,650.0
Ahmedabad,2017-12-25,75.14,515.0
Ahmedabad,2017-12-26,69.27,529.0
Ahmedabad,2017-12-27,71.54,404.0
Ahmedabad,2017-12-28,104.13,773.0
Ahmedabad,2017-12-29,88.93,763.0
Ahmedabad,2017-12-30,82.03,474.0
Ahmedabad,2017-12-31,84.43,343.0
Ahmedabad,2018-01-01,84.46,278.0
Ahmedabad,2018-01-02,76.51,256.0
Ahmedabad,2018-01-03,63.88,300.0
Ahmedabad,2018-01-04,81.1,532.0
Ahmedabad,2018-01-05,73.61,534.0
Ahmedabad,2018-01-06,75.79,738.0
Ahmedabad,2018-01-07,77.87,622.0
Ahmedabad,2018-01-08,77.72,517.0
Ahmedabad,2018-01-09,66.89,216.0
Ahmedabad,2018-01-10,74.57,316.0
Ahmedabad,2018-01-11,89.1,586.0
Ahmedabad,2018-01-12,110.34,898.0
Ahmedabad,2018-01-13,82.53,421.0
Ahmedabad,2018-01-14,108.01,542.0
Ahmedabad,2018-01-15,92.94,610.0
Ahmedabad,2018-01-16,87.3,716.0
Ahmedabad,2018-01-17,89.06,804.0
Ahmedabad,2018-01-18,51.61,656.0
Ahmedabad,2018-01-19,91.13,1201.0
Ahmedabad,2018-01-21,108.92,595.0
Ahmedabad,2018-01-22,89.63,384.0
Ahmedabad,2018-01-23,55.27,332.0
Ahmedabad,2018-01-24,97.88,1155.0
Ahmedabad,2018-01-25,128.56,1355.0
Ahmedabad,2018-01-26,103.63,1367.0
Ahmedabad,2018-01-27,102.16,795.0
Ahmedabad,2018-01-28,89.53,430.0
Ahmedabad,2018-01-29,101.92,1153.0
Ahmedabad,2018-01-30,117.99,1414.0
Ahmedabad,2018-01-31,115.79,1042.0
Ahmedabad,2018-02-01,189.12,1613.0
Ahmedabad,2018-02-02,88.37,433.0
Ahmedabad,2018-02-03,96.64,692.0
Ahmedabad,2018-02-04,98.0,620.0
Ahmedabad,2018-02-05,93.31,617.0
Ahmedabad,2018-02-06,104.89,590.0
Ahmedabad,2018-02-07,109.34,856.0
Ahmedabad,2018-02-08,70.25,587.0
Ahmedabad,2018-02-09,103.17,1423.0
Ahmedabad,2018-02-10,185.77,1917.0
Ahmedabad,2018-02-11,84.48,471.0
Ahmedabad,2018-02-12,89.41,488.0
Ahmedabad,2018-02-13,64.61,471.0
Ahmedabad,2018-02-14,65.35,172.0
Ahmedabad,2018-02-15,52.18,390.0
Ahmedabad,2018-02-16,75.13,802.0
Ahmedabad,2018-02-17,83.65,1035.0
Ahmedabad,2018-02-18,220.49,1477.0
Ahmedabad,2018-02-19,242.66,2049.0
Ahmedabad,2018-02-20,114.78,1314.0
Ahmedabad,2018-02-21,92.92,1215.0
Ahmedabad,2018-02-22,91.66,1483.0
Ahmedabad,2018-02-23,138.4,1526.0
Ahmedabad,2018-02-26,49.18,460.0
Ahmedabad,2018-02-27,56.42,700.0
Ahmedabad,2018-02-28,60.36,831.0
Ahmedabad,2018-03-01,54.45,291.0
Ahmedabad,2018-03-02,53.5,132.0
Ahmedabad,2018-03-03,41.64,212.0
Ahmedabad,2018-03-04,32.36,717.0
Ahmedabad,2018-03-05,29.98,525.0
Ahmedabad,2018-03-06,33.3,777.0
Ahmedabad,2018-03-07,56.51,807.0
Ahmedabad,2018-03-08,88.85,520.0
Ahmedabad,2018-03-09,111.68,1171.0
Ahmedabad,2018-03-10,114.06,1332.0
Ahmedabad,2018-03-11,116.93,1260.0
Ahmedabad,2018-03-12,84.19,708.0
Ahmedabad,2018-03-13,98.53,1108.0
Ahmedabad,2018-03-14,84.16,761.0
Ahmedabad,2018-03-15,71.82,541.0
Ahmedabad,2018-03-16,80.51,1274.0
Ahmedabad,2018-03-17,133.48,1241.0
Ahmedabad,2018-03-18,116.54,1210.0
Ahmedabad,2018-03-19,98.49,301.0
Ahmedabad,2018-03-20,160.68,549.0
Ahmedabad,2018-03-21,102.05,414.0
Ahmedabad,2018-03-22,100.33,484.0
Ahmedabad,2018-03-23,99.73,577.0
Ahmedabad,2018-03-24,104.22,862.0
Ahmedabad,2018-03-25,109.8,889.0
Ahmedabad,2018-03-26,124.44,1001.0
Ahmedabad,2018-03-27,180.27,1156.0
Ahmedabad,2018-03-28,138.6,691.0
Ahmedabad,2018-03-29,139.21,308.0
Ahmedabad,2018-03-30,154.09,965.0
Ahmedabad,2018-03-31,121.0,1434.0
Ahmedabad,2018-04-01,80.56,579.0
Ahmedabad,2018-04-02,103.75,1034.0
Ahmedabad,2018-04-03,75.68,498.0
Ahmedabad,2018-04-04,62.83,265.0
Ahmedabad,2018-04-05,104.23,740.0
Ahmedabad,2018-04-06,91.04,856.0
Ahmedabad,2018-04-07,90.13,304.0
Ahmedabad,2018-04-08,160.43,657.0
Ahmedabad,2018-04-09,94.55,403.0
Ahmedabad,2018-04-10,124.59,596.0
Ahmedabad,2018-04-11,92.5,392.0
Ahmedabad,2018-04-12,86.29,414.0
Ahmedabad,2018-04-13,104.21,442.0
Ahmedabad,2018-04-14,88.5,438.0
Ahmedabad,2018-04-15,84.47,561.0
Ahmedabad,2018-04-16,73.54,660.0
Ahmedabad,2018-04-17,53.89,616.0
Ahmedabad,2018-04-18,60.08,855.0
Ahmedabad,2018-04-19,53.13,633.0
Ahmedabad,2018-04-20,71.3,274.0
Ahmedabad,2018-04-21,37.9,210.0
Ahmedabad,2018-04-22,78.18,478.0
Ahmedabad,2018-04-23,56.35,465.0
Ahmedabad,2018-04-24,59.66,836.0
Ahmedabad,2018-04-25,114.6,1235.0
Ahmedabad,2018-04-26,74.48,525.0
Ahmedabad,2018-04-27,81.11,525.0
Ahmedabad,2018-04-28,100.39,650.0
Ahmedabad,2018-04-29,39.97,219.0
Ahmedabad,2018-04-30,53.61,328.0
Ahmedabad,2018-05-01,63.06,351.0
Ahmedabad,2018-05-02,46.17,286.0
Ahmedabad,2018-05-03,61.24,337.0
Ahmedabad,2018-05-04,41.81,249.0
Ahmedabad,2018-05-05,55.09,376.0
Ahmedabad,2018-05-06,65.54,415.0
Ahmedabad,2018-05-07,41.04,228.0
Ahmedabad,2018-05-08,49.71,266.0
Ahmedabad,2018-05-09,44.75,257.0
Ahmedabad,2018-05-10,45.84,409.0
Ahmedabad,2018-05-11,76.36,524.0
Ahmedabad,2018-05-12,44.79,222.0
Ahmedabad,2018-05-13,50.16,332.0
Ahmedabad,2018-05-14,49.07,272.0
Ahmedabad,2018-05-15,46.06,232.0
Ahmedabad,2018-05-16,52.82,247.0
Ahmedabad,2018-05-17,53.39,254.0
Ahmedabad,2018-05-18,59.44,236.0
Ahmedabad,2018-05-19,71.01,273.0
Ahmedabad,2018-05-20,59.98,273.0
Ahmedabad,2018-05-21,50.7,256.0
Ahmedabad,2018-05-22,69.87,217.0
Ahmedabad,2018-05-23,61.53,291.0
Ahmedabad,2018-05-24,67.03,314.0
Ahmedabad,2018-05-25,43.37,355.0
Ahmedabad,2018-05-26,60.05,587.0
Ahmedabad,2018-05-27,56.93,535.0
Ahmedabad,2018-05-28,44.14,366.0
Ahmedabad,2018-05-29,69.0,404.0
Ahmedabad,2018-06-01,78.16,355.0
Ahmedabad,2018-06-02,83.27,338.0
Ahmedabad,2018-06-03,63.79,351.0
Ahmedabad,2018-06-04,50.27,280.0
Ahmedabad,2018-06-05,51.54,297.0
Ahmedabad,2018-06-06,54.35,319.0
Ahmedabad,2018-06-07,53.59,247.0
Ahmedabad,2018-06-08,55.77,321.0
Ahmedabad,2018-06-09,63.58,319.0
Ahmedabad,2018-06-10,103.08,345.0
Ahmedabad,2018-06-11,78.25,492.0
Ahmedabad,2018-06-12,77.84,491.0
Ahmedabad,2018-06-13,69.99,503.0
Ahmedabad,2018-06-14,78.7,523.0
Ahmedabad,2018-06-15,59.96,539.0
Ahmedabad,2018-06-16,48.27,492.0
Ahmedabad,2018-06-17,44.81,513.0
Ahmedabad,2018-06-18,55.21,497.0
Ahmedabad,2018-06-19,40.89,433.0
Ahmedabad,2018-06-20,41.59,484.0
Ahmedabad,2018-06-21,39.02,471.0
Ahmedabad,2018-06-22,33.5,502.0
Ahmedabad,2018-06-23,39.42,495.0
Ahmedabad,2018-06-24,46.84,486.0
Ahmedabad,2018-06-25,51.63,524.0
Ahmedabad,2018-06-26,38.12,556.0
Ahmedabad,2018-06-27,27.79,508.0
Ahmedabad,2018-06-28,36.27,413.0
Ahmedabad,2018-06-29,76.41,421.0
Ahmedabad,2018-06-30,62.72,400.0
Ahmedabad,2018-07-01,48.12,361.0
Ahmedabad,2018-07-02,36.8,385.0
Ahmedabad,2018-07-03,41.37,428.0
Ahmedabad,2018-07-04,302.08,440.0
Ahmedabad,2018-07-05,37.15,510.0
Ahmedabad,2018-07-06,59.76,513.0
Ahmedabad,2018-07-07,71.94,365.0
Ahmedabad,2018-07-08,47.95,336.0
Ahmedabad,2018-07-09,55.91,377.0
Ahmedabad,2018-07-10,72.06,442.0
Ahmedabad,2018-07-11,127.23,421.0
Ahmedabad,2018-07-12,127.37,428.0
Ahmedabad,2018-07-13,36.42,472.0
Ahmedabad,2018-07-14,40.97,478.0
Ahmedabad,2018-07-15,33.38,422.0
Ahmedabad,2018-07-16,33.51,347.0
Ahmedabad,2018-07-17,29.56,461.0
Ahmedabad,2018-07-18,21.89,447.0
Ahmedabad,2018-07-19,44.87,486.0
Ahmedabad,2018-07-20,33.16,510.0
Ahmedabad,2018-07-21,45.25,576.0
Ahmedabad,2018-07-22,48.95,485.0
Ahmedabad,2018-07-23,42.89,488.0
Ahmedabad,2018-07-24,48.36,613.0
Ahmedabad,2018-07-25,51.7,577.0
Ahmedabad,2018-07-26,43.18,474.0
Ahmedabad,2018-07-27,35.8,458.0
Ahmedabad,2018-07-28,37.76,428.0
Ahmedabad,2018-07-29,38.1,429.0
Ahmedabad,2018-07-30,39.43,461.0
Ahmedabad,2018-07-31,51.78,450.0
Ahmedabad,2018-08-01,63.4,453.0
Ahmedabad,2018-08-02,58.21,459.0
Ahmedabad,2018-08-03,47.83,468.0
Ahmedabad,2018-08-04,53.64,424.0
Ahmedabad,2018-08-05,48.18,366.0
Ahmedabad,2018-08-06,56.75,465.0
Ahmedabad,2018-08-07,41.21,434.0
Ahmedabad,2018-08-08,37.33,470.0
Ahmedabad,2018-08-09,28.74,455.0
Ahmedabad,2018-08-10,34.05,489.0
Ahmedabad,2018-08-11,28.94,431.0
Ahmedabad,2018-08-12,25.06,402.0
Ahmedabad,2018-08-13,32.05,469.0
Ahmedabad,2018-08-14,44.02,476.0
Ahmedabad,2018-08-15,48.73,459.0
Ahmedabad,2018-08-16,43.54,342.0
Ahmedabad,2018-08-17,28.66,311.0
Ahmedabad,2018-08-18,31.01,467.0
Ahmedabad,2018-08-19,33.95,429.0
Ahmedabad,2018-08-20,33.7,490.0
Ahmedabad,2018-08-21,48.21,445.0
Ahmedabad,2018-08-22,40.66,499.0
Ahmedabad,2018-08-23,38.65,482.0
Ahmedabad,2018-08-24,49.47,527.0
Ahmedabad,2018-08-25,33.2,556.0
Ahmedabad,2018-08-26,34.52,482.0
Ahmedabad,2018-08-27,44.57,597.0
Ahmedabad,2018-08-28,58.92,491.0
Ahmedabad,2018-08-29,51.03,460.0
Ahmedabad,2018-08-30,45.77,510.0
Ahmedabad,2018-08-31,38.22,623.0
Ahmedabad,2018-09-01,34.44,577.0
Ahmedabad,2018-09-02,28.8,440.0
Ahmedabad,2018-09-06,22.14,520.0
Ahmedabad,2018-09-07,19.66,518.0
Ahmedabad,2018-09-08,22.3,524.0
Ahmedabad,2018-09-09,22.33,576.0
Ahmedabad,2018-09-10,18.54,688.0
Ahmedabad,2018-09-11,17.91,521.0
Ahmedabad,2018-09-12,16.28,447.0
Ahmedabad,2018-09-13,21.06,477.0
Ahmedabad,2018-09-14,20.82,481.0
Ahmedabad,2018-09-15,18.18,500.0
Ahmedabad,2018-09-16,21.41,530.0
Ahmedabad,2018-09-17,24.51,696.0
Ahmedabad,2018-09-18,28.15,580.0
Ahmedabad,2018-09-19,23.65,546.0
Ahmedabad,2018-09-20,25.32,631.0
Ahmedabad,2018-09-21,25.87,876.0
Ahmedabad,2018-09-22,22.62,493.0
Ahmedabad,2018-09-23,21.12,410.0
Ahmedabad,2018-09-24,21.79,398.0
Ahmedabad,2018-09-25,18.87,457.0
Ahmedabad,2018-09-26,22.11,428.0
Ahmedabad,2018-09-27,24.07,413.0
Ahmedabad,2018-09-28,25.9,680.0
Ahmedabad,2018-09-29,29.8,787.0
Ahmedabad,2018-09-30,29.37,862.0
Ahmedabad,2018-10-01,33.95,951.0
Ahmedabad,2018-10-02,31.13,712.0
Ahmedabad,2018-10-03,58.28,483.0
Ahmedabad,2018-10-04,63.92,379.0
Ahmedabad,2018-10-05,73.89,214.0
Ahmedabad,2018-10-06,79.37,508.0
Ahmedabad,2018-10-07,78.64,713.0
Ahmedabad,2018-10-08,122.92,688.0
Ahmedabad,2018-10-09,160.05,844.0
Ahmedabad,2018-10-10,113.9,786.0
Ahmedabad,2018-10-11,126.66,664.0
Ahmedabad,2018-10-12,116.02,914.0
Ahmedabad,2018-10-13,96.65,536.0
Ahmedabad,2018-10-14,110.05,403.0
Ahmedabad,2018-10-15,109.84,427.0
Ahmedabad,2018-10-16,140.06,685.0
Ahmedabad,2018-10-17,109.11,558.0
Ahmedabad,2018-10-18,107.26,487.0
Ahmedabad,2018-10-19,105.87,453.0
Ahmedabad,2018-10-20,101.86,559.0
Ahmedabad,2018-10-21,96.15,1291.0
Ahmedabad,2018-10-22,88.58,1350.0
Ahmedabad,2018-10-23,129.98,1561.0
Ahmedabad,2018-10-24,103.71,906.0
Ahmedabad,2018-10-25,121.11,824.0
Ahmedabad,2018-10-26,82.49,578.0
Ahmedabad,2018-10-27,72.93,161.0
Ahmedabad,2018-10-28,94.08,849.0
Ahmedabad,2018-10-29,82.88,574.0
Ahmedabad,2018-10-30,88.69,509.0
Ahmedabad,2018-10-31,82.52,556.0
Ahmedabad,2018-11-01,72.11,669.0
Ahmedabad,2018-11-02,78.48,1217.0
Ahmedabad,2018-11-03,103.22,1033.0
Ahmedabad,2018-11-04,70.39,625.0
Ahmedabad,2018-11-05,107.9,803.0
Ahmedabad,2018-11-06,117.08,741.0
Ahmedabad,2018-11-07,162.18,776.0
Ahmedabad,2018-11-08,205.21,1630.0
Ahmedabad,2018-11-09,165.37,1160.0
Ahmedabad,2018-11-10,110.7,1056.0
Ahmedabad,2018-11-11,143.72,1256.0
Ahmedabad,2018-11-12,91.56,1154.0
Ahmedabad,2018-11-13,133.13,1548.0
Ahmedabad,2018-11-14,143.52,820.0
Ahmedabad,2018-11-15,83.28,688.0
Ahmedabad,2018-11-16,75.58,595.0
Ahmedabad,2018-11-17,93.73,1354.0
Ahmedabad,2018-11-18,127.46,1672.0
Ahmedabad,2018-11-19,98.6,1472.0
Ahmedabad,2018-11-20,84.71,1295.0
Ahmedabad,2018-11-21,86.52,1646.0
Ahmedabad,2018-11-22,90.1,1329.0
Ahmedabad,2018-11-23,68.52,530.0
Ahmedabad,2018-11-24,86.43,798.0
Ahmedabad,2018-11-25,70.51,689.0
Ahmedabad,2018-11-26,78.48,413.0
Ahmedabad,2018-11-27,63.75,415.0
Ahmedabad,2018-11-28,68.3,228.0
Ahmedabad,2018-11-29,91.23,392.0
Ahmedabad,2018-11-30,92.74,657.0
Ahmedabad,2018-12-01,96.58,657.0
Ahmedabad,2018-12-02,91.37,702.0
Ahmedabad,2018-12-03,88.02,488.0
Ahmedabad,2018-12-04,96.82,605.0
Ahmedabad,2018-12-05,96.89,687.0
Ahmedabad,2018-12-06,109.2,714.0
Ahmedabad,2018-12-07,94.95,667.0
Ahmedabad,2018-12-08,75.42,423.0
Ahmedabad,2018-12-09,73.07,417.0
Ahmedabad,2018-12-10,98.25,1158.0
Ahmedabad,2018-12-11,118.16,938.0
Ahmedabad,2018-12-12,95.4,920.0
Ahmedabad,2018-12-13,70.04,336.0
Ahmedabad,2018-12-14,56.71,275.0
Ahmedabad,2018-12-15,59.4,191.0
Ahmedabad,2018-12-16,54.75,172.0
Ahmedabad,2018-12-17,62.18,198.0
Ahmedabad,2018-12-18,238.42,381.0
Ahmedabad,2018-12-19,125.16,800.0
Ahmedabad,2018-12-20,106.45,967.0
Ahmedabad,2018-12-21,92.45,978.0
Ahmedabad,2018-12-22,111.75,1558.0
Ahmedabad,2018-12-23,106.19,1300.0
Ahmedabad,2018-12-24,72.1,355.0
Ahmedabad,2018-12-25,79.15,370.0
Ahmedabad,2018-12-26,94.8,448.0
Ahmedabad,2018-12-27,80.14,1084.0
Ahmedabad,2018-12-28,89.14,1319.0
Ahmedabad,2018-12-29,68.29,379.0
Ahmedabad,2018-12-30,67.75,396.0
Ahmedabad,2018-12-31,80.54,744.0
Ahmedabad,2019-01-01,110.71,1474.0
Ahmedabad,2019-01-02,147.57,1246.0
Ahmedabad,2019-01-03,131.5,1719.0
Ahmedabad,2019-01-04,102.12,1264.0
Ahmedabad,2019-01-05,115.0,1127.0
Ahmedabad,2019-01-06,84.84,908.0
Ahmedabad,2019-01-07,74.62,236.0
Ahmedabad,2019-01-08,89.72,313.0
Ahmedabad,2019-01-09,84.03,471.0
Ahmedabad,2019-01-10,82.79,661.0
Ahmedabad,2019-01-11,76.38,711.0
Ahmedabad,2019-01-12,66.01,854.0
Ahmedabad,2019-01-13,116.42,1258.0
Ahmedabad,2019-01-14,75.49,407.0
Ahmedabad,2019-01-15,66.97,172.0
Ahmedabad,2019-01-16,161.09,116.0
Ahmedabad,2019-01-17,124.45,1302.0
Ahmedabad,2019-01-18,95.15,1275.0
Ahmedabad,2019-01-19,73.58,527.0
Ahmedabad,2019-01-20,86.32,839.0
Ahmedabad,2019-01-21,149.26,1537.0
Ahmedabad,2019-01-22,70.06,547.0
Ahmedabad,2019-01-23,86.59,716.0
Ahmedabad,2019-01-24,74.12,464.0
Ahmedabad,2019-01-25,52.92,302.0
Ahmedabad,2019-01-26,47.26,260.0
Ahmedabad,2019-01-27,52.79,430.0
Ahmedabad,2019-01-28,63.68,477.0
Ahmedabad,2019-01-29,73.37,491.0
Ahmedabad,2019-01-30,55.24,470.0
Ahmedabad,2019-01-31,83.1,847.0
Ahmedabad,2019-02-01,76.87,559.0
Ahmedabad,2019-02-02,47.01,334.0
Ahmedabad,2019-02-03,54.77,346.0
Ahmedabad,2019-02-04,103.13,529.0
Ahmedabad,2019-02-05,117.59,1261.0
Ahmedabad,2019-02-06,50.15,254.0
Ahmedabad,2019-02-07,94.1,308.0
Ahmedabad,2019-02-08,105.03,290.0
Ahmedabad,2019-02-09,46.5,340.0
Ahmedabad,2019-02-10,41.76,492.0
Ahmedabad,2019-02-11,46.91,343.0
Ahmedabad,2019-02-12,59.98,604.0
Ahmedabad,2019-02-13,82.79,1028.0
Ahmedabad,2019-02-14,62.6,755.0
Ahmedabad,2019-02-15,72.53,489.0
Ahmedabad,2019-02-16,44.69,373.0
Ahmedabad,2019-02-17,54.18,914.0
Ahmedabad,2019-02-18,81.84,895.0
Ahmedabad,2019-02-19,46.48,502.0
Ahmedabad,2019-02-20,62.32,834.0
Ahmedabad,2019-02-21,37.26,826.0
Ahmedabad,2019-02-22,37.96,403.0
Ahmedabad,2019-02-23,34.1,253.0
Ahmedabad,2019-02-24,64.5,789.0
Ahmedabad,2019-02-25,50.97,904.0
Ahmedabad,2019-02-26,64.44,467.0
Ahmedabad,2019-02-27,51.5,296.0
Ahmedabad,2019-02-28,33.38,307.0
Ahmedabad,2019-03-01,42.11,350.0
Ahmedabad,2019-03-02,46.35,318.0
Ahmedabad,2019-03-03,61.32,338.0
Ahmedabad,2019-03-04,48.84,276.0
Ahmedabad,2019-03-05,39.23,286.0
Ahmedabad,2019-03-06,45.37,461.0
Ahmedabad,2019-03-07,55.7,824.0
Ahmedabad,2019-03-08,54.11,754.0
Ahmedabad,2019-03-09,52.68,926.0
Ahmedabad,2019-03-10,44.12,280.0
Ahmedabad,2019-03-11,46.52,310.0
Ahmedabad,2019-03-12,57.06,606.0
Ahmedabad,2019-03-13,84.14,632.0
Ahmedabad,2019-03-14,52.24,262.0
Ahmedabad,2019-03-15,62.44,428.0
Ahmedabad,2019-03-16,66.97,625.0
Ahmedabad,2019-03-17,75.05,321.0
Ahmedabad,2019-03-18,60.5,353.0
Ahmedabad,2019-03-19,88.33,1017.0
Ahmedabad,2019-03-20,78.11,876.0
Ahmedabad,2019-03-21,62.04,380.0
Ahmedabad,2019-03-22,73.98,730.0
Ahmedabad,2019-03-23,75.84,998.0
Ahmedabad,2019-03-24,92.21,917.0
Ahmedabad,2019-03-25,64.71,402.0
Ahmedabad,2019-03-26,67.44,404.0
Ahmedabad,2019-03-27,69.51,559.0
Ahmedabad,2019-03-28,112.44,1459.0
Ahmedabad,2019-03-29,133.21,1222.0
Ahmedabad,2019-03-30,89.74,869.0
Ahmedabad,2019-03-31,74.35,471.0
Ahmedabad,2019-04-01,96.96,353.0
Ahmedabad,2019-04-02,122.78,679.0
Ahmedabad,2019-04-03,109.21,688.0
Ahmedabad,2019-04-04,94.41,1044.0
Ahmedabad,2019-04-05,97.92,537.0
Ahmedabad,2019-04-06,97.68,420.0
Ahmedabad,2019-04-07,99.9,534.0
Ahmedabad,2019-04-08,78.55,472.0
Ahmedabad,2019-04-09,73.58,493.0
Ahmedabad,2019-04-10,64.02,566.0
Ahmedabad,2019-04-11,81.22,1121.0
Ahmedabad,2019-04-12,75.74,944.0
Ahmedabad,2019-04-13,70.14,395.0
Ahmedabad,2019-04-14,67.2,406.0
Ahmedabad,2019-04-15,225.49,649.0
Ahmedabad,2019-04-16,182.46,428.0
Ahmedabad,2019-04-17,95.69,392.0
Ahmedabad,2019-04-18,93.12,274.0
Ahmedabad,2019-04-19,64.3,354.0
Ahmedabad,2019-04-20,81.71,419.0
Ahmedabad,2019-04-21,66.39,1205.0
Ahmedabad,2019-04-22,92.59,778.0
Ahmedabad,2019-04-23,84.47,730.0
Ahmedabad,2019-04-24,76.98,608.0
Ahmedabad,2019-04-28,91.99,1346.0
Ahmedabad,2019-04-29,110.7,1015.0
Ahmedabad,2019-04-30,132.76,255.0
Ahmedabad,2019-05-01,113.47,518.0
Ahmedabad,2019-05-02,101.68,604.0
Ahmedabad,2019-05-03,86.07,315.0
Ahmedabad,2019-05-04,72.58,326.0
Ahmedabad,2019-05-05,81.79,449.0
Ahmedabad,2019-05-06,72.54,455.0
Ahmedabad,2019-05-07,58.71,398.0
Ahmedabad,2019-05-08,72.51,346.0
Ahmedabad,2019-05-09,43.83,291.0
Ahmedabad,2019-05-15,37.55,281.0
Ahmedabad,2019-05-16,33.97,330.0
Ahmedabad,2019-05-17,35.48,356.0
Ahmedabad,2019-05-18,34.11,359.0
Ahmedabad,2019-05-19,33.69,547.0
Ahmedabad,2019-05-20,42.31,813.0
Ahmedabad,2019-05-21,24.6,321.0
Ahmedabad,2019-05-22,27.93,270.0
Ahmedabad,2019-05-23,41.39,323.0
Ahmedabad,2019-05-24,46.79,344.0
Ahmedabad,2019-05-25,51.63,404.0
Ahmedabad,2019-05-26,63.15,558.0
Ahmedabad,2019-05-27,57.47,435.0
Ahmedabad,2019-05-28,50.27,440.0
Ahmedabad,2019-05-29,42.02,374.0
Ahmedabad,2019-05-30,48.74,515.0
Ahmedabad,2019-05-31,46.51,360.0
Ahmedabad,2019-06-01,48.1,467.0
Ahmedabad,2019-06-02,41.38,402.0
Ahmedabad,2019-06-03,46.46,419.0
Ahmedabad,2019-06-04,39.68,408.0
Ahmedabad,2019-06-05,38.27,402.0
Ahmedabad,2019-06-06,35.06,303.0
Ahmedabad,2019-06-07,30.07,354.0
Ahmedabad,2019-06-08,48.74,358.0
Ahmedabad,2019-06-09,35.3,324.0
Ahmedabad,2019-06-10,34.31,360.0
Ahmedabad,2019-06-11,33.97,348.0
Ahmedabad,2019-06-12,41.08,333.0
Ahmedabad,2019-06-13,25.56,321.0
Ahmedabad,2019-06-14,26.75,338.0
Ahmedabad,2019-06-15,32.71,369.0
Ahmedabad,2019-06-16,32.79,397.0
Ahmedabad,2019-06-17,28.02,414.0
Ahmedabad,2019-06-18,26.92,363.0
Ahmedabad,2019-06-19,69.38,371.0
Ahmedabad,2019-06-20,42.08,565.0
Ahmedabad,2019-06-21,35.67,348.0
Ahmedabad,2019-06-22,63.09,184.0
Ahmedabad,2019-06-23,46.13,328.0
Ahmedabad,2019-06-24,57.49,440.0
Ahmedabad,2019-06-25,49.23,411.0
Ahmedabad,2019-06-26,70.03,469.0
Ahmedabad,2019-06-27,60.03,436.0
Ahmedabad,2019-06-28,49.43,517.0
Ahmedabad,2019-06-29,59.63,640.0
Ahmedabad,2019-06-30,53.13,465.0
Ahmedabad,2019-07-01,43.22,486.0
Ahmedabad,2019-07-02,44.75,446.0
Ahmedabad,2019-07-03,44.27,426.0
Ahmedabad,2019-07-04,47.77,534.0
Ahmedabad,2019-07-05,47.88,610.0
Ahmedabad,2019-07-06,47.71,491.0
Ahmedabad,2019-07-07,34.72,451.0
Ahmedabad,2019-07-08,37.99,509.0
Ahmedabad,2019-07-09,41.69,491.0
Ahmedabad,2019-07-10,45.31,524.0
Ahmedabad,2019-07-11,43.48,575.0
Ahmedabad,2019-07-12,41.97,490.0
Ahmedabad,2019-07-13,38.49,503.0
Ahmedabad,2019-07-14,41.7,469.0
Ahmedabad,2019-07-15,42.43,455.0
Ahmedabad,2019-07-16,38.99,488.0
Ahmedabad,2019-07-17,34.92,513.0
Ahmedabad,2019-07-18,32.7,466.0
Ahmedabad,2019-07-19,44.65,429.0
Ahmedabad,2019-07-20,51.63,459.0
Ahmedabad,2019-07-21,48.67,385.0
Ahmedabad,2019-07-22,37.73,309.0
Ahmedabad,2019-07-23,73.98,587.0
Ahmedabad,2019-07-24,52.55,482.0
Ahmedabad,2019-07-25,48.26,502.0
Ahmedabad,2019-07-26,46.8,469.0
Ahmedabad,2019-07-27,39.43,413.0
Ahmedabad,2019-07-28,47.55,478.0
Ahmedabad,2019-07-29,43.84,515.0
Ahmedabad,2019-07-30,41.45,461.0
Ahmedabad,2019-08-01,47.31,957.0
Ahmedabad,2019-08-02,56.72,685.0
Ahmedabad,2019-08-03,45.43,492.0
Ahmedabad,2019-08-04,37.7,464.0
Ahmedabad,2019-08-05,43.43,477.0
Ahmedabad,2019-08-06,50.53,564.0
Ahmedabad,2019-08-07,60.09,545.0
Ahmedabad,2019-08-08,57.61,530.0
Ahmedabad,2019-08-09,44.1,448.0
Ahmedabad,2019-08-10,22.26,440.0
Ahmedabad,2019-08-11,37.97,452.0
Ahmedabad,2019-08-12,46.3,573.0
Ahmedabad,2019-08-13,41.77,467.0
Ahmedabad,2019-08-14,47.52,492.0
Ahmedabad,2019-08-15,50.55,471.0
Ahmedabad,2019-08-16,27.6,505.0
Ahmedabad,2019-08-17,41.4,473.0
Ahmedabad,2019-08-18,44.46,539.0
Ahmedabad,2019-08-19,39.88,627.0
Ahmedabad,2019-08-20,46.58,466.0
Ahmedabad,2019-08-21,36.44,465.0
Ahmedabad,2019-08-22,45.37,462.0
Ahmedabad,2019-08-23,47.67,523.0
Ahmedabad,2019-08-24,41.31,385.0
Ahmedabad,2019-08-25,30.82,360.0
Ahmedabad,2019-08-26,45.77,532.0
Ahmedabad,2019-08-27,58.51,651.0
Ahmedabad,2019-08-28,36.1,434.0
Ahmedabad,2019-08-29,38.5,517.0
Ahmedabad,2019-08-30,40.53,563.0
Ahmedabad,2019-08-31,37.05,464.0
Ahmedabad,2019-09-01,31.28,420.0
Ahmedabad,2019-09-02,25.64,419.0
Ahmedabad,2019-09-03,40.18,447.0
Ahmedabad,2019-09-04,39.16,401.0
Ahmedabad,2019-09-05,45.55,446.0
Ahmedabad,2019-09-06,55.43,432.0
Ahmedabad,2019-09-07,35.05,454.0
Ahmedabad,2019-09-08,33.15,408.0
Ahmedabad,2019-09-09,38.7,381.0
Ahmedabad,2019-09-10,45.2,468.0
Ahmedabad,2019-09-14,59.96,629.0
Ahmedabad,2019-09-15,66.21,793.0
Ahmedabad,2019-09-16,38.0,495.0
Ahmedabad,2019-09-17,44.41,528.0
Ahmedabad,2019-09-18,50.66,570.0
Ahmedabad,2019-09-19,73.61,708.0
Ahmedabad,2019-09-20,27.17,314.0
Ahmedabad,2019-09-21,39.27,386.0
Ahmedabad,2019-09-22,45.4,356.0
Ahmedabad,2019-09-23,59.74,398.0
Ahmedabad,2019-09-24,58.49,476.0
Ahmedabad,2019-09-25,61.46,572.0
Ahmedabad,2019-09-26,39.34,427.0
Ahmedabad,2019-09-27,28.2,466.0
Ahmedabad,2019-09-28,30.18,438.0
Ahmedabad,2019-09-29,20.71,432.0
Ahmedabad,2019-09-30,21.94,322.0
Ahmedabad,2019-10-01,33.66,266.0
Ahmedabad,2019-10-02,51.11,430.0
Ahmedabad,2019-10-03,57.08,528.0
Ahmedabad,2019-10-04,49.88,512.0
Ahmedabad,2019-10-05,57.65,614.0
Ahmedabad,2019-10-06,68.62,954.0
Ahmedabad,2019-10-07,99.81,1217.0
Ahmedabad,2019-10-08,73.52,659.0
Ahmedabad,2019-10-09,108.07,1389.0
Ahmedabad,2019-10-10,117.13,1195.0
Ahmedabad,2019-10-11,70.26,615.0
Ahmedabad,2019-10-12,109.48,904.0
Ahmedabad,2019-10-13,194.36,1595.0
Ahmedabad,2019-10-15,96.74,919.0
Ahmedabad,2019-10-16,90.7,1190.0
Ahmedabad,2019-10-17,100.06,956.0
Ahmedabad,2019-10-18,109.01,1124.0
Ahmedabad,2019-10-19,87.87,318.0
Ahmedabad,2019-10-20,89.05,228.0
Ahmedabad,2019-10-21,81.62,225.0
Ahmedabad,2019-10-22,84.9,258.0
Ahmedabad,2019-10-23,46.84,249.0
Ahmedabad,2019-10-24,53.59,270.0
Ahmedabad,2019-10-25,82.74,334.0
Ahmedabad,2019-10-26,62.7,273.0
Ahmedabad,2019-10-27,57.54,199.0
Ahmedabad,2019-10-28,75.12,212.0
Ahmedabad,2019-10-29,37.74,200.0
Ahmedabad,2019-10-30,20.1,305.0
Ahmedabad,2019-10-31,54.57,502.0
Ahmedabad,2019-11-01,63.17,362.0
Ahmedabad,2019-11-02,42.27,275.0
Ahmedabad,2019-11-03,33.68,351.0
Ahmedabad,2019-11-04,69.31,636.0
Ahmedabad,2019-11-05,84.29,346.0
Ahmedabad,2019-11-06,112.08,561.0
Ahmedabad,2019-11-07,56.86,358.0
Ahmedabad,2019-11-08,64.96,316.0
Ahmedabad,2019-11-09,48.99,358.0
Ahmedabad,2019-11-10,68.07,282.0
Ahmedabad,2019-11-11,84.08,289.0
Ahmedabad,2019-11-12,100.47,733.0
Ahmedabad,2019-11-13,88.0,638.0
Ahmedabad,2019-11-14,49.19,415.0
Ahmedabad,2019-11-15,43.56,411.0
Ahmedabad,2019-11-16,70.05,433.0
Ahmedabad,2019-11-17,58.66,632.0
Ahmedabad,2019-11-18,62.15,883.0
Ahmedabad,2019-11-19,52.04,884.0
Ahmedabad,2019-11-20,46.54,552.0
Ahmedabad,2019-11-21,55.43,662.0
Ahmedabad,2019-11-22,55.5,356.0
Ahmedabad,2019-11-23,58.97,477.0
Ahmedabad,2019-11-24,60.38,443.0
Ahmedabad,2019-11-25,73.87,378.0
Ahmedabad,2019-11-26,64.06,441.0
Ahmedabad,2019-11-27,53.91,411.0
Ahmedabad,2019-11-28,38.15,236.0
Ahmedabad,2019-11-29,48.47,212.0
Ahmedabad,2019-11-30,46.95,199.0
Ahmedabad,2019-12-01,43.06,248.0
Ahmedabad,2019-12-02,46.74,192.0
Ahmedabad,2019-12-03,41.61,134.0
Ahmedabad,2019-12-04,77.66,140.0
Ahmedabad,2019-12-05,65.48,197.0
Ahmedabad,2019-12-06,64.87,344.0
Ahmedabad,2019-12-07,93.24,276.0
Ahmedabad,2019-12-08,92.26,293.0
Ahmedabad,2019-12-09,78.95,329.0
Ahmedabad,2019-12-10,86.88,458.0
Ahmedabad,2019-12-11,72.3,538.0
Ahmedabad,2019-12-12,62.39,520.0
Ahmedabad,2019-12-13,52.59,242.0
Ahmedabad,2019-12-14,63.33,157.0
Ahmedabad,2019-12-15,48.58,177.0
Ahmedabad,2019-12-16,45.47,145.0
Ahmedabad,2019-12-17,54.42,237.0
Ahmedabad,2019-12-18,72.45,231.0
Ahmedabad,2019-12-19,89.97,391.0
Ahmedabad,2019-12-20,104.25,712.0
Ahmedabad,2019-12-21,64.25,206.0
Ahmedabad,2019-12-22,60.17,170.0
Ahmedabad,2019-12-23,57.99,113.0
Ahmedabad,2019-12-24,49.63,113.0
Ahmedabad,2019-12-25,53.0,166.0
Ahmedabad,2019-12-26,52.77,216.0
Ahmedabad,2019-12-27,39.89,381.0
Ahmedabad,2019-12-28,43.95,288.0
Ahmedabad,2019-12-29,53.52,398.0
Ahmedabad,2019-12-30,69.1,703.0
Ahmedabad,2019-12-31,74.18,385.0
Ahmedabad,2020-01-01,79.57,216.0
Ahmedabad,2020-01-02,72.59,162.0
Ahmedabad,2020-01-03,69.54,220.0
Ahmedabad,2020-01-04,66.2,254.0
Ahmedabad,2020-01-05,55.99,255.0
Ahmedabad,2020-01-06,46.96,175.0
Ahmedabad,2020-01-07,70.06,285.0
Ahmedabad,2020-01-08,61.4,157.0
Ahmedabad,2020-01-09,38.89,129.0
Ahmedabad,2020-01-10,56.14,129.0
Ahmedabad,2020-01-11,59.96,114.0
Ahmedabad,2020-01-12,83.9,212.0
Ahmedabad,2020-01-13,89.34,368.0
Ahmedabad,2020-01-14,39.83,189.0
Ahmedabad,2020-01-15,53.27,142.0
Ahmedabad,2020-01-16,40.07,152.0
Ahmedabad,2020-01-17,80.24,334.0
Ahmedabad,2020-01-18,59.51,547.0
Ahmedabad,2020-01-19,36.05,375.0
Ahmedabad,2020-01-20,36.21,384.0
Ahmedabad,2020-01-21,51.15,529.0
Ahmedabad,2020-01-22,51.32,449.0
Ahmedabad,2020-01-23,38.71,483.0
Ahmedabad,2020-01-28,18.03,289.0
Ahmedabad,2020-01-29,28.77,204.0
Ahmedabad,2020-01-30,41.74,528.0
Ahmedabad,2020-01-31,57.28,660.0
Ahmedabad,2020-02-01,88.79,483.0
Ahmedabad,2020-02-02,52.31,336.0
Ahmedabad,2020-02-03,68.19,272.0
Ahmedabad,2020-02-04,80.59,571.0
Ahmedabad,2020-02-05,77.56,568.0
Ahmedabad,2020-02-06,56.5,387.0
Ahmedabad,2020-02-07,66.87,322.0
Ahmedabad,2020-02-08,95.25,652.0
Ahmedabad,2020-02-09,69.85,215.0
Ahmedabad,2020-02-10,64.94,223.0
Ahmedabad,2020-02-11,79.58,340.0
Ahmedabad,2020-02-12,83.67,475.0
Ahmedabad,2020-02-13,88.83,974.0
Ahmedabad,2020-02-14,50.55,412.0
Ahmedabad,2020-02-15,73.04,480.0
Ahmedabad,2020-02-16,59.47,388.0
Ahmedabad,2020-02-17,62.48,543.0
Ahmedabad,2020-02-18,85.33,1226.0
Ahmedabad,2020-02-19,114.79,1291.0
Ahmedabad,2020-02-20,65.74,493.0
Ahmedabad,2020-02-21,60.61,407.0
Ahmedabad,2020-02-22,36.35,168.0
Ahmedabad,2020-02-23,54.06,219.0
Ahmedabad,2020-02-24,68.68,282.0
Ahmedabad,2020-02-25,73.18,528.0
Ahmedabad,2020-02-26,137.81,983.0
Ahmedabad,2020-02-27,94.27,1262.0
Ahmedabad,2020-02-28,79.68,962.0
Ahmedabad,2020-02-29,53.86,421.0
Ahmedabad,2020-03-01,53.06,475.0
Ahmedabad,2020-03-02,56.2,508.0
Ahmedabad,2020-03-03,77.58,460.0
Ahmedabad,2020-03-04,49.16,246.0
Ahmedabad,2020-03-05,43.75,261.0
Ahmedabad,2020-03-06,54.05,308.0
Ahmedabad,2020-03-07,51.32,359.0
Ahmedabad,2020-03-08,35.04,325.0
Ahmedabad,2020-03-09,37.02,170.0
Ahmedabad,2020-03-10,37.67,116.0
Ahmedabad,2020-03-11,31.12,152.0
Ahmedabad,2020-03-12,41.19,218.0
Ahmedabad,2020-03-13,41.72,302.0
Ahmedabad,2020-03-14,39.57,170.0
Ahmedabad,2020-03-15,39.42,215.0
Ahmedabad,2020-03-16,36.03,222.0
Ahmedabad,2020-03-17,53.07,310.0
Ahmedabad,2020-03-18,58.54,487.0
Ahmedabad,2020-03-19,101.09,988.0
Ahmedabad,2020-03-21,74.43,296.0
Ahmedabad,2020-03-22,48.16,180.0
Ahmedabad,2020-03-23,44.61,247.0
Ahmedabad,2020-03-24,31.89,135.0
Ahmedabad,2020-03-25,33.25,195.0
Ahmedabad,2020-03-26,43.67,216.0
Ahmedabad,2020-03-27,22.93,193.0
Ahmedabad,2020-03-28,37.73,160.0
Ahmedabad,2020-03-29,20.67,125.0
Ahmedabad,2020-03-30,28.55,140.0
Ahmedabad,2020-03-31,29.97,145.0
Ahmedabad,2020-04-01,24.79,153.0
Ahmedabad,2020-04-02,25.52,164.0
Ahmedabad,2020-04-03,33.48,173.0
Ahmedabad,2020-04-04,39.44,182.0
Ahmedabad,2020-04-05,43.77,152.0
Ahmedabad,2020-04-06,46.64,145.0
Ahmedabad,2020-04-07,45.8,159.0
Ahmedabad,2020-04-08,36.3,183.0
Ahmedabad,2020-04-09,32.12,168.0
Ahmedabad,2020-04-10,30.73,113.0
Ahmedabad,2020-04-11,30.18,89.0
Ahmedabad,2020-04-12,26.7,101.0
Ahmedabad,2020-04-13,18.77,95.0
Ahmedabad,2020-04-14,31.16,89.0
Ahmedabad,2020-04-15,23.69,88.0
Ahmedabad,2020-04-16,38.65,95.0
Ahmedabad,2020-04-17,30.8,92.0
Ahmedabad,2020-04-18,30.69,96.0
Ahmedabad,2020-04-19,21.27,99.0
Ahmedabad,2020-04-20,29.84,86.0
Ahmedabad,2020-04-21,27.81,87.0
Ahmedabad,2020-04-22,32.11,101.0
Ahmedabad,2020-04-23,31.67,106.0
Ahmedabad,2020-04-24,27.19,110.0
Ahmedabad,2020-04-25,28.25,98.0
Ahmedabad,2020-04-26,25.91,101.0
Ahmedabad,2020-04-27,31.76,117.0
Ahmedabad,2020-04-28,32.55,130.0
Ahmedabad,2020-04-29,27.15,122.0
Ahmedabad,2020-04-30,26.93,128.0
Ahmedabad,2020-05-01,28.71,128.0
Ahmedabad,2020-05-02,22.56,131.0
Ahmedabad,2020-05-03,23.82,121.0
Ahmedabad,2020-05-04,23.73,130.0
Ahmedabad,2020-05-05,33.47,143.0
Ahmedabad,2020-05-06,26.52,146.0
Ahmedabad,2020-05-07,30.45,135.0
Ahmedabad,2020-05-08,26.79,127.0
Ahmedabad,2020-05-09,23.79,122.0
Ahmedabad,2020-05-10,26.17,125.0
Ahmedabad,2020-05-11,21.31,125.0
Ahmedabad,2020-05-12,21.94,135.0
Ahmedabad,2020-05-13,23.19,117.0
Ahmedabad,2020-05-14,21.9,127.0
Ahmedabad,2020-05-15,19.15,125.0
Ahmedabad,2020-05-16,35.75,136.0
Ahmedabad,2020-05-17,27.28,137.0
Ahmedabad,2020-05-18,20.85,133.0
Ahmedabad,2020-05-19,23.98,133.0
Ahmedabad,2020-05-20,25.6,132.0
Ahmedabad,2020-05-21,33.35,130.0
Ahmedabad,2020-05-22,31.38,142.0
Ahmedabad,2020-05-23,29.26,135.0
Ahmedabad,2020-05-24,25.47,140.0
Ahmedabad,2020-05-25,24.84,126.0
Ahmedabad,2020-05-26,29.78,126.0
Ahmedabad,2020-05-27,31.25,123.0
Ahmedabad,2020-05-28,30.7,117.0
Ahmedabad,2020-05-29,23.91,126.0
Ahmedabad,2020-05-30,25.71,112.0
Ahmedabad,2020-05-31,22.83,104.0
Ahmedabad,2020-06-01,31.02,126.0
Ahmedabad,2020-06-02,131.88,152.0
Ahmedabad,2020-06-04,26.08,101.0
Ahmedabad,2020-06-05,30.72,92.0
Ahmedabad,2020-06-06,33.19,95.0
Ahmedabad,2020-06-07,20.67,93.0
Ahmedabad,2020-06-08,22.92,97.0
Ahmedabad,2020-06-09,21.17,84.0
Ahmedabad,2020-06-10,23.62,101.0
Ahmedabad,2020-06-11,20.4,92.0
Ahmedabad,2020-06-12,21.4,105.0
Ahmedabad,2020-06-13,21.72,98.0
Ahmedabad,2020-06-14,24.1,96.0
Ahmedabad,2020-06-15,21.21,96.0
Ahmedabad,2020-06-16,31.49,80.0
Ahmedabad,2020-06-17,14.79,95.0
Ahmedabad,2020-06-19,17.65,108.0
Ahmedabad,2020-06-20,22.9,124.0
Ahmedabad,2020-06-21,24.28,106.0
Ahmedabad,2020-06-22,19.02,75.0
Ahmedabad,2020-06-23,22.2,85.0
Ahmedabad,2020-06-24,30.29,91.0
Ahmedabad,2020-06-25,32.56,95.0
Ahmedabad,2020-06-26,36.48,93.0
Ahmedabad,2020-06-27,62.12,92.0
Ahmedabad,2020-06-28,31.57,82.0
Ahmedabad,2020-06-29,29.75,74.0
Ahmedabad,2020-06-30,40.02,98.0
Ahmedabad,2020-07-01,37.63,119.0
Amaravati,2017-11-25,81.4,184.0
Amaravati,2017-11-26,78.32,197.0
Amaravati,2017-11-27,88.76,198.0
Amaravati,2017-11-28,64.18,188.0
Amaravati,2017-11-29,72.47,173.0
Amaravati,2017-11-30,69.8,165.0
Amaravati,2017-12-01,73.96,191.0
Amaravati,2017-12-02,89.9,191.0
Amaravati,2017-12-03,87.14,227.0
Amaravati,2017-12-04,84.64,168.0
Amaravati,2017-12-05,88.36,198.0
Amaravati,2017-12-06,96.83,201.0
Amaravati,2017-12-07,117.46,252.0
Amaravati,2017-12-08,122.88,310.0
Amaravati,2017-12-09,74.28,196.0
Amaravati,2017-12-10,50.32,132.0
Amaravati,2017-12-11,58.47,147.0
Amaravati,2017-12-12,89.35,179.0
Amaravati,2017-12-13,64.42,145.0
Amaravati,2017-12-14,69.4,115.0
Amaravati,2017-12-15,71.07,140.0
Amaravati,2017-12-16,79.76,156.0
Amaravati,2017-12-17,108.06,225.0
Amaravati,2017-12-18,100.75,251.0
Amaravati,2017-12-19,106.25,228.0
Amaravati,2017-12-20,83.79,223.0
Amaravati,2017-12-21,79.98,170.0
Amaravati,2017-12-22,76.27,165.0
Amaravati,2017-12-23,86.5,159.0
Amaravati,2017-12-24,100.62,232.0
Amaravati,2017-12-25,110.73,242.0
Amaravati,2017-12-26,107.7,274.0
Amaravati,2017-12-27,104.81,259.0
Amaravati,2017-12-28,89.95,225.0
Amaravati,2017-12-29,74.58,177.0
Amaravati,2017-12-30,56.68,120.0
Amaravati,2017-12-31,61.03,120.0
Amaravati,2018-01-01,59.03,120.0
Amaravati,2018-01-02,61.88,132.0
Amaravati,2018-01-03,71.57,136.0
Amaravati,2018-01-04,92.44,182.0
Amaravati,2018-01-05,92.9,222.0
Amaravati,2018-01-06,85.15,230.0
Amaravati,2018-01-07,81.47,224.0
Amaravati,2018-01-08,81.58,217.0
Amaravati,2018-01-09,79.56,230.0
Amaravati,2018-01-10,87.43,229.0
Amaravati,2018-01-11,87.33,229.0
Amaravati,2018-01-12,110.39,235.0
Amaravati,2018-01-13,77.51,214.0
Amaravati,2018-01-14,86.96,186.0
Amaravati,2018-01-15,76.29,172.0
Amaravati,2018-01-16,67.06,138.0
Amaravati,2018-01-17,68.34,125.0
Amaravati,2018-01-18,66.28,132.0
Amaravati,2018-01-19,64.98,111.0
Amaravati,2018-01-20,75.46,137.0
Amaravati,2018-01-21,81.58,172.0
Amaravati,2018-01-22,78.27,160.0
Amaravati,2018-01-23,79.01,163.0
Amaravati,2018-01-24,77.98,165.0
Amaravati,2018-01-25,77.96,139.0
Amaravati,2018-01-26,79.04,176.0
Amaravati,2018-01-27,77.78,162.0
Amaravati,2018-01-28,76.48,160.0
Amaravati,2018-01-29,74.2,142.0
Amaravati,2018-01-30,78.23,172.0
Amaravati,2018-01-31,68.53,134.0
Amaravati,2018-02-01,62.08,136.0
Amaravati,2018-02-02,50.64,130.0
Amaravati,2018-02-03,44.21,111.0
Amaravati,2018-02-04,50.71,117.0
Amaravati,2018-02-05,42.27,102.0
Amaravati,2018-02-06,39.41,108.0
Amaravati,2018-02-07,50.56,99.0
Amaravati,2018-02-08,50.54,121.0
Amaravati,2018-02-09,26.22,86.0
Amaravati,2018-02-10,31.83,57.0
Amaravati,2018-02-11,70.26,107.0
Amaravati,2018-02-12,59.47,118.0
Amaravati,2018-02-13,58.71,110.0
Amaravati,2018-02-14,56.29,114.0
Amaravati,2018-02-15,50.41,111.0
Amaravati,2018-02-16,57.53,117.0
Amaravati,2018-02-17,43.82,107.0
Amaravati,2018-02-18,42.71,87.0
Amaravati,2018-02-19,54.73,89.0
Amaravati,2018-02-20,50.91,97.0
Amaravati,2018-02-21,38.5,100.0
Amaravati,2018-02-22,32.21,105.0
Amaravati,2018-02-23,35.36,114.0
Amaravati,2018-02-24,59.65,116.0
Amaravati,2018-02-25,46.16,116.0
Amaravati,2018-02-26,34.31,98.0
Amaravati,2018-02-27,39.52,116.0
Amaravati,2018-02-28,43.08,108.0
Amaravati,2018-03-01,38.1,100.0
Amaravati,2018-03-02,33.08,92.0
Amaravati,2018-03-03,29.7,80.0
Amaravati,2018-03-04,38.67,88.0
Amaravati,2018-03-05,30.04,83.0
Amaravati,2018-03-06,39.72,100.0
Amaravati,2018-03-07,38.21,81.0
Amaravati,2018-03-08,58.31,112.0
Amaravati,2018-03-09,62.49,113.0
Amaravati,2018-03-10,49.04,105.0
Amaravati,2018-03-11,41.67,88.0
Amaravati,2018-03-12,32.44,78.0
Amaravati,2018-03-13,26.43,78.0
Amaravati,2018-03-14,25.08,69.0
Amaravati,2018-03-15,26.09,60.0
Amaravati,2018-03-16,16.62,51.0
Amaravati,2018-03-17,49.58,61.0
Amaravati,2018-03-18,43.52,90.0
Amaravati,2018-03-19,39.83,74.0
Amaravati,2018-03-20,36.89,76.0
Amaravati,2018-03-22,52.69,92.0
Amaravati,2018-03-23,46.48,93.0
Amaravati,2018-03-24,44.22,88.0
Amaravati,2018-03-25,35.91,75.0
Amaravati,2018-03-26,39.05,79.0
Amaravati,2018-03-27,30.21,74.0
Amaravati,2018-03-28,31.14,62.0
Amaravati,2018-03-29,26.82,53.0
Amaravati,2018-03-30,26.34,53.0
Amaravati,2018-03-31,28.48,55.0
Amaravati,2018-04-01,21.83,52.0
Amaravati,2018-04-02,24.23,55.0
Amaravati,2018-04-03,22.29,56.0
Amaravati,2018-04-04,25.28,56.0
Amaravati,2018-04-05,19.68,52.0
Amaravati,2018-04-07,24.4,76.0
Amaravati,2018-04-08,20.05,76.0
Amaravati,2018-04-09,23.72,81.0
Amaravati,2018-04-10,26.12,59.0
Amaravati,2018-04-13,7.16,46.0
Amaravati,2018-04-14,7.97,40.0
Amaravati,2018-04-15,6.48,33.0
Amaravati,2018-04-16,7.2,49.0
Amaravati,2018-04-17,8.27,32.0
Amaravati,2018-04-19,9.21,42.0
Amaravati,2018-04-21,19.78,53.0
Amaravati,2018-04-22,8.85,47.0
Amaravati,2018-04-25,18.48,79.0
Amaravati,2018-04-27,11.04,47.0
Amaravati,2018-04-28,9.74,51.0
Amaravati,2018-04-29,10.35,52.0
Amaravati,2018-05-01,22.81,88.0
Amaravati,2018-05-02,28.54,78.0
Amaravati,2018-05-03,18.46,90.0
Amaravati,2018-05-04,23.9,43.0
Amaravati,2018-05-09,14.42,55.0
Amaravati,2018-05-11,12.42,52.0
Amaravati,2018-05-13,16.78,84.0
Amaravati,2018-05-14,19.77,95.0
Amaravati,2018-05-15,22.63,58.0
Amaravati,2018-05-17,15.2,125.0
Amaravati,2018-05-18,9.58,192.0
Amaravati,2018-05-20,16.44,81.0
Amaravati,2018-05-22,13.23,65.0
Amaravati,2018-05-24,25.62,86.0
Amaravati,2018-05-25,40.32,62.0
Amaravati,2018-05-26,13.07,78.0
Amaravati,2018-05-27,16.56,114.0
Amaravati,2018-05-28,19.57,103.0
Amaravati,2018-05-29,30.96,134.0
Amaravati,2018-05-30,32.1,168.0
Amaravati,2018-05-31,31.82,150.0
Amaravati,2018-06-01,37.5,127.0
Amaravati,2018-06-02,23.25,106.0
Amaravati,2018-06-03,27.42,129.0
Amaravati,2018-06-04,31.26,136.0
Amaravati,2018-06-05,28.12,155.0
Amaravati,2018-06-06,32.33,87.0
Amaravati,2018-06-07,19.29,84.0
Amaravati,2018-06-08,17.99,85.0
Amaravati,2018-06-09,12.72,91.0
Amaravati,2018-06-10,13.65,76.0
Amaravati,2018-06-11,17.64,60.0
Amaravati,2018-06-12,23.43,69.0
Amaravati,2018-06-13,25.92,64.0
Amaravati,2018-06-14,32.7,98.0
Amaravati,2018-06-15,31.58,128.0
Amaravati,2018-06-16,22.9,113.0
Amaravati,2018-06-17,24.23,87.0
Amaravati,2018-06-18,17.92,79.0
Amaravati,2018-06-19,17.38,69.0
Amaravati,2018-06-20,19.06,78.0
Amaravati,2018-06-21,18.81,88.0
Amaravati,2018-06-22,18.69,101.0
Amaravati,2018-06-23,17.85,80.0
Amaravati,2018-06-24,18.09,89.0
Amaravati,2018-06-25,18.93,71.0
Amaravati,2018-06-26,16.86,68.0
Amaravati,2018-06-27,16.85,56.0
Amaravati,2018-06-28,16.46,65.0
Amaravati,2018-06-29,18.4,66.0
Amaravati,2018-06-30,20.31,96.0
Amaravati,2018-07-01,23.99,68.0
Amaravati,2018-07-02,20.36,76.0
Amaravati,2018-07-03,15.08,70.0
Amaravati,2018-07-04,19.42,75.0
Amaravati,2018-07-05,13.93,73.0
Amaravati,2018-07-06,18.29,85.0
Amaravati,2018-07-07,17.25,83.0
Amaravati,2018-07-08,13.43,73.0
Amaravati,2018-07-09,16.83,75.0
Amaravati,2018-07-10,18.16,63.0
Amaravati,2018-07-11,16.89,62.0
Amaravati,2018-07-12,15.95,79.0
Amaravati,2018-07-13,14.05,37.0
Amaravati,2018-07-14,9.85,35.0
Amaravati,2018-07-15,8.68,31.0
Amaravati,2018-07-16,7.5,29.0
Amaravati,2018-07-17,7.75,32.0
Amaravati,2018-07-18,10.45,39.0
Amaravati,2018-07-19,12.7,48.0
Amaravati,2018-07-20,14.48,42.0
Amaravati,2018-07-21,17.96,73.0
Amaravati,2018-07-22,16.87,59.0
Amaravati,2018-07-24,17.42,55.0
Amaravati,2018-07-25,17.79,86.0
Amaravati,2018-07-26,18.75,100.0
Amaravati,2018-07-27,11.92,85.0
Amaravati,2018-07-28,17.74,57.0
Amaravati,2018-07-29,21.78,85.0
Amaravati,2018-07-30,28.31,85.0
Amaravati,2018-07-31,27.1,106.0
Amaravati,2018-08-01,20.21,100.0
Amaravati,2018-08-02,18.52,68.0
Amaravati,2018-08-03,25.59,61.0
Amaravati,2018-08-04,21.79,71.0
Amaravati,2018-08-05,24.0,77.0
Amaravati,2018-08-07,18.47,111.0
Amaravati,2018-08-08,16.73,47.0
Amaravati,2018-08-09,18.72,47.0
Amaravati,2018-08-10,11.39,48.0
Amaravati,2018-08-11,10.62,49.0
Amaravati,2018-08-12,8.1,50.0
Amaravati,2018-08-13,9.28,57.0
Amaravati,2018-08-14,7.45,60.0
Amaravati,2018-08-15,15.32,52.0
Amaravati,2018-08-16,8.84,54.0
Amaravati,2018-08-17,11.39,63.0
Amaravati,2018-08-18,12.51,53.0
Amaravati,2018-08-19,8.71,56.0
Amaravati,2018-08-21,11.3,112.0
Amaravati,2018-08-22,7.0,75.0
Amaravati,2018-08-24,15.76,89.0
Amaravati,2018-08-25,18.79,76.0
Amaravati,2018-08-26,15.05,78.0
Amaravati,2018-08-27,10.1,66.0
Amaravati,2018-08-28,14.43,61.0
Amaravati,2018-08-29,22.65,83.0
Amaravati,2018-08-30,28.45,87.0
Amaravati,2018-08-31,24.94,97.0
Amaravati,2018-09-01,26.24,98.0
Amaravati,2018-09-02,30.6,99.0
Amaravati,2018-09-03,21.81,94.0
Amaravati,2018-09-04,24.22,98.0
Amaravati,2018-09-05,19.82,102.0
Amaravati,2018-09-06,25.11,96.0
Amaravati,2018-09-07,31.3,90.0
Amaravati,2018-09-08,27.1,106.0
Amaravati,2018-09-09,38.08,82.0
Amaravati,2018-09-11,33.28,88.0
Amaravati,2018-09-12,40.66,103.0
Amaravati,2018-09-13,40.56,76.0
Amaravati,2018-09-14,37.93,68.0
Amaravati,2018-09-15,31.64,75.0
Amaravati,2018-09-18,22.12,89.0
Amaravati,2018-09-19,29.25,79.0
Amaravati,2018-09-20,38.32,65.0
Amaravati,2018-09-21,35.02,80.0
Amaravati,2018-09-22,24.29,81.0
Amaravati,2018-09-23,19.69,52.0
Amaravati,2018-09-24,18.81,89.0
Amaravati,2018-09-25,26.13,59.0
Amaravati,2018-09-26,24.08,62.0
Amaravati,2018-09-27,21.81,52.0
Amaravati,2018-09-29,14.58,61.0
Amaravati,2018-09-30,38.08,57.0
Amaravati,2018-10-01,8.98,49.0
Amaravati,2018-10-02,9.7,48.0
Amaravati,2018-10-05,25.88,56.0
Amaravati,2018-10-06,49.7,80.0
Amaravati,2018-10-07,68.66,121.0
Amaravati,2018-10-09,65.16,142.0
Amaravati,2018-10-10,52.88,154.0
Amaravati,2018-10-12,40.99,130.0
Amaravati,2018-10-13,47.2,109.0
Amaravati,2018-10-14,39.22,113.0
Amaravati,2018-10-15,36.86,91.0
Amaravati,2018-10-16,34.41,77.0
Amaravati,2018-10-17,22.05,80.0
Amaravati,2018-10-23,71.31,149.0
Amaravati,2018-10-24,63.54,133.0
Amaravati,2018-10-26,56.53,122.0
Amaravati,2018-10-27,69.42,133.0
Amaravati,2018-10-28,53.53,133.0
Amaravati,2018-10-29,48.33,118.0
Amaravati,2018-10-30,58.65,118.0
Amaravati,2018-10-31,33.33,98.0
Amaravati,2018-11-03,12.7,75.0
Amaravati,2018-11-04,16.86,45.0
Amaravati,2018-11-05,21.58,61.0
Amaravati,2018-11-06,23.22,86.0
Amaravati,2018-11-07,28.39,70.0
Amaravati,2018-11-09,51.51,105.0
Amaravati,2018-11-10,56.85,106.0
Amaravati,2018-11-11,68.25,120.0
Amaravati,2018-11-12,84.48,156.0
Amaravati,2018-11-13,77.38,182.0
Amaravati,2018-11-14,71.23,144.0
Amaravati,2018-11-17,16.21,64.0
Amaravati,2018-11-18,19.48,56.0
Amaravati,2018-11-19,26.8,80.0
Amaravati,2018-11-20,48.35,88.0
Amaravati,2018-11-21,50.02,102.0
Amaravati,2018-11-26,85.11,189.0
Amaravati,2018-11-27,93.95,190.0
Amaravati,2018-11-28,80.96,215.0
Amaravati,2018-12-01,77.86,145.0
Amaravati,2018-12-02,70.89,160.0
Amaravati,2018-12-03,74.34,130.0
Amaravati,2018-12-04,97.09,176.0
Amaravati,2018-12-05,89.63,245.0
Amaravati,2018-12-07,100.1,209.0
Amaravati,2018-12-08,110.12,256.0
Amaravati,2018-12-09,111.21,266.0
Amaravati,2018-12-10,107.24,276.0
Amaravati,2018-12-11,89.07,218.0
Amaravati,2018-12-12,93.1,206.0
Amaravati,2018-12-14,90.61,180.0
Amaravati,2018-12-15,96.57,217.0
Amaravati,2018-12-16,78.15,211.0
Amaravati,2018-12-17,19.26,90.0
Amaravati,2018-12-18,10.89,49.0
Amaravati,2018-12-19,16.38,46.0
Amaravati,2018-12-21,48.88,81.0
Amaravati,2018-12-22,55.24,89.0
Amaravati,2018-12-23,83.4,136.0
Amaravati,2018-12-24,93.78,199.0
Amaravati,2018-12-25,92.72,221.0
Amaravati,2018-12-26,76.48,178.0
Amaravati,2018-12-28,73.19,119.0
Amaravati,2018-12-29,82.53,153.0
Amaravati,2018-12-30,95.18,202.0
Amaravati,2018-12-31,79.29,191.0
Amaravati,2019-01-01,83.17,183.0
Amaravati,2019-01-02,109.97,210.0
Amaravati,2019-01-03,139.38,304.0
Amaravati,2019-01-04,126.47,312.0
Amaravati,2019-01-05,127.94,304.0
Amaravati,2019-01-06,126.66,306.0
Amaravati,2019-01-07,121.47,302.0
Amaravati,2019-01-08,118.17,298.0
Amaravati,2019-01-09,97.45,274.0
Amaravati,2019-01-10,115.23,270.0
Amaravati,2019-01-11,121.81,302.0
Amaravati,2019-01-12,99.69,257.0
Amaravati,2019-01-13,92.66,212.0
Amaravati,2019-01-14,116.99,256.0
Amaravati,2019-01-15,120.33,301.0
Amaravati,2019-01-16,108.43,274.0
Amaravati,2019-01-17,118.0,262.0
Amaravati,2019-01-18,107.94,287.0
Amaravati,2019-01-19,108.34,262.0
Amaravati,2019-01-20,96.45,242.0
Amaravati,2019-01-21,90.25,204.0
Amaravati,2019-01-22,100.34,230.0
Amaravati,2019-01-23,62.75,171.0
Amaravati,2019-01-24,62.74,113.0
Amaravati,2019-01-25,34.51,96.0
Amaravati,2019-01-26,15.12,56.0
Amaravati,2019-01-27,27.25,48.0
Amaravati,2019-01-28,51.67,91.0
Amaravati,2019-01-29,54.24,96.0
Amaravati,2019-01-30,47.81,111.0
Amaravati,2019-01-31,84.99,143.0
Amaravati,2019-02-01,63.05,141.0
Amaravati,2019-02-02,71.09,130.0
Amaravati,2019-02-03,76.78,149.0
Amaravati,2019-02-04,73.21,150.0
Amaravati,2019-02-05,81.64,159.0
Amaravati,2019-02-06,81.71,178.0
Amaravati,2019-02-07,75.52,159.0
Amaravati,2019-02-08,58.02,126.0
Amaravati,2019-02-09,65.56,115.0
Amaravati,2019-02-10,56.98,136.0
Amaravati,2019-02-11,74.5,131.0
Amaravati,2019-02-12,66.61,137.0
Amaravati,2019-02-13,70.86,121.0
Amaravati,2019-02-14,69.96,157.0
Amaravati,2019-02-15,60.11,116.0
Amaravati,2019-02-16,33.9,87.0
Amaravati,2019-02-17,31.75,58.0
Amaravati,2019-02-18,34.8,74.0
Amaravati,2019-02-19,32.07,90.0
Amaravati,2019-02-20,30.32,61.0
Amaravati,2019-02-21,38.35,96.0
Amaravati,2019-02-22,36.92,96.0
Amaravati,2019-02-23,43.16,126.0
Amaravati,2019-02-24,42.51,131.0
Amaravati,2019-02-25,33.88,95.0
Amaravati,2019-02-26,22.47,62.0
Amaravati,2019-02-27,14.78,64.0
Amaravati,2019-02-28,20.92,60.0
Amaravati,2019-03-01,27.08,101.0
Amaravati,2019-03-02,23.72,63.0
Amaravati,2019-03-03,22.49,57.0
Amaravati,2019-03-04,21.59,54.0
Amaravati,2019-03-05,34.44,61.0
Amaravati,2019-03-06,49.2,120.0
Amaravati,2019-03-07,42.1,105.0
Amaravati,2019-03-08,16.39,92.0
Amaravati,2019-03-09,12.88,86.0
Amaravati,2019-03-10,10.66,56.0
Amaravati,2019-03-11,12.77,78.0
Amaravati,2019-03-12,27.0,74.0
Amaravati,2019-03-13,32.79,97.0
Amaravati,2019-03-14,39.77,107.0
Amaravati,2019-03-15,43.78,130.0
Amaravati,2019-03-16,40.96,110.0
Amaravati,2019-03-17,40.08,98.0
Amaravati,2019-03-18,22.52,101.0
Amaravati,2019-03-19,22.09,85.0
Amaravati,2019-03-20,25.39,85.0
Amaravati,2019-03-21,21.71,60.0
Amaravati,2019-03-22,23.56,56.0
Amaravati,2019-03-23,23.68,67.0
Amaravati,2019-03-24,17.99,79.0
Amaravati,2019-03-25,17.03,45.0
Amaravati,2019-03-26,20.58,53.0
Amaravati,2019-03-27,24.0,69.0
Amaravati,2019-03-28,27.44,65.0
Amaravati,2019-03-29,24.11,78.0
Amaravati,2019-03-30,28.43,83.0
Amaravati,2019-03-31,33.0,64.0
Amaravati,2019-04-01,37.09,102.0
Amaravati,2019-04-02,30.05,92.0
Amaravati,2019-04-03,20.75,58.0
Amaravati,2019-04-04,13.97,76.0
Amaravati,2019-04-05,18.72,78.0
Amaravati,2019-04-06,22.07,91.0
Amaravati,2019-04-07,19.4,124.0
Amaravati,2019-04-08,13.49,75.0
Amaravati,2019-04-09,20.68,73.0
Amaravati,2019-04-10,16.52,101.0
Amaravati,2019-04-11,15.91,64.0
Amaravati,2019-04-12,17.24,80.0
Amaravati,2019-04-13,25.87,85.0
Amaravati,2019-04-14,15.77,80.0
Amaravati,2019-04-15,23.75,84.0
Amaravati,2019-04-16,25.36,79.0
Amaravati,2019-04-17,32.7,91.0
Amaravati,2019-04-18,20.21,79.0
Amaravati,2019-04-19,11.55,82.0
Amaravati,2019-04-20,9.39,45.0
Amaravati,2019-04-21,9.77,41.0
Amaravati,2019-04-22,21.38,78.0
Amaravati,2019-04-23,24.68,124.0
Amaravati,2019-04-24,17.58,73.0
Amaravati,2019-04-25,28.05,71.0
Amaravati,2019-04-26,27.98,79.0
Amaravati,2019-04-27,23.32,78.0
Amaravati,2019-04-28,15.52,57.0
Amaravati,2019-04-29,12.11,46.0
Amaravati,2019-04-30,19.03,58.0
Amaravati,2019-05-01,27.18,83.0
Amaravati,2019-05-02,38.9,109.0
Amaravati,2019-05-03,57.73,148.0
Amaravati,2019-05-04,44.49,158.0
Amaravati,2019-05-05,39.76,146.0
Amaravati,2019-05-06,47.3,133.0
Amaravati,2019-05-07,39.81,122.0
Amaravati,2019-05-08,49.19,126.0
Amaravati,2019-05-09,40.38,131.0
Amaravati,2019-05-10,44.65,124.0
Amaravati,2019-05-11,35.5,106.0
Amaravati,2019-05-15,34.12,109.0
Amaravati,2019-05-16,41.62,92.0
Amaravati,2019-05-17,43.1,88.0
Amaravati,2019-05-18,35.3,95.0
Amaravati,2019-05-19,40.35,93.0
Amaravati,2019-05-20,32.33,104.0
Amaravati,2019-05-21,24.95,80.0
Amaravati,2019-05-23,30.42,99.0
Amaravati,2019-05-24,36.5,99.0
Amaravati,2019-05-25,40.04,108.0
Amaravati,2019-05-26,40.51,99.0
Amaravati,2019-05-27,38.88,106.0
Amaravati,2019-05-28,36.31,85.0
Amaravati,2019-05-29,38.7,83.0
Amaravati,2019-05-30,33.52,83.0
Amaravati,2019-05-31,36.8,74.0
Amaravati,2019-06-01,41.89,103.0
Amaravati,2019-06-02,41.47,101.0
Amaravati,2019-06-03,31.52,80.0
Amaravati,2019-06-04,39.73,107.0
Amaravati,2019-06-05,36.24,91.0
Amaravati,2019-06-06,24.16,78.0
Amaravati,2019-06-07,23.12,65.0
Amaravati,2019-06-08,31.95,71.0
Amaravati,2019-06-09,26.02,90.0
Amaravati,2019-06-10,22.19,78.0
Amaravati,2019-06-11,13.91,61.0
Amaravati,2019-06-12,11.81,50.0
Amaravati,2019-06-13,10.02,42.0
Amaravati,2019-06-14,9.55,38.0
Amaravati,2019-06-15,17.42,54.0
Amaravati,2019-06-16,19.25,75.0
Amaravati,2019-06-17,23.99,72.0
Amaravati,2019-06-18,23.62,59.0
Amaravati,2019-06-19,21.28,77.0
Amaravati,2019-06-20,14.03,59.0
Amaravati,2019-06-21,17.9,42.0
Amaravati,2019-06-22,17.07,46.0
Amaravati,2019-06-23,13.45,48.0
Amaravati,2019-06-24,15.93,53.0
Amaravati,2019-06-25,19.8,78.0
Amaravati,2019-06-26,21.45,74.0
Amaravati,2019-06-27,12.45,70.0
Amaravati,2019-06-28,9.57,42.0
Amaravati,2019-06-29,8.23,40.0
Amaravati,2019-06-30,11.55,46.0
Amaravati,2019-07-01,13.4,39.0
Amaravati,2019-07-02,12.05,66.0
Amaravati,2019-07-03,14.54,68.0
Amaravati,2019-07-04,8.4,68.0
Amaravati,2019-07-05,10.31,70.0
Amaravati,2019-07-06,13.91,72.0
Amaravati,2019-07-07,15.17,43.0
Amaravati,2019-07-08,13.1,35.0
Amaravati,2019-07-09,11.3,37.0
Amaravati,2019-07-10,13.03,75.0
Amaravati,2019-07-11,11.17,40.0
Amaravati,2019-07-12,11.65,70.0
Amaravati,2019-07-13,17.22,48.0
Amaravati,2019-07-14,12.68,41.0
Amaravati,2019-07-15,10.73,48.0
Amaravati,2019-07-16,14.44,39.0
Amaravati,2019-07-17,21.86,55.0
Amaravati,2019-07-18,16.18,53.0
Amaravati,2019-07-19,22.28,46.0
Amaravati,2019-07-20,11.14,47.0
Amaravati,2019-07-21,14.72,45.0
Amaravati,2019-07-22,12.89,39.0
Amaravati,2019-07-23,13.53,35.0
Amaravati,2019-07-26,7.48,35.0
Amaravati,2019-07-27,12.52,65.0
Amaravati,2019-07-28,13.25,36.0
Amaravati,2019-07-29,10.89,68.0
Amaravati,2019-07-30,8.0,28.0
Amaravati,2019-07-31,10.62,29.0
Amaravati,2019-08-01,8.71,34.0
Amaravati,2019-08-02,6.85,68.0
Amaravati,2019-08-03,9.31,24.0
Amaravati,2019-08-04,9.09,27.0
Amaravati,2019-08-05,7.53,31.0
Amaravati,2019-08-06,6.89,32.0
Amaravati,2019-08-07,7.35,66.0
Amaravati,2019-08-08,7.45,27.0
Amaravati,2019-08-09,10.88,32.0
Amaravati,2019-08-10,13.49,70.0
Amaravati,2019-08-11,16.6,76.0
Amaravati,2019-08-12,18.19,49.0
Amaravati,2019-08-15,24.56,51.0
Amaravati,2019-08-16,15.75,49.0
Amaravati,2019-08-17,17.54,40.0
Amaravati,2019-08-28,15.8,92.0
Amaravati,2019-08-29,14.98,47.0
Amaravati,2019-08-30,10.11,37.0
Amaravati,2019-10-08,23.31,50.0
Amaravati,2019-10-09,27.63,78.0
Amaravati,2019-10-10,21.05,45.0
Amaravati,2019-10-11,18.12,43.0
Amaravati,2019-10-12,7.09,72.0
Amaravati,2019-10-13,7.08,46.0
Amaravati,2019-10-14,9.79,74.0
Amaravati,2019-10-15,32.29,55.0
Amaravati,2019-10-16,40.0,72.0
Amaravati,2019-10-17,19.31,51.0
Amaravati,2019-10-18,9.48,43.0
Amaravati,2019-10-19,13.78,41.0
Amaravati,2019-10-20,8.12,52.0
Amaravati,2019-10-21,9.99,72.0
Amaravati,2019-10-22,9.29,44.0
Amaravati,2019-10-23,11.75,71.0
Amaravati,2019-10-24,7.14,40.0
Amaravati,2019-10-25,7.53,39.0
Amaravati,2019-10-26,11.82,69.0
Amaravati,2019-10-27,18.57,49.0
Amaravati,2019-10-28,38.32,67.0
Amaravati,2019-10-29,19.51,48.0
Amaravati,2019-10-30,18.54,48.0
Amaravati,2019-10-31,12.01,45.0
Amaravati,2019-11-01,12.95,64.0
Amaravati,2019-11-02,18.41,49.0
Amaravati,2019-11-03,42.98,74.0
Amaravati,2019-11-04,56.76,94.0
Amaravati,2019-11-05,78.45,122.0
Amaravati,2019-11-06,89.53,190.0
Amaravati,2019-11-07,85.95,198.0
Amaravati,2019-11-08,81.5,174.0
Amaravati,2019-11-09,77.93,168.0
Amaravati,2019-11-10,51.46,126.0
Amaravati,2019-11-11,39.26,77.0
Amaravati,2019-11-12,37.5,94.0
Amaravati,2019-11-13,45.41,73.0
Amaravati,2019-11-14,50.33,101.0
Amaravati,2019-11-15,60.86,100.0
Amaravati,2019-11-16,64.88,115.0
Amaravati,2019-11-17,63.97,127.0
Amaravati,2019-11-18,42.45,90.0
Amaravati,2019-11-19,62.31,98.0
Amaravati,2019-11-20,80.27,162.0
Amaravati,2019-11-21,63.19,141.0
Amaravati,2019-11-22,53.15,94.0
Amaravati,2019-11-23,63.39,97.0
Amaravati,2019-11-24,76.12,136.0
Amaravati,2019-11-25,83.5,167.0
Amaravati,2019-11-26,79.85,174.0
Amaravati,2019-11-27,68.76,151.0
Amaravati,2019-11-28,57.83,121.0
Amaravati,2019-11-29,35.69,78.0
Amaravati,2019-11-30,55.2,79.0
Amaravati,2019-12-01,65.14,94.0
Amaravati,2019-12-02,55.72,98.0
Amaravati,2019-12-03,63.99,100.0
Amaravati,2019-12-04,77.57,156.0
Amaravati,2019-12-05,82.76,160.0
Amaravati,2019-12-06,90.54,185.0
Amaravati,2019-12-07,61.25,174.0
Amaravati,2019-12-08,36.75,79.0
Amaravati,2019-12-09,24.96,61.0
Amaravati,2019-12-10,39.12,83.0
Amaravati,2019-12-11,51.44,86.0
Amaravati,2019-12-12,38.89,72.0
Amaravati,2019-12-13,35.8,66.0
Amaravati,2019-12-14,39.06,64.0
Amaravati,2019-12-15,47.53,73.0
Amaravati,2019-12-16,46.6,76.0
Amaravati,2019-12-17,67.15,96.0
Amaravati,2019-12-18,66.82,137.0
Amaravati,2019-12-19,83.16,138.0
Amaravati,2019-12-20,79.92,188.0
Amaravati,2019-12-21,83.64,166.0
Amaravati,2019-12-22,72.34,162.0
Amaravati,2019-12-23,72.99,147.0
Amaravati,2019-12-24,76.56,138.0
Amaravati,2019-12-25,84.51,194.0
Amaravati,2019-12-26,50.52,114.0
Amaravati,2019-12-27,41.79,77.0
Amaravati,2019-12-28,57.09,79.0
Amaravati,2019-12-29,74.45,133.0
Amaravati,2019-12-30,59.42,131.0
Amaravati,2019-12-31,49.5,87.0
Amaravati,2020-01-01,59.64,96.0
Amaravati,2020-01-02,42.46,82.0
Amaravati,2020-01-03,39.07,76.0
Amaravati,2020-01-04,22.79,47.0
Amaravati,2020-01-05,37.81,55.0
Amaravati,2020-01-06,38.82,66.0
Amaravati,2020-01-07,69.49,109.0
Amaravati,2020-01-08,53.32,103.0
Amaravati,2020-01-09,37.23,78.0
Amaravati,2020-01-10,51.22,70.0
Amaravati,2020-01-11,66.57,110.0
Amaravati,2020-01-12,78.28,147.0
Amaravati,2020-01-13,85.67,177.0
Amaravati,2020-01-14,82.66,168.0
Amaravati,2020-01-15,68.4,163.0
Amaravati,2020-01-16,56.44,108.0
Amaravati,2020-01-17,45.81,82.0
Amaravati,2020-01-18,31.59,60.0
Amaravati,2020-01-19,36.62,58.0
Amaravati,2020-01-20,31.22,62.0
Amaravati,2020-01-21,29.88,63.0
Amaravati,2020-01-22,37.56,63.0
Amaravati,2020-01-23,59.33,87.0
Amaravati,2020-01-24,61.4,101.0
Amaravati,2020-01-25,51.18,98.0
Amaravati,2020-01-26,38.39,77.0
Amaravati,2020-01-27,34.56,74.0
Amaravati,2020-01-28,33.62,65.0
Amaravati,2020-01-29,29.98,59.0
Amaravati,2020-01-30,32.18,59.0
Amaravati,2020-01-31,26.72,66.0
Amaravati,2020-02-01,21.22,52.0
Amaravati,2020-02-02,19.94,47.0
Amaravati,2020-02-03,24.44,48.0
Amaravati,2020-02-04,27.24,54.0
Amaravati,2020-02-05,25.74,54.0
Amaravati,2020-02-06,20.12,47.0
Amaravati,2020-02-07,16.85,44.0
Amaravati,2020-02-08,22.46,45.0
Amaravati,2020-02-09,38.73,51.0
Amaravati,2020-02-10,36.26,65.0
Amaravati,2020-02-11,45.14,70.0
Amaravati,2020-02-12,59.61,86.0
Amaravati,2020-02-13,61.24,110.0
Amaravati,2020-02-14,43.11,87.0
Amaravati,2020-02-15,64.53,103.0
Amaravati,2020-02-16,37.53,88.0
Amaravati,2020-02-17,29.12,66.0
Amaravati,2020-02-18,31.68,66.0
Amaravati,2020-02-19,40.98,65.0
Amaravati,2020-02-20,49.1,77.0
Amaravati,2020-02-21,35.92,74.0
Amaravati,2020-02-22,27.13,60.0
Amaravati,2020-02-23,34.81,82.0
Amaravati,2020-02-24,31.66,68.0
Amaravati,2020-02-25,24.86,53.0
Amaravati,2020-02-26,31.28,78.0
Amaravati,2020-02-27,38.85,73.0
Amaravati,2020-02-28,31.99,68.0
Amaravati,2020-02-29,35.99,65.0
Amaravati,2020-03-01,32.99,67.0
Amaravati,2020-03-02,39.84,67.0
Amaravati,2020-03-03,40.19,70.0
Amaravati,2020-03-04,35.95,66.0
Amaravati,2020-03-05,20.14,47.0
Amaravati,2020-03-06,19.0,36.0
Amaravati,2020-03-07,14.26,35.0
Amaravati,2020-03-08,10.28,35.0
Amaravati,2020-03-09,12.37,42.0
Amaravati,2020-03-10,10.63,35.0
Amaravati,2020-03-11,11.08,35.0
Amaravati,2020-03-12,12.73,38.0
Amaravati,2020-03-13,18.17,35.0
Amaravati,2020-03-14,23.78,48.0
Amaravati,2020-03-15,25.83,48.0
Amaravati,2020-03-16,27.28,48.0
Amaravati,2020-03-17,31.49,54.0
Amaravati,2020-03-18,19.45,48.0
Amaravati,2020-03-19,18.86,51.0
Amaravati,2020-03-20,15.23,43.0
Amaravati,2020-03-21,13.9,37.0
Amaravati,2020-03-22,25.49,39.0
Amaravati,2020-03-23,26.01,51.0
Amaravati,2020-03-24,17.19,47.0
Amaravati,2020-03-25,16.77,101.0
Amaravati,2020-03-26,23.67,108.0
Amaravati,2020-03-27,25.36,52.0
Amaravati,2020-03-28,25.12,61.0
Amaravati,2020-03-29,26.96,58.0
Amaravati,2020-03-30,30.36,58.0
Amaravati,2020-03-31,29.86,69.0
Amaravati,2020-04-01,34.77,69.0
Amaravati,2020-04-02,29.77,59.0
Amaravati,2020-04-03,30.52,59.0
Amaravati,2020-04-04,30.58,55.0
Amaravati,2020-04-05,23.9,51.0
Amaravati,2020-04-06,16.28,39.0
Amaravati,2020-04-07,11.01,30.0
Amaravati,2020-04-08,16.58,38.0
Amaravati,2020-04-09,18.11,52.0
Amaravati,2020-04-10,21.17,53.0
Amaravati,2020-04-11,13.72,42.0
Amaravati,2020-04-12,16.75,44.0
Amaravati,2020-04-13,18.38,47.0
Amaravati,2020-04-14,19.77,50.0
Amaravati,2020-04-15,18.62,51.0
Amaravati,2020-04-16,17.21,43.0
Amaravati,2020-04-17,13.28,40.0
Amaravati,2020-04-18,7.38,41.0
Amaravati,2020-04-19,7.59,35.0
Amaravati,2020-04-20,7.81,30.0
Amaravati,2020-04-21,7.35,26.0
Amaravati,2020-04-22,9.51,26.0
Amaravati,2020-04-23,11.34,30.0
Amaravati,2020-04-24,9.36,31.0
Amaravati,2020-04-25,14.44,43.0
Amaravati,2020-04-26,11.9,56.0
Amaravati,2020-04-27,16.45,52.0
Amaravati,2020-04-28,10.61,41.0
Amaravati,2020-04-29,35.38,43.0
Amaravati,2020-04-30,26.8,56.0
Amaravati,2020-05-01,28.33,51.0
Amaravati,2020-05-02,24.11,60.0
Amaravati,2020-05-03,21.42,52.0
Amaravati,2020-05-04,22.79,55.0
Amaravati,2020-05-05,38.08,58.0
Amaravati,2020-05-06,14.28,44.0
Amaravati,2020-05-07,18.76,45.0
Amaravati,2020-05-08,18.81,43.0
Amaravati,2020-05-09,18.48,54.0
Amaravati,2020-05-10,14.26,42.0
Amaravati,2020-05-11,17.1,43.0
Amaravati,2020-05-12,13.9,39.0
Amaravati,2020-05-13,13.11,41.0
Amaravati,2020-05-14,12.05,36.0
Amaravati,2020-05-15,13.47,39.0
Amaravati,2020-05-16,38.08,41.0
Amaravati,2020-05-17,38.08,48.0
Amaravati,2020-05-18,30.46,55.0
Amaravati,2020-05-19,34.15,77.0
Amaravati,2020-05-20,41.46,93.0
Amaravati,2020-05-21,27.66,105.0
Amaravati,2020-05-22,29.9,103.0
Amaravati,2020-05-23,21.15,88.0
Amaravati,2020-05-24,18.09,66.0
Amaravati,2020-05-25,16.93,57.0
Amaravati,2020-05-26,22.01,69.0
Amaravati,2020-05-27,24.22,69.0
Amaravati,2020-05-28,25.16,64.0
Amaravati,2020-05-29,20.96,70.0
Amaravati,2020-05-30,22.5,63.0
Amaravati,2020-05-31,19.96,62.0
Amaravati,2020-06-01,8.09,46.0
Amaravati,2020-06-02,12.78,41.0
Amaravati,2020-06-03,10.23,40.0
Amaravati,2020-06-04,7.89,39.0
Amaravati,2020-06-05,9.33,58.0
Amaravati,2020-06-06,10.14,44.0
Amaravati,2020-06-07,11.49,50.0
Amaravati,2020-06-08,12.19,54.0
Amaravati,2020-06-09,10.39,61.0
Amaravati,2020-06-10,10.18,58.0
Amaravati,2020-06-11,5.6,53.0
Amaravati,2020-06-12,4.7,47.0
Amaravati,2020-06-13,4.65,44.0
Amaravati,2020-06-14,11.71,47.0
Amaravati,2020-06-15,10.07,41.0
Amaravati,2020-06-16,11.61,39.0
Amaravati,2020-06-17,8.73,36.0
Amaravati,2020-06-18,11.2,42.0
Amaravati,2020-06-19,11.03,43.0
Amaravati,2020-06-20,16.99,55.0
Amaravati,2020-06-21,12.74,50.0
Amaravati,2020-06-22,17.97,46.0
Amaravati,2020-06-23,15.48,55.0
Amaravati,2020-06-24,14.88,52.0
Amaravati,2020-06-25,20.74,50.0
Amaravati,2020-06-26,10.41,37.0
Amaravati,2020-06-27,14.5,42.0
Amaravati,2020-06-28,16.65,49.0
Amaravati,2020-06-29,20.96,56.0
Amaravati,2020-06-30,21.34,61.0
Amaravati,2020-07-01,22.0,54.0
Bengaluru,2015-03-21,48.59,91.0
Bengaluru,2015-03-22,47.38,120.0
Bengaluru,2015-03-23,65.65,154.0
Bengaluru,2015-03-24,60.47,119.0
Bengaluru,2015-03-25,62.56,232.0
Bengaluru,2015-03-26,60.73,132.0
Bengaluru,2015-03-27,42.1,123.0
Bengaluru,2015-03-28,40.0,152.0
Bengaluru,2015-03-29,32.16,143.0
Bengaluru,2015-03-30,30.78,80.0
Bengaluru,2015-03-31,38.99,90.0
Bengaluru,2015-04-01,36.42,151.0
Bengaluru,2015-04-02,38.15,123.0
Bengaluru,2015-04-03,35.11,178.0
Bengaluru,2015-04-04,36.68,101.0
Bengaluru,2015-04-05,36.92,160.0
Bengaluru,2015-04-06,31.78,71.0
Bengaluru,2015-04-07,37.25,76.0
Bengaluru,2015-04-08,29.8,153.0
Bengaluru,2015-04-09,25.06,80.0
Bengaluru,2015-04-10,24.4,129.0
Bengaluru,2015-04-11,32.08,107.0
Bengaluru,2015-04-12,19.72,122.0
Bengaluru,2015-04-13,17.03,85.0
Bengaluru,2015-04-14,19.73,62.0
Bengaluru,2015-04-15,22.52,177.0
Bengaluru,2015-04-16,21.36,152.0
Bengaluru,2015-04-17,24.35,210.0
Bengaluru,2015-04-18,18.33,170.0
Bengaluru,2015-04-19,17.66,135.0
Bengaluru,2015-04-20,27.46,118.0
Bengaluru,2015-04-21,27.94,127.0
Bengaluru,2015-04-22,23.81,47.0
Bengaluru,2015-04-23,23.11,44.0
Bengaluru,2015-04-24,15.12,67.0
Bengaluru,2015-04-25,19.59,44.0
Bengaluru,2015-04-26,69.85,82.0
Bengaluru,2015-04-27,24.62,156.0
Bengaluru,2015-04-28,32.92,96.0
Bengaluru,2015-04-29,44.53,72.0
Bengaluru,2015-04-30,26.68,117.0
Bengaluru,2015-05-01,39.06,67.0
Bengaluru,2015-05-02,50.83,217.0
Bengaluru,2015-05-03,62.58,64.0
Bengaluru,2015-05-04,45.26,162.0
Bengaluru,2015-05-05,40.37,75.0
Bengaluru,2015-05-06,43.21,141.0
Bengaluru,2015-05-07,41.53,70.0
Bengaluru,2015-05-08,27.85,142.0
Bengaluru,2015-05-09,36.83,140.0
Bengaluru,2015-05-10,40.81,71.0
Bengaluru,2015-05-11,36.11,66.0
Bengaluru,2015-05-12,28.76,56.0
Bengaluru,2015-05-13,40.74,45.0
Bengaluru,2015-05-14,23.77,61.0
Bengaluru,2015-05-15,17.34,70.0
Bengaluru,2015-05-16,30.45,59.0
Bengaluru,2015-05-17,15.8,125.0
Bengaluru,2015-05-18,20.12,106.0
Bengaluru,2015-05-19,25.27,84.0
Bengaluru,2015-05-20,26.7,57.0
Bengaluru,2015-05-21,27.84,56.0
Bengaluru,2015-05-22,29.52,140.0
Bengaluru,2015-05-23,27.97,156.0
Bengaluru,2015-05-24,28.17,156.0
Bengaluru,2015-05-25,27.71,111.0
Bengaluru,2015-05-26,28.01,158.0
Bengaluru,2015-05-27,31.7,93.0
Bengaluru,2015-05-28,48.08,97.0
Bengaluru,2015-05-29,30.77,94.0
Bengaluru,2015-05-30,26.15,147.0
Bengaluru,2015-05-31,40.71,100.0
Bengaluru,2015-06-01,23.69,101.0
Bengaluru,2015-06-02,23.95,84.0
Bengaluru,2015-06-03,21.51,84.0
Bengaluru,2015-06-04,25.56,74.0
Bengaluru,2015-06-05,22.41,130.0
Bengaluru,2015-06-06,16.02,74.0
Bengaluru,2015-06-07,12.69,74.0
Bengaluru,2015-06-08,13.29,162.0
Bengaluru,2015-06-09,12.11,55.0
Bengaluru,2015-06-10,13.66,72.0
Bengaluru,2015-06-11,14.56,66.0
Bengaluru,2015-06-12,14.76,81.0
Bengaluru,2015-06-13,12.29,94.0
Bengaluru,2015-06-14,11.72,128.0
Bengaluru,2015-06-15,15.7,86.0
Bengaluru,2015-06-16,22.94,136.0
Bengaluru,2015-06-17,19.54,67.0
Bengaluru,2015-06-18,22.68,45.0
Bengaluru,2015-06-19,21.86,70.0
Bengaluru,2015-06-20,18.74,93.0
Bengaluru,2015-06-21,18.81,166.0
Bengaluru,2015-06-22,15.11,183.0
Bengaluru,2015-06-23,17.47,107.0
Bengaluru,2015-06-24,15.92,140.0
Bengaluru,2015-06-25,13.58,107.0
Bengaluru,2015-06-26,14.52,70.0
Bengaluru,2015-06-27,27.25,165.0
Bengaluru,2015-06-28,20.99,160.0
Bengaluru,2015-06-29,22.26,209.0
Bengaluru,2015-06-30,23.51,166.0
Bengaluru,2015-07-01,19.76,187.0
Bengaluru,2015-07-02,20.24,162.0
Bengaluru,2015-07-03,17.28,185.0
Bengaluru,2015-07-04,21.52,141.0
Bengaluru,2015-07-05,19.43,225.0
Bengaluru,2015-07-06,19.27,309.0
Bengaluru,2015-07-07,23.27,136.0
Bengaluru,2015-07-08,18.63,139.0
Bengaluru,2015-07-09,14.52,161.0
Bengaluru,2015-07-10,12.84,160.0
Bengaluru,2015-07-11,19.08,127.0
Bengaluru,2015-07-12,23.45,71.0
Bengaluru,2015-07-13,25.62,246.0
Bengaluru,2015-07-14,27.03,250.0
Bengaluru,2015-07-15,24.09,176.0
Bengaluru,2015-07-16,23.17,176.0
Bengaluru,2015-07-17,26.84,55.0
Bengaluru,2015-07-18,19.24,156.0
Bengaluru,2015-07-19,14.46,195.0
Bengaluru,2015-07-20,14.3,197.0
Bengaluru,2015-07-21,19.29,223.0
Bengaluru,2015-07-22,21.39,182.0
Bengaluru,2015-07-23,45.86,245.0
Bengaluru,2015-07-24,18.38,268.0
Bengaluru,2015-07-25,24.44,51.0
Bengaluru,2015-07-26,25.14,49.0
Bengaluru,2015-07-27,13.85,157.0
Bengaluru,2015-07-28,16.63,128.0
Bengaluru,2015-07-29,19.04,66.0
Bengaluru,2015-07-30,24.43,105.0
Bengaluru,2015-07-31,19.16,49.0
Bengaluru,2015-08-01,18.18,97.0
Bengaluru,2015-08-02,15.52,257.0
Bengaluru,2015-08-03,18.67,139.0
Bengaluru,2015-08-04,15.85,95.0
Bengaluru,2015-08-05,18.26,106.0
Bengaluru,2015-08-06,17.94,89.0
Bengaluru,2015-08-07,21.86,44.0
Bengaluru,2015-08-08,46.86,97.0
Bengaluru,2015-08-09,54.42,187.0
Bengaluru,2015-08-10,21.02,83.0
Bengaluru,2015-08-11,21.1,129.0
Bengaluru,2015-08-12,16.64,128.0
Bengaluru,2015-08-13,14.99,217.0
Bengaluru,2015-08-14,20.21,277.0
Bengaluru,2015-08-15,18.04,176.0
Bengaluru,2015-08-16,20.8,206.0
Bengaluru,2015-08-17,15.35,238.0
Bengaluru,2015-08-18,27.31,229.0
Bengaluru,2015-08-19,32.13,236.0
Bengaluru,2015-08-20,23.26,92.0
Bengaluru,2015-08-21,17.9,100.0
Bengaluru,2015-08-22,10.99,97.0
Bengaluru,2015-08-23,12.9,59.0
Bengaluru,2015-08-24,22.29,96.0
Bengaluru,2015-08-25,20.06,123.0
Bengaluru,2015-08-26,17.38,77.0
Bengaluru,2015-08-27,14.67,57.0
Bengaluru,2015-08-28,18.96,63.0
Bengaluru,2015-08-29,20.56,174.0
Bengaluru,2015-08-30,17.27,121.0
Bengaluru,2015-08-31,23.42,92.0
Bengaluru,2015-09-01,24.9,81.0
Bengaluru,2015-09-02,23.54,43.0
Bengaluru,2015-09-03,24.49,52.0
Bengaluru,2015-09-04,26.16,72.0
Bengaluru,2015-09-05,27.38,73.0
Bengaluru,2015-09-06,18.38,208.0
Bengaluru,2015-09-07,16.34,179.0
Bengaluru,2015-09-08,22.47,93.0
Bengaluru,2015-09-09,29.6,60.0
Bengaluru,2015-09-10,15.21,65.0
Bengaluru,2015-09-11,18.09,60.0
Bengaluru,2015-09-12,16.68,167.0
Bengaluru,2015-09-13,12.24,141.0
Bengaluru,2015-09-14,14.99,175.0
Bengaluru,2015-09-15,11.75,41.0
Bengaluru,2015-09-16,11.47,81.0
Bengaluru,2015-09-17,10.93,52.0
Bengaluru,2015-09-18,13.18,31.0
Bengaluru,2015-09-19,13.47,144.0
Bengaluru,2015-09-20,7.32,64.0
Bengaluru,2015-09-21,16.51,51.0
Bengaluru,2015-09-22,28.38,82.0
Bengaluru,2015-09-23,27.74,85.0
Bengaluru,2015-09-24,29.1,89.0
Bengaluru,2015-09-25,17.48,139.0
Bengaluru,2015-09-26,14.95,157.0
Bengaluru,2015-09-27,27.29,155.0
Bengaluru,2015-09-28,19.98,94.0
Bengaluru,2015-09-29,31.36,100.0
Bengaluru,2015-09-30,35.5,117.0
Bengaluru,2015-10-01,26.25,136.0
Bengaluru,2015-10-02,22.3,96.0
Bengaluru,2015-10-03,13.97,101.0
Bengaluru,2015-10-04,9.63,128.0
Bengaluru,2015-10-05,28.7,92.0
Bengaluru,2015-10-06,35.04,98.0
Bengaluru,2015-10-07,15.82,102.0
Bengaluru,2015-10-08,12.14,69.0
Bengaluru,2015-10-09,14.44,54.0
Bengaluru,2015-10-10,12.01,101.0
Bengaluru,2015-10-11,10.02,110.0
Bengaluru,2015-10-12,17.14,54.0
Bengaluru,2015-10-13,25.65,77.0
Bengaluru,2015-10-14,31.78,144.0
Bengaluru,2015-10-15,46.63,90.0
Bengaluru,2015-10-16,49.23,98.0
Bengaluru,2015-10-17,40.76,173.0
Bengaluru,2015-10-18,31.18,140.0
Bengaluru,2015-10-19,42.02,76.0
Bengaluru,2015-10-20,43.32,164.0
Bengaluru,2015-10-21,42.64,88.0
Bengaluru,2015-10-22,55.94,97.0
Bengaluru,2015-10-23,51.0,110.0
Bengaluru,2015-10-24,45.13,89.0
Bengaluru,2015-10-25,38.26,81.0
Bengaluru,2015-10-26,47.1,74.0
Bengaluru,2015-10-27,42.92,157.0
Bengaluru,2015-10-28,36.44,95.0
Bengaluru,2015-10-29,29.17,70.0
Bengaluru,2015-10-30,31.78,110.0
Bengaluru,2015-10-31,25.77,191.0
Bengaluru,2015-11-01,29.89,49.0
Bengaluru,2015-11-02,28.56,54.0
Bengaluru,2015-11-03,31.05,58.0
Bengaluru,2015-11-04,43.1,65.0
Bengaluru,2015-11-05,30.36,70.0
Bengaluru,2015-11-06,37.22,67.0
Bengaluru,2015-11-07,31.44,60.0
Bengaluru,2015-11-08,31.4,56.0
Bengaluru,2015-11-09,34.92,59.0
Bengaluru,2015-11-10,12.63,51.0
Bengaluru,2015-11-11,48.94,49.0
Bengaluru,2015-11-12,63.69,146.0
Bengaluru,2015-11-13,28.22,61.0
Bengaluru,2015-11-14,42.42,130.0
Bengaluru,2015-11-15,42.23,99.0
Bengaluru,2015-11-16,16.03,91.0
Bengaluru,2015-11-17,35.87,116.0
Bengaluru,2015-11-18,19.32,126.0
Bengaluru,2015-11-19,21.99,103.0
Bengaluru,2015-11-20,13.89,74.0
Bengaluru,2015-11-21,16.06,66.0
Bengaluru,2015-11-22,16.97,61.0
Bengaluru,2015-11-23,19.66,75.0
Bengaluru,2015-11-24,20.35,85.0
Bengaluru,2015-11-25,34.39,141.0
Bengaluru,2015-11-26,43.91,90.0
Bengaluru,2015-11-27,44.14,126.0
Bengaluru,2015-11-28,44.94,147.0
Bengaluru,2015-11-29,29.35,87.0
Bengaluru,2015-11-30,15.34,56.0
Bengaluru,2015-12-01,14.18,88.0
Bengaluru,2015-12-02,13.36,67.0
Bengaluru,2015-12-03,19.86,74.0
Bengaluru,2015-12-04,28.35,105.0
Bengaluru,2015-12-05,25.04,103.0
Bengaluru,2015-12-06,29.12,54.0
Bengaluru,2015-12-07,41.16,65.0
Bengaluru,2015-12-08,46.33,102.0
Bengaluru,2015-12-09,48.01,94.0
Bengaluru,2015-12-10,35.48,86.0
Bengaluru,2015-12-11,32.95,89.0
Bengaluru,2015-12-12,50.19,99.0
Bengaluru,2015-12-13,34.57,92.0
Bengaluru,2015-12-14,52.06,85.0
Bengaluru,2015-12-15,39.67,83.0
Bengaluru,2015-12-16,50.47,92.0
Bengaluru,2015-12-17,41.04,95.0
Bengaluru,2015-12-18,56.62,103.0
Bengaluru,2015-12-19,42.57,105.0
Bengaluru,2015-12-20,60.44,97.0
Bengaluru,2015-12-21,48.4,102.0
Bengaluru,2015-12-22,49.54,104.0
Bengaluru,2015-12-23,49.42,96.0
Bengaluru,2015-12-24,61.58,114.0
Bengaluru,2015-12-25,68.48,110.0
Bengaluru,2015-12-26,57.15,109.0
Bengaluru,2015-12-27,76.35,115.0
Bengaluru,2015-12-28,85.66,149.0
Bengaluru,2015-12-29,49.06,122.0
Bengaluru,2015-12-30,48.16,91.0
Bengaluru,2015-12-31,71.06,131.0
Bengaluru,2016-01-01,56.4,101.0
Bengaluru,2016-01-02,53.69,92.0
Bengaluru,2016-01-03,62.35,108.0
Bengaluru,2016-01-04,64.96,109.0
Bengaluru,2016-01-05,70.15,114.0
Bengaluru,2016-01-06,68.22,121.0
Bengaluru,2016-01-07,68.74,116.0
Bengaluru,2016-01-08,67.9,117.0
Bengaluru,2016-01-09,79.8,143.0
Bengaluru,2016-01-10,76.18,168.0
Bengaluru,2016-01-11,61.48,122.0
Bengaluru,2016-01-12,73.5,122.0
Bengaluru,2016-01-13,70.78,146.0
Bengaluru,2016-01-14,75.01,152.0
Bengaluru,2016-01-15,42.84,119.0
Bengaluru,2016-01-16,77.23,130.0
Bengaluru,2016-01-17,68.98,253.0
Bengaluru,2016-01-18,73.89,219.0
Bengaluru,2016-01-19,75.45,146.0
Bengaluru,2016-01-20,78.07,170.0
Bengaluru,2016-01-21,53.45,117.0
Bengaluru,2016-01-22,63.58,113.0
Bengaluru,2016-01-23,57.91,146.0
Bengaluru,2016-01-24,41.36,102.0
Bengaluru,2016-01-25,51.7,98.0
Bengaluru,2016-01-26,54.34,104.0
Bengaluru,2016-01-27,54.33,91.0
Bengaluru,2016-01-28,84.84,118.0
Bengaluru,2016-01-29,87.02,175.0
Bengaluru,2016-01-30,71.42,149.0
Bengaluru,2016-01-31,119.16,183.0
Bengaluru,2016-02-01,84.45,184.0
Bengaluru,2016-02-02,76.8,156.0
Bengaluru,2016-02-03,75.57,153.0
Bengaluru,2016-02-04,74.6,141.0
Bengaluru,2016-02-05,72.11,139.0
Bengaluru,2016-02-06,63.42,154.0
Bengaluru,2016-02-07,82.78,199.0
Bengaluru,2016-02-08,75.98,182.0
Bengaluru,2016-02-09,85.33,175.0
Bengaluru,2016-02-10,84.32,191.0
Bengaluru,2016-02-11,91.95,203.0
Bengaluru,2016-02-12,83.66,154.0
Bengaluru,2016-02-13,85.96,160.0
Bengaluru,2016-02-14,62.08,136.0
Bengaluru,2016-02-15,56.57,107.0
Bengaluru,2016-02-16,42.58,88.0
Bengaluru,2016-02-17,49.6,105.0
Bengaluru,2016-02-18,54.56,111.0
Bengaluru,2016-02-19,44.26,117.0
Bengaluru,2016-02-20,53.12,113.0
Bengaluru,2016-02-21,57.32,115.0
Bengaluru,2016-02-22,90.07,145.0
Bengaluru,2016-02-23,134.69,177.0
Bengaluru,2016-02-24,110.05,198.0
Bengaluru,2016-02-25,66.98,165.0
Bengaluru,2016-02-26,51.96,124.0
Bengaluru,2016-02-27,36.28,88.0
Bengaluru,2016-02-28,35.63,88.0
Bengaluru,2016-02-29,41.64,105.0
Bengaluru,2016-03-01,39.21,118.0
Bengaluru,2016-03-02,42.17,132.0
Bengaluru,2016-03-03,54.91,121.0
Bengaluru,2016-03-04,54.04,136.0
Bengaluru,2016-03-05,55.72,153.0
Bengaluru,2016-03-06,45.98,135.0
Bengaluru,2016-03-07,43.69,111.0
Bengaluru,2016-03-08,44.74,135.0
Bengaluru,2016-03-09,51.06,123.0
Bengaluru,2016-03-10,53.1,146.0
Bengaluru,2016-03-11,60.7,155.0
Bengaluru,2016-03-12,59.53,144.0
Bengaluru,2016-03-13,64.29,149.0
Bengaluru,2016-03-14,67.65,158.0
Bengaluru,2016-03-15,68.48,175.0
Bengaluru,2016-03-16,76.33,139.0
Bengaluru,2016-03-17,72.22,145.0
Bengaluru,2016-03-18,60.58,151.0
Bengaluru,2016-03-19,98.29,158.0
Bengaluru,2016-03-20,239.54,253.0
Bengaluru,2016-03-21,121.43,264.0
Bengaluru,2016-03-22,66.36,155.0
Bengaluru,2016-03-23,29.73,137.0
Bengaluru,2016-03-24,34.49,119.0
Bengaluru,2016-03-25,32.59,137.0
Bengaluru,2016-03-26,56.05,149.0
Bengaluru,2016-03-27,63.5,156.0
Bengaluru,2016-03-28,57.92,123.0
Bengaluru,2016-03-29,48.28,118.0
Bengaluru,2016-03-30,42.65,107.0
Bengaluru,2016-03-31,50.78,111.0
Bengaluru,2016-04-01,49.33,106.0
Bengaluru,2016-04-02,51.78,112.0
Bengaluru,2016-04-03,53.54,110.0
Bengaluru,2016-04-04,54.8,114.0
Bengaluru,2016-04-05,49.84,118.0
Bengaluru,2016-04-06,63.16,154.0
Bengaluru,2016-04-07,46.24,179.0
Bengaluru,2016-04-08,34.18,102.0
Bengaluru,2016-04-09,33.01,170.0
Bengaluru,2016-04-10,31.3,112.0
Bengaluru,2016-04-11,31.68,138.0
Bengaluru,2016-04-12,36.98,121.0
Bengaluru,2016-04-13,36.88,118.0
Bengaluru,2016-04-14,35.46,171.0
Bengaluru,2016-04-15,35.31,156.0
Bengaluru,2016-04-16,34.85,140.0
Bengaluru,2016-04-17,36.9,114.0
Bengaluru,2016-04-18,38.81,138.0
Bengaluru,2016-04-19,34.65,137.0
Bengaluru,2016-04-20,31.89,134.0
Bengaluru,2016-04-21,33.61,119.0
Bengaluru,2016-04-22,34.83,98.0
Bengaluru,2016-04-23,39.01,107.0
Bengaluru,2016-04-24,39.53,150.0
Bengaluru,2016-04-25,37.17,94.0
Bengaluru,2016-04-26,39.88,85.0
Bengaluru,2016-04-27,32.59,115.0
Bengaluru,2016-04-28,47.42,74.0
Bengaluru,2016-04-29,48.78,88.0
Bengaluru,2016-04-30,46.6,86.0
Bengaluru,2016-05-01,35.86,87.0
Bengaluru,2016-05-02,39.87,99.0
Bengaluru,2016-05-03,40.79,80.0
Bengaluru,2016-05-04,57.96,102.0
Bengaluru,2016-05-05,46.0,76.0
Bengaluru,2016-05-06,23.99,59.0
Bengaluru,2016-05-07,27.21,67.0
Bengaluru,2016-05-08,26.43,107.0
Bengaluru,2016-05-09,20.46,95.0
Bengaluru,2016-05-10,32.5,72.0
Bengaluru,2016-05-11,57.81,91.0
Bengaluru,2016-05-12,31.19,88.0
Bengaluru,2016-05-13,34.06,86.0
Bengaluru,2016-05-14,33.05,78.0
Bengaluru,2016-05-15,28.39,65.0
Bengaluru,2016-05-16,27.01,50.0
Bengaluru,2016-05-17,36.67,74.0
Bengaluru,2016-05-18,27.51,47.0
Bengaluru,2016-05-19,28.47,46.0
Bengaluru,2016-05-20,22.27,48.0
Bengaluru,2016-05-21,42.52,35.0
Bengaluru,2016-05-22,152.94,83.0
Bengaluru,2016-05-23,28.65,173.0
Bengaluru,2016-05-24,25.75,50.0
Bengaluru,2016-05-25,35.87,37.0
Bengaluru,2016-05-26,35.87,33.0
Bengaluru,2016-05-27,35.87,38.0
Bengaluru,2016-05-28,35.87,38.0
Bengaluru,2016-05-29,35.87,27.0
Bengaluru,2016-05-30,35.98,26.0
Bengaluru,2016-05-31,27.6,47.0
Bengaluru,2016-06-01,17.15,49.0
Bengaluru,2016-06-02,17.71,43.0
Bengaluru,2016-06-03,35.87,29.0
Bengaluru,2016-06-04,35.87,30.0
Bengaluru,2016-06-05,35.87,33.0
Bengaluru,2016-06-06,35.87,26.0
Bengaluru,2016-06-07,35.87,23.0
Bengaluru,2016-06-08,35.87,20.0
Bengaluru,2016-06-10,35.87,20.0
Bengaluru,2016-06-11,35.87,20.0
Bengaluru,2016-06-12,35.87,23.0
Bengaluru,2016-06-13,35.87,26.0
Bengaluru,2016-06-14,35.87,23.0
Bengaluru,2016-06-15,35.87,26.0
Bengaluru,2016-06-16,35.87,40.0
Bengaluru,2016-06-17,33.9,28.0
Bengaluru,2016-06-18,31.98,156.0
Bengaluru,2016-06-19,26.77,195.0
Bengaluru,2016-06-20,27.61,137.0
Bengaluru,2016-06-21,28.24,71.0
Bengaluru,2016-06-22,29.83,77.0
Bengaluru,2016-06-23,19.0,143.0
Bengaluru,2016-06-24,15.04,181.0
Bengaluru,2016-06-25,35.87,31.0
Bengaluru,2016-06-27,16.54,33.0
Bengaluru,2016-06-28,27.23,151.0
Bengaluru,2016-06-29,115.98,174.0
Bengaluru,2016-06-30,13.95,154.0
Bengaluru,2016-07-01,25.0,208.0
Bengaluru,2016-07-02,31.8,192.0
Bengaluru,2016-07-03,17.36,238.0
Bengaluru,2016-07-04,19.4,160.0
Bengaluru,2016-07-05,18.36,83.0
Bengaluru,2016-07-06,17.26,56.0
Bengaluru,2016-07-07,15.02,141.0
Bengaluru,2016-07-08,35.87,43.0
Bengaluru,2016-07-09,35.87,65.0
Bengaluru,2016-07-10,8.98,30.0
Bengaluru,2016-07-11,35.87,40.0
Bengaluru,2016-07-12,35.87,54.0
Bengaluru,2016-07-13,35.87,41.0
Bengaluru,2016-07-14,35.87,42.0
Bengaluru,2016-07-15,35.87,54.0
Bengaluru,2016-07-16,35.87,61.0
Bengaluru,2016-07-17,35.87,70.0
Bengaluru,2016-07-18,218.17,62.0
Bengaluru,2016-07-19,55.51,308.0
Bengaluru,2016-07-23,35.87,82.0
Bengaluru,2016-07-27,22.79,36.0
Bengaluru,2016-07-28,17.0,36.0
Bengaluru,2016-07-29,22.19,55.0
Bengaluru,2016-07-30,8.74,58.0
Bengaluru,2016-07-31,18.9,37.0
Bengaluru,2016-08-01,17.54,72.0
Bengaluru,2016-08-02,20.06,33.0
Bengaluru,2016-08-03,19.91,53.0
Bengaluru,2016-08-04,14.66,64.0
Bengaluru,2016-08-12,25.09,46.0
Bengaluru,2016-08-13,21.94,37.0
Bengaluru,2016-08-14,21.57,38.0
Bengaluru,2016-08-15,14.38,49.0
Bengaluru,2016-08-16,101.09,71.0
Bengaluru,2016-08-17,33.05,229.0
Bengaluru,2016-08-18,39.14,68.0
Bengaluru,2016-08-19,41.43,64.0
Bengaluru,2016-08-20,100.39,62.0
Bengaluru,2016-08-21,56.45,66.0
Bengaluru,2016-08-22,35.4,45.0
Bengaluru,2016-08-23,43.43,66.0
Bengaluru,2016-08-24,34.99,71.0
Bengaluru,2016-08-25,15.02,75.0
Bengaluru,2016-08-26,29.31,62.0
Bengaluru,2016-08-27,19.65,77.0
Bengaluru,2016-08-28,6.82,48.0
Bengaluru,2016-08-29,27.16,47.0
Bengaluru,2016-08-30,27.9,57.0
Bengaluru,2016-08-31,35.17,49.0
Bengaluru,2016-09-01,37.57,57.0
Bengaluru,2016-09-02,23.25,74.0
Bengaluru,2016-09-03,31.08,68.0
Bengaluru,2016-09-04,37.35,71.0
Bengaluru,2016-09-05,22.49,55.0
Bengaluru,2016-09-06,37.14,59.0
Bengaluru,2016-09-07,28.89,60.0
Bengaluru,2016-09-08,28.25,55.0
Bengaluru,2016-09-09,35.87,68.0
Bengaluru,2016-09-10,43.95,84.0
Bengaluru,2016-09-11,24.72,64.0
Bengaluru,2016-09-12,35.87,60.0
Bengaluru,2016-09-13,23.04,60.0
Bengaluru,2016-09-14,13.59,60.0
Bengaluru,2016-09-15,11.1,74.0
Bengaluru,2016-09-16,32.23,66.0
Bengaluru,2016-09-17,41.01,70.0
Bengaluru,2016-09-18,30.9,78.0
Bengaluru,2016-09-19,26.31,58.0
Bengaluru,2016-09-20,32.98,47.0
Bengaluru,2016-09-21,43.4,40.0
Bengaluru,2016-09-22,32.46,58.0
Bengaluru,2016-09-23,26.6,76.0
Bengaluru,2016-09-24,39.41,102.0
Bengaluru,2016-09-25,10.22,84.0
Bengaluru,2016-09-26,16.88,90.0
Bengaluru,2016-09-27,17.1,85.0
Bengaluru,2016-09-28,46.14,83.0
Bengaluru,2016-09-29,55.24,114.0
Bengaluru,2016-09-30,75.42,150.0
Bengaluru,2016-10-01,65.16,124.0
Bengaluru,2016-10-02,35.87,104.0
Bengaluru,2016-10-03,35.87,114.0
Bengaluru,2016-10-04,70.57,111.0
Bengaluru,2016-10-05,69.14,101.0
Bengaluru,2016-10-06,54.75,89.0
Bengaluru,2016-10-07,41.7,103.0
Bengaluru,2016-10-08,27.31,91.0
Bengaluru,2016-10-09,13.51,83.0
Bengaluru,2016-10-10,18.96,129.0
Bengaluru,2016-10-11,14.61,78.0
Bengaluru,2016-10-12,21.3,75.0
Bengaluru,2016-10-13,25.15,141.0
Bengaluru,2016-10-14,24.23,69.0
Bengaluru,2016-10-15,35.18,58.0
Bengaluru,2016-10-16,32.41,73.0
Bengaluru,2016-10-17,56.36,85.0
Bengaluru,2016-10-18,53.43,183.0
Bengaluru,2016-10-19,44.05,85.0
Bengaluru,2016-10-20,62.36,75.0
Bengaluru,2016-10-21,62.74,132.0
Bengaluru,2016-10-22,97.17,176.0
Bengaluru,2016-10-23,67.85,184.0
Bengaluru,2016-10-24,58.78,127.0
Bengaluru,2016-10-25,80.99,163.0
Bengaluru,2016-10-26,68.17,164.0
Bengaluru,2016-10-27,59.61,132.0
Bengaluru,2016-10-28,62.38,116.0
Bengaluru,2016-10-29,78.74,174.0
Bengaluru,2016-10-30,60.79,188.0
Bengaluru,2016-10-31,36.92,88.0
Bengaluru,2016-11-01,21.2,51.0
Bengaluru,2016-11-02,31.26,57.0
Bengaluru,2016-11-03,34.79,82.0
Bengaluru,2016-11-04,55.92,88.0
Bengaluru,2016-11-05,55.03,111.0
Bengaluru,2016-11-06,41.23,90.0
Bengaluru,2016-11-07,43.91,78.0
Bengaluru,2016-11-08,52.08,94.0
Bengaluru,2016-11-09,46.94,95.0
Bengaluru,2016-11-10,49.03,112.0
Bengaluru,2016-11-11,57.78,124.0
Bengaluru,2016-11-12,52.72,122.0
Bengaluru,2016-11-13,38.42,99.0
Bengaluru,2016-11-14,29.96,44.0
Bengaluru,2016-11-15,27.64,38.0
Bengaluru,2016-11-16,35.8,102.0
Bengaluru,2016-11-17,40.13,189.0
Bengaluru,2016-11-18,43.6,101.0
Bengaluru,2016-11-19,48.93,86.0
Bengaluru,2016-11-20,42.21,95.0
Bengaluru,2016-11-21,102.01,120.0
Bengaluru,2016-11-22,91.6,101.0
Bengaluru,2016-11-23,47.76,335.0
Bengaluru,2016-11-24,86.62,140.0
Bengaluru,2016-11-25,46.12,133.0
Bengaluru,2016-11-26,46.87,113.0
Bengaluru,2016-11-27,53.71,117.0
Bengaluru,2016-11-28,49.9,124.0
Bengaluru,2016-11-29,59.3,120.0
Bengaluru,2016-11-30,49.69,160.0
Bengaluru,2016-12-01,45.84,114.0
Bengaluru,2016-12-02,22.14,103.0
Bengaluru,2016-12-03,18.3,67.0
Bengaluru,2016-12-04,24.44,125.0
Bengaluru,2016-12-05,23.63,209.0
Bengaluru,2016-12-06,36.97,200.0
Bengaluru,2016-12-07,40.72,101.0
Bengaluru,2016-12-08,32.59,85.0
Bengaluru,2016-12-09,44.96,163.0
Bengaluru,2016-12-10,30.37,75.0
Bengaluru,2016-12-11,24.98,132.0
Bengaluru,2016-12-12,42.19,119.0
Bengaluru,2016-12-13,204.25,342.0
Bengaluru,2016-12-14,30.72,104.0
Bengaluru,2016-12-15,28.47,93.0
Bengaluru,2016-12-16,34.57,134.0
Bengaluru,2016-12-17,36.97,103.0
Bengaluru,2016-12-18,35.21,90.0
Bengaluru,2016-12-19,37.8,97.0
Bengaluru,2016-12-20,19.09,93.0
Bengaluru,2016-12-21,19.68,74.0
Bengaluru,2016-12-22,39.64,75.0
Bengaluru,2016-12-23,43.67,100.0
Bengaluru,2016-12-24,57.79,112.0
Bengaluru,2016-12-25,39.11,114.0
Bengaluru,2016-12-26,34.02,104.0
Bengaluru,2016-12-27,53.5,90.0
Bengaluru,2016-12-28,38.53,84.0
Bengaluru,2016-12-29,44.9,76.0
Bengaluru,2016-12-30,54.65,93.0
Bengaluru,2016-12-31,40.96,106.0
Bengaluru,2017-01-01,20.13,88.0
Bengaluru,2017-01-02,19.61,83.0
Bengaluru,2017-01-03,26.66,87.0
Bengaluru,2017-01-04,36.93,91.0
Bengaluru,2017-01-05,36.09,85.0
Bengaluru,2017-01-06,41.53,88.0
Bengaluru,2017-01-07,47.48,106.0
Bengaluru,2017-01-08,37.61,95.0
Bengaluru,2017-01-09,43.11,87.0
Bengaluru,2017-01-10,74.1,130.0
Bengaluru,2017-01-11,42.42,132.0
Bengaluru,2017-01-12,24.26,110.0
Bengaluru,2017-01-13,31.22,91.0
Bengaluru,2017-01-14,29.21,78.0
Bengaluru,2017-01-15,26.3,71.0
Bengaluru,2017-01-16,31.65,66.0
Bengaluru,2017-01-17,37.02,94.0
Bengaluru,2017-01-18,39.68,117.0
Bengaluru,2017-01-19,31.59,87.0
Bengaluru,2017-01-20,39.92,85.0
Bengaluru,2017-01-21,40.34,98.0
Bengaluru,2017-01-22,35.87,98.0
Bengaluru,2017-01-23,49.45,111.0
Bengaluru,2017-01-24,41.55,100.0
Bengaluru,2017-01-25,34.96,168.0
Bengaluru,2017-01-26,27.04,182.0
Bengaluru,2017-01-27,23.36,174.0
Bengaluru,2017-01-28,10.26,210.0
Bengaluru,2017-01-29,6.8,214.0
Bengaluru,2017-01-30,31.79,230.0
Bengaluru,2017-01-31,37.81,97.0
Bengaluru,2017-02-01,27.42,101.0
Bengaluru,2017-02-02,49.35,94.0
Bengaluru,2017-02-03,32.16,207.0
Bengaluru,2017-02-04,32.08,270.0
Bengaluru,2017-02-05,29.93,269.0
Bengaluru,2017-02-06,32.73,273.0
Bengaluru,2017-02-07,43.1,238.0
Bengaluru,2017-02-08,41.94,200.0
Bengaluru,2017-02-09,38.04,69.0
Bengaluru,2017-02-10,36.09,77.0
Bengaluru,2017-02-11,29.54,109.0
Bengaluru,2017-02-12,27.65,80.0
Bengaluru,2017-02-13,30.98,59.0
Bengaluru,2017-02-14,34.94,71.0
Bengaluru,2017-02-15,40.41,83.0
Bengaluru,2017-02-16,34.8,83.0
Bengaluru,2017-02-17,47.98,95.0
Bengaluru,2017-02-18,47.56,96.0
Bengaluru,2017-02-19,41.4,92.0
Bengaluru,2017-02-20,53.85,90.0
Bengaluru,2017-02-21,52.93,104.0
Bengaluru,2017-02-22,42.13,106.0
Bengaluru,2017-02-23,44.09,99.0
Bengaluru,2017-02-24,42.73,83.0
Bengaluru,2017-02-25,40.96,75.0
Bengaluru,2017-02-26,35.66,73.0
Bengaluru,2017-02-27,37.55,70.0
Bengaluru,2017-02-28,31.19,71.0
Bengaluru,2017-03-01,39.98,71.0
Bengaluru,2017-03-02,36.36,75.0
Bengaluru,2017-03-03,29.87,104.0
Bengaluru,2017-03-04,28.41,57.0
Bengaluru,2017-03-05,23.15,59.0
Bengaluru,2017-03-06,26.67,54.0
Bengaluru,2017-03-07,27.87,59.0
Bengaluru,2017-03-08,31.78,102.0
Bengaluru,2017-03-09,32.53,72.0
Bengaluru,2017-03-10,29.4,66.0
Bengaluru,2017-03-11,28.94,56.0
Bengaluru,2017-03-12,27.07,66.0
Bengaluru,2017-03-13,42.64,55.0
Bengaluru,2017-03-14,21.93,69.0
Bengaluru,2017-03-15,17.99,44.0
Bengaluru,2017-03-16,27.59,54.0
Bengaluru,2017-03-17,39.28,98.0
Bengaluru,2017-03-18,32.33,99.0
Bengaluru,2017-03-19,32.31,95.0
Bengaluru,2017-03-20,38.73,87.0
Bengaluru,2017-03-21,36.42,83.0
Bengaluru,2017-03-22,43.96,74.0
Bengaluru,2017-03-23,44.26,89.0
Bengaluru,2017-03-24,67.75,140.0
Bengaluru,2017-03-25,47.51,104.0
Bengaluru,2017-03-26,53.63,99.0
Bengaluru,2017-03-27,40.42,90.0
Bengaluru,2017-03-28,55.94,82.0
Bengaluru,2017-03-29,41.83,112.0
Bengaluru,2017-03-30,46.83,90.0
Bengaluru,2017-03-31,55.9,112.0
Bengaluru,2017-04-01,51.65,124.0
Bengaluru,2017-04-02,32.61,113.0
Bengaluru,2017-04-03,39.37,117.0
Bengaluru,2017-04-04,36.85,120.0
Bengaluru,2017-04-05,29.5,94.0
Bengaluru,2017-04-06,29.52,110.0
Bengaluru,2017-04-07,31.08,94.0
Bengaluru,2017-04-08,36.66,82.0
Bengaluru,2017-04-09,29.29,75.0
Bengaluru,2017-04-10,43.0,99.0
Bengaluru,2017-04-11,31.18,99.0
Bengaluru,2017-04-12,50.84,78.0
Bengaluru,2017-04-13,50.54,108.0
Bengaluru,2017-04-14,51.33,107.0
Bengaluru,2017-04-15,35.01,106.0
Bengaluru,2017-04-16,29.02,105.0
Bengaluru,2017-04-17,34.86,86.0
Bengaluru,2017-04-18,38.46,77.0
Bengaluru,2017-04-19,38.13,92.0
Bengaluru,2017-04-20,29.75,81.0
Bengaluru,2017-04-21,21.53,75.0
Bengaluru,2017-04-22,25.46,64.0
Bengaluru,2017-04-23,28.49,50.0
Bengaluru,2017-04-24,34.85,59.0
Bengaluru,2017-04-25,29.88,66.0
Bengaluru,2017-04-26,33.95,92.0
Bengaluru,2017-04-27,40.01,87.0
Bengaluru,2017-04-28,62.07,96.0
Bengaluru,2017-04-29,38.44,139.0
Bengaluru,2017-04-30,13.3,65.0
Bengaluru,2017-05-01,20.32,77.0
Bengaluru,2017-05-02,24.2,60.0
Bengaluru,2017-05-03,66.24,84.0
Bengaluru,2017-05-04,42.2,94.0
Bengaluru,2017-05-05,28.27,80.0
Bengaluru,2017-05-06,40.02,89.0
Bengaluru,2017-05-07,30.26,98.0
Bengaluru,2017-05-08,27.66,82.0
Bengaluru,2017-05-09,32.01,69.0
Bengaluru,2017-05-10,23.19,41.0
Bengaluru,2017-05-11,28.52,53.0
Bengaluru,2017-05-12,50.58,68.0
Bengaluru,2017-05-13,120.56,156.0
Bengaluru,2017-05-14,25.22,101.0
Bengaluru,2017-05-15,14.94,52.0
Bengaluru,2017-05-16,19.1,56.0
Bengaluru,2017-05-17,22.93,67.0
Bengaluru,2017-05-18,36.58,70.0
Bengaluru,2017-05-19,20.87,64.0
Bengaluru,2017-05-20,17.43,50.0
Bengaluru,2017-05-21,12.53,59.0
Bengaluru,2017-05-22,16.58,44.0
Bengaluru,2017-05-23,25.83,58.0
Bengaluru,2017-05-24,19.58,62.0
Bengaluru,2017-05-25,21.39,57.0
Bengaluru,2017-05-26,24.85,66.0
Bengaluru,2017-05-27,18.21,47.0
Bengaluru,2017-05-28,19.75,41.0
Bengaluru,2017-05-29,21.08,43.0
Bengaluru,2017-05-30,23.2,46.0
Bengaluru,2017-05-31,22.87,42.0
Bengaluru,2017-06-01,22.79,54.0
Bengaluru,2017-06-02,20.19,52.0
Bengaluru,2017-06-03,20.98,42.0
Bengaluru,2017-06-04,13.39,28.0
Bengaluru,2017-06-05,21.81,29.0
Bengaluru,2017-06-06,22.93,54.0
Bengaluru,2017-06-07,22.94,47.0
Bengaluru,2017-06-08,20.75,51.0
Bengaluru,2017-06-09,23.65,55.0
Bengaluru,2017-06-10,19.78,54.0
Bengaluru,2017-06-11,16.51,51.0
Bengaluru,2017-06-12,19.12,45.0
Bengaluru,2017-06-13,21.6,44.0
Bengaluru,2017-06-14,19.77,59.0
Bengaluru,2017-06-15,24.56,76.0
Bengaluru,2017-06-16,24.66,65.0
Bengaluru,2017-06-17,24.18,60.0
Bengaluru,2017-06-18,17.82,57.0
Bengaluru,2017-06-19,16.61,50.0
Bengaluru,2017-06-20,24.03,53.0
Bengaluru,2017-06-21,19.58,70.0
Bengaluru,2017-06-22,21.05,60.0
Bengaluru,2017-06-23,24.53,54.0
Bengaluru,2017-06-24,25.35,60.0
Bengaluru,2017-06-25,25.16,71.0
Bengaluru,2017-06-26,31.13,138.0
Bengaluru,2017-06-27,37.61,78.0
Bengaluru,2017-06-28,37.34,82.0
Bengaluru,2017-06-29,36.44,76.0
Bengaluru,2017-06-30,35.4,76.0
Bengaluru,2017-07-01,25.33,92.0
Bengaluru,2017-07-02,30.07,160.0
Bengaluru,2017-07-03,25.82,92.0
Bengaluru,2017-07-04,35.87,85.0
Bengaluru,2017-07-05,35.87,93.0
Bengaluru,2017-07-06,35.87,87.0
Bengaluru,2017-07-08,313.59,108.0
Bengaluru,2017-07-09,35.29,112.0
Bengaluru,2017-07-10,33.44,102.0
Bengaluru,2017-07-11,29.38,78.0
Bengaluru,2017-07-12,27.64,67.0
Bengaluru,2017-07-13,28.97,74.0
Bengaluru,2017-07-14,22.68,72.0
Bengaluru,2017-07-15,22.43,82.0
Bengaluru,2017-07-16,17.2,61.0
Bengaluru,2017-07-17,21.05,68.0
Bengaluru,2017-07-18,18.45,68.0
Bengaluru,2017-07-19,16.44,60.0
Bengaluru,2017-07-20,31.68,61.0
Bengaluru,2017-07-21,21.53,111.0
Bengaluru,2017-07-22,20.15,132.0
Bengaluru,2017-07-23,17.34,107.0
Bengaluru,2017-07-24,24.23,109.0
Bengaluru,2017-07-25,28.54,164.0
Bengaluru,2017-07-26,23.68,85.0
Bengaluru,2017-07-27,24.49,83.0
Bengaluru,2017-07-28,21.77,122.0
Bengaluru,2017-07-29,27.91,119.0
Bengaluru,2017-07-30,22.36,94.0
Bengaluru,2017-07-31,27.27,89.0
Bengaluru,2017-08-01,26.57,136.0
Bengaluru,2017-08-02,20.74,130.0
Bengaluru,2017-08-03,17.67,160.0
Bengaluru,2017-08-04,13.74,55.0
Bengaluru,2017-08-05,17.69,106.0
Bengaluru,2017-08-06,15.21,127.0
Bengaluru,2017-08-07,22.82,176.0
Bengaluru,2017-08-08,21.07,143.0
Bengaluru,2017-08-09,22.31,74.0
Bengaluru,2017-08-10,14.14,50.0
Bengaluru,2017-08-11,10.11,56.0
Bengaluru,2017-08-12,3.91,50.0
Bengaluru,2017-08-13,4.69,67.0
Bengaluru,2017-08-14,19.41,82.0
Bengaluru,2017-08-15,20.88,70.0
Bengaluru,2017-08-16,17.91,65.0
Bengaluru,2017-08-17,18.42,70.0
Bengaluru,2017-08-18,14.92,64.0
Bengaluru,2017-08-19,18.66,57.0
Bengaluru,2017-08-20,10.89,63.0
Bengaluru,2017-08-21,14.53,48.0
Bengaluru,2017-08-22,18.87,63.0
Bengaluru,2017-08-23,18.18,62.0
Bengaluru,2017-08-24,59.05,68.0
Bengaluru,2017-08-25,97.97,172.0
Bengaluru,2017-08-26,14.19,91.0
Bengaluru,2017-08-27,11.71,39.0
Bengaluru,2017-08-28,17.58,47.0
Bengaluru,2017-08-29,16.33,57.0
Bengaluru,2017-08-30,20.42,56.0
Bengaluru,2017-08-31,24.96,69.0
Bengaluru,2017-09-01,158.67,200.0
Bengaluru,2017-09-02,114.92,135.0
Bengaluru,2017-09-03,14.2,107.0
Bengaluru,2017-09-04,39.74,74.0
Bengaluru,2017-09-05,14.2,79.0
Bengaluru,2017-09-06,21.2,101.0
Bengaluru,2017-09-07,9.57,60.0
Bengaluru,2017-09-08,32.86,75.0
Bengaluru,2017-09-09,22.63,114.0
Bengaluru,2017-09-10,14.52,57.0
Bengaluru,2017-09-11,15.27,68.0
Bengaluru,2017-09-12,17.48,68.0
Bengaluru,2017-09-13,16.5,59.0
Bengaluru,2017-09-14,14.05,63.0
Bengaluru,2017-09-15,8.58,52.0
Bengaluru,2017-09-16,8.49,49.0
Bengaluru,2017-09-17,7.02,40.0
Bengaluru,2017-09-18,8.57,43.0
Bengaluru,2017-09-19,7.68,44.0
Bengaluru,2017-09-20,10.21,52.0
Bengaluru,2017-09-21,12.64,51.0
Bengaluru,2017-09-22,17.93,51.0
Bengaluru,2017-09-23,21.62,76.0
Bengaluru,2017-09-24,23.7,76.0
Bengaluru,2017-09-25,19.26,57.0
Bengaluru,2017-09-26,22.47,65.0
Bengaluru,2017-09-27,28.3,83.0
Bengaluru,2017-09-28,21.59,56.0
Bengaluru,2017-09-29,22.36,58.0
Bengaluru,2017-09-30,30.65,61.0
Bengaluru,2017-10-01,20.01,66.0
Bengaluru,2017-10-02,20.5,69.0
Bengaluru,2017-10-03,22.85,62.0
Bengaluru,2017-10-04,121.63,125.0
Bengaluru,2017-10-05,21.36,126.0
Bengaluru,2017-10-06,24.73,80.0
Bengaluru,2017-10-07,29.16,70.0
Bengaluru,2017-10-08,78.14,104.0
Bengaluru,2017-10-09,26.08,83.0
Bengaluru,2017-10-10,32.21,130.0
Bengaluru,2017-10-11,22.5,79.0
Bengaluru,2017-10-12,27.29,71.0
Bengaluru,2017-10-13,24.83,61.0
Bengaluru,2017-10-14,32.61,67.0
Bengaluru,2017-10-15,40.34,73.0
Bengaluru,2017-10-16,21.63,58.0
Bengaluru,2017-10-17,27.86,64.0
Bengaluru,2017-10-18,39.39,98.0
Bengaluru,2017-10-19,44.66,98.0
Bengaluru,2017-10-20,79.76,177.0
Bengaluru,2017-10-21,39.67,129.0
Bengaluru,2017-10-22,22.44,79.0
Bengaluru,2017-10-23,26.85,80.0
Bengaluru,2017-10-24,42.56,94.0
Bengaluru,2017-10-25,35.29,96.0
Bengaluru,2017-10-26,25.49,75.0
Bengaluru,2017-10-27,26.03,66.0
Bengaluru,2017-10-28,37.38,80.0
Bengaluru,2017-10-29,47.47,98.0
Bengaluru,2017-10-30,45.49,102.0
Bengaluru,2017-10-31,122.41,120.0
Bengaluru,2017-11-01,39.88,141.0
Bengaluru,2017-11-02,66.54,120.0
Bengaluru,2017-11-03,58.73,159.0
Bengaluru,2017-11-04,41.02,125.0
Bengaluru,2017-11-05,26.7,59.0
Bengaluru,2017-11-06,22.05,49.0
Bengaluru,2017-11-07,27.98,68.0
Bengaluru,2017-11-08,26.89,54.0
Bengaluru,2017-11-09,25.94,70.0
Bengaluru,2017-11-10,31.21,75.0
Bengaluru,2017-11-11,32.87,77.0
Bengaluru,2017-11-12,26.99,69.0
Bengaluru,2017-11-13,30.4,65.0
Bengaluru,2017-11-14,26.94,68.0
Bengaluru,2017-11-15,30.7,66.0
Bengaluru,2017-11-16,37.93,76.0
Bengaluru,2017-11-17,35.72,81.0
Bengaluru,2017-11-18,34.96,64.0
Bengaluru,2017-11-19,30.66,68.0
Bengaluru,2017-11-20,32.21,62.0
Bengaluru,2017-11-21,25.79,60.0
Bengaluru,2017-11-22,44.84,65.0
Bengaluru,2017-11-23,38.07,87.0
Bengaluru,2017-11-24,17.64,82.0
Bengaluru,2017-11-25,17.81,72.0
Bengaluru,2017-11-26,15.67,69.0
Bengaluru,2017-11-27,10.7,58.0
Bengaluru,2017-11-28,11.46,58.0
Bengaluru,2017-11-29,197.41,82.0
Bengaluru,2017-11-30,74.5,68.0
Bengaluru,2017-12-01,1.76,53.0
Bengaluru,2017-12-02,1.72,26.0
Bengaluru,2017-12-03,32.42,54.0
Bengaluru,2017-12-04,18.72,68.0
Bengaluru,2017-12-05,11.27,63.0
Bengaluru,2017-12-06,93.7,83.0
Bengaluru,2017-12-07,70.22,96.0
Bengaluru,2017-12-08,103.18,120.0
Bengaluru,2017-12-09,90.59,148.0
Bengaluru,2017-12-10,81.28,133.0
Bengaluru,2017-12-11,63.5,143.0
Bengaluru,2017-12-12,35.87,86.0
Bengaluru,2017-12-13,35.87,75.0
Bengaluru,2017-12-14,161.35,86.0
Bengaluru,2017-12-15,85.57,122.0
Bengaluru,2017-12-16,75.91,119.0
Bengaluru,2017-12-17,79.75,100.0
Bengaluru,2017-12-18,84.85,108.0
Bengaluru,2017-12-19,76.92,112.0
Bengaluru,2017-12-20,107.9,110.0
Bengaluru,2017-12-21,84.55,131.0
Bengaluru,2017-12-22,71.71,93.0
Bengaluru,2017-12-23,56.14,91.0
Bengaluru,2017-12-24,48.78,70.0
Bengaluru,2017-12-25,159.52,91.0
Bengaluru,2017-12-26,63.3,174.0
Bengaluru,2017-12-27,73.7,99.0
Bengaluru,2017-12-28,62.76,109.0
Bengaluru,2017-12-29,32.57,85.0
Bengaluru,2017-12-30,26.74,77.0
Bengaluru,2017-12-31,18.29,72.0
Bengaluru,2018-01-01,38.06,73.0
Bengaluru,2018-01-02,35.12,86.0
Bengaluru,2018-01-03,28.84,84.0
Bengaluru,2018-01-04,24.57,86.0
Bengaluru,2018-01-05,24.31,95.0
Bengaluru,2018-01-06,30.02,102.0
Bengaluru,2018-01-07,40.05,104.0
Bengaluru,2018-01-08,34.88,93.0
Bengaluru,2018-01-09,28.74,84.0
Bengaluru,2018-01-10,31.37,75.0
Bengaluru,2018-01-11,54.32,76.0
Bengaluru,2018-01-12,37.55,115.0
Bengaluru,2018-01-13,36.12,101.0
Bengaluru,2018-01-14,34.43,118.0
Bengaluru,2018-01-15,38.84,98.0
Bengaluru,2018-01-16,41.35,92.0
Bengaluru,2018-01-17,46.76,98.0
Bengaluru,2018-01-18,37.73,100.0
Bengaluru,2018-01-19,55.0,104.0
Bengaluru,2018-01-20,33.34,122.0
Bengaluru,2018-01-21,33.55,103.0
Bengaluru,2018-01-22,39.03,96.0
Bengaluru,2018-01-23,48.08,102.0
Bengaluru,2018-01-24,45.88,104.0
Bengaluru,2018-01-25,39.93,101.0
Bengaluru,2018-01-26,39.28,98.0
Bengaluru,2018-01-27,47.03,104.0
Bengaluru,2018-01-28,39.38,109.0
Bengaluru,2018-01-29,33.47,94.0
Bengaluru,2018-01-30,53.56,99.0
Bengaluru,2018-01-31,37.93,109.0
Bengaluru,2018-02-01,33.99,94.0
Bengaluru,2018-02-02,29.63,118.0
Bengaluru,2018-02-03,28.81,88.0
Bengaluru,2018-02-04,23.31,87.0
Bengaluru,2018-02-05,29.23,81.0
Bengaluru,2018-02-06,32.55,85.0
Bengaluru,2018-02-07,30.93,79.0
Bengaluru,2018-02-08,35.48,80.0
Bengaluru,2018-02-09,37.87,95.0
Bengaluru,2018-02-10,30.34,83.0
Bengaluru,2018-02-11,28.29,76.0
Bengaluru,2018-02-12,27.9,74.0
Bengaluru,2018-02-13,30.53,78.0
Bengaluru,2018-02-14,32.43,71.0
Bengaluru,2018-02-15,30.19,71.0
Bengaluru,2018-02-16,29.62,70.0
Bengaluru,2018-02-17,32.11,77.0
Bengaluru,2018-02-18,27.53,83.0
Bengaluru,2018-02-19,28.6,82.0
Bengaluru,2018-02-20,28.89,81.0
Bengaluru,2018-02-21,34.62,80.0
Bengaluru,2018-02-22,37.13,82.0
Bengaluru,2018-02-23,34.6,83.0
Bengaluru,2018-02-24,26.41,81.0
Bengaluru,2018-02-25,21.87,69.0
Bengaluru,2018-02-26,21.31,68.0
Bengaluru,2018-02-27,23.35,71.0
Bengaluru,2018-02-28,29.3,81.0
Bengaluru,2018-03-01,29.48,83.0
Bengaluru,2018-03-02,30.38,87.0
Bengaluru,2018-03-03,38.39,92.0
Bengaluru,2018-03-04,36.56,84.0
Bengaluru,2018-03-05,30.79,86.0
Bengaluru,2018-03-06,32.09,87.0
Bengaluru,2018-03-07,33.88,90.0
Bengaluru,2018-03-08,41.37,99.0
Bengaluru,2018-03-09,59.48,104.0
Bengaluru,2018-03-10,59.82,109.0
Bengaluru,2018-03-11,45.19,106.0
Bengaluru,2018-03-12,35.82,92.0
Bengaluru,2018-03-13,20.49,76.0
Bengaluru,2018-03-14,29.23,75.0
Bengaluru,2018-03-15,26.46,77.0
Bengaluru,2018-03-16,19.13,71.0
Bengaluru,2018-03-17,23.01,74.0
Bengaluru,2018-03-18,20.75,53.0
Bengaluru,2018-03-19,31.94,61.0
Bengaluru,2018-03-20,43.91,97.0
Bengaluru,2018-03-21,42.72,124.0
Bengaluru,2018-03-22,31.78,135.0
Bengaluru,2018-03-23,40.18,127.0
Bengaluru,2018-03-24,37.72,100.0
Bengaluru,2018-03-25,38.84,98.0
Bengaluru,2018-03-26,35.87,100.0
Bengaluru,2018-03-27,19.85,87.0
Bengaluru,2018-03-30,35.87,118.0
Bengaluru,2018-03-31,35.87,104.0
Bengaluru,2018-04-01,35.87,102.0
Bengaluru,2018-04-02,35.87,107.0
Bengaluru,2018-04-03,35.87,98.0
Bengaluru,2018-04-04,35.87,108.0
Bengaluru,2018-04-05,35.87,107.0
Bengaluru,2018-04-06,35.87,108.0
Bengaluru,2018-04-07,35.87,106.0
Bengaluru,2018-04-08,35.87,103.0
Bengaluru,2018-04-09,35.87,93.0
Bengaluru,2018-04-12,35.87,88.0
Bengaluru,2018-04-13,28.96,65.0
Bengaluru,2018-04-14,35.87,62.0
Bengaluru,2018-04-15,35.87,65.0
Bengaluru,2018-04-16,30.43,61.0
Bengaluru,2018-04-17,32.38,70.0
Bengaluru,2018-04-18,36.4,67.0
Bengaluru,2018-04-19,47.67,81.0
Bengaluru,2018-04-20,36.52,85.0
Bengaluru,2018-04-21,33.4,79.0
Bengaluru,2018-04-22,33.42,74.0
Bengaluru,2018-04-23,41.19,66.0
Bengaluru,2018-04-24,42.62,82.0
Bengaluru,2018-04-25,42.99,74.0
Bengaluru,2018-04-26,49.93,83.0
Bengaluru,2018-04-27,44.12,103.0
Bengaluru,2018-04-28,39.22,82.0
Bengaluru,2018-04-29,44.57,81.0
Bengaluru,2018-04-30,187.49,100.0
Bengaluru,2018-05-01,59.11,352.0
Bengaluru,2018-05-02,65.71,114.0
Bengaluru,2018-05-03,44.58,98.0
Bengaluru,2018-05-04,113.31,73.0
Bengaluru,2018-05-05,62.35,144.0
Bengaluru,2018-05-06,79.0,99.0
Bengaluru,2018-05-07,50.52,151.0
Bengaluru,2018-05-08,55.88,113.0
Bengaluru,2018-05-09,32.46,76.0
Bengaluru,2018-05-10,28.99,65.0
Bengaluru,2018-05-11,27.03,59.0
Bengaluru,2018-05-12,27.01,62.0
Bengaluru,2018-05-13,26.73,60.0
Bengaluru,2018-05-14,33.13,69.0
Bengaluru,2018-05-15,35.64,64.0
Bengaluru,2018-05-16,34.36,61.0
Bengaluru,2018-05-17,39.69,65.0
Bengaluru,2018-05-18,43.05,92.0
Bengaluru,2018-05-19,45.09,98.0
Bengaluru,2018-05-20,47.83,80.0
Bengaluru,2018-05-21,52.64,71.0
Bengaluru,2018-05-22,59.24,90.0
Bengaluru,2018-05-23,62.6,117.0
Bengaluru,2018-05-24,35.4,70.0
Bengaluru,2018-05-25,46.14,73.0
Bengaluru,2018-05-26,33.64,76.0
Bengaluru,2018-05-27,41.73,89.0
Bengaluru,2018-05-28,29.29,80.0
Bengaluru,2018-05-29,16.92,67.0
Bengaluru,2018-05-30,35.67,60.0
Bengaluru,2018-05-31,33.16,73.0
Bengaluru,2018-06-01,42.07,68.0
Bengaluru,2018-06-02,44.47,86.0
Bengaluru,2018-06-03,38.79,88.0
Bengaluru,2018-06-04,23.35,60.0
Bengaluru,2018-06-05,25.5,61.0
Bengaluru,2018-06-06,22.77,63.0
Bengaluru,2018-06-07,25.27,70.0
Bengaluru,2018-06-08,19.28,50.0
Bengaluru,2018-06-09,19.32,52.0
Bengaluru,2018-06-10,18.93,51.0
Bengaluru,2018-06-11,23.76,65.0
Bengaluru,2018-06-12,23.78,50.0
Bengaluru,2018-06-13,27.34,49.0
Bengaluru,2018-06-14,31.79,61.0
Bengaluru,2018-06-15,61.43,83.0
Bengaluru,2018-06-16,22.24,106.0
Bengaluru,2018-06-17,17.38,55.0
Bengaluru,2018-06-18,13.38,69.0
Bengaluru,2018-06-19,32.62,81.0
Bengaluru,2018-06-20,13.64,69.0
Bengaluru,2018-06-21,16.71,64.0
Bengaluru,2018-06-22,18.94,64.0
Bengaluru,2018-06-23,23.76,66.0
Bengaluru,2018-06-24,21.84,64.0
Bengaluru,2018-06-25,51.82,87.0
Bengaluru,2018-06-26,32.62,92.0
Bengaluru,2018-06-27,11.68,60.0
Bengaluru,2018-06-28,9.23,57.0
Bengaluru,2018-06-29,11.93,51.0
Bengaluru,2018-06-30,18.23,66.0
Bengaluru,2018-07-01,19.15,72.0
Bengaluru,2018-07-02,16.29,63.0
Bengaluru,2018-07-03,21.63,63.0
Bengaluru,2018-07-04,18.55,60.0
Bengaluru,2018-07-05,20.36,61.0
Bengaluru,2018-07-06,21.44,65.0
Bengaluru,2018-07-07,15.56,56.0
Bengaluru,2018-07-08,22.83,62.0
Bengaluru,2018-07-09,21.11,66.0
Bengaluru,2018-07-10,36.65,63.0
Bengaluru,2018-07-11,20.8,78.0
Bengaluru,2018-07-12,17.82,56.0
Bengaluru,2018-07-13,16.63,53.0
Bengaluru,2018-07-14,18.87,57.0
Bengaluru,2018-07-15,17.08,62.0
Bengaluru,2018-07-16,19.93,59.0
Bengaluru,2018-07-17,16.98,60.0
Bengaluru,2018-07-18,18.83,57.0
Bengaluru,2018-07-19,16.82,59.0
Bengaluru,2018-07-20,15.52,52.0
Bengaluru,2018-07-21,17.44,59.0
Bengaluru,2018-07-22,18.63,60.0
Bengaluru,2018-07-23,19.86,65.0
Bengaluru,2018-07-24,17.85,64.0
Bengaluru,2018-07-25,17.62,59.0
Bengaluru,2018-07-26,20.0,65.0
Bengaluru,2018-07-27,22.28,68.0
Bengaluru,2018-07-28,21.05,59.0
Bengaluru,2018-07-29,20.1,66.0
Bengaluru,2018-07-30,22.92,64.0
Bengaluru,2018-07-31,20.96,62.0
Bengaluru,2018-08-01,20.59,66.0
Bengaluru,2018-08-02,20.73,68.0
Bengaluru,2018-08-03,23.34,72.0
Bengaluru,2018-08-04,27.61,77.0
Bengaluru,2018-08-05,20.75,77.0
Bengaluru,2018-08-06,23.63,67.0
Bengaluru,2018-08-07,18.24,67.0
Bengaluru,2018-08-08,18.35,60.0
Bengaluru,2018-08-09,17.33,58.0
Bengaluru,2018-08-10,18.24,60.0
Bengaluru,2018-08-11,18.6,56.0
Bengaluru,2018-08-12,10.61,57.0
Bengaluru,2018-08-13,11.4,53.0
Bengaluru,2018-08-14,13.1,60.0
Bengaluru,2018-08-15,15.35,59.0
Bengaluru,2018-08-16,12.86,52.0
Bengaluru,2018-08-17,16.77,48.0
Bengaluru,2018-08-18,20.09,57.0
Bengaluru,2018-08-19,16.78,59.0
Bengaluru,2018-08-20,24.78,53.0
Bengaluru,2018-08-21,20.61,69.0
Bengaluru,2018-08-22,20.75,65.0
Bengaluru,2018-08-23,17.29,63.0
Bengaluru,2018-08-24,18.74,62.0
Bengaluru,2018-08-25,22.36,67.0
Bengaluru,2018-08-26,18.42,70.0
Bengaluru,2018-08-27,19.86,62.0
Bengaluru,2018-08-28,21.93,64.0
Bengaluru,2018-08-29,20.52,68.0
Bengaluru,2018-08-30,23.33,68.0
Bengaluru,2018-08-31,19.74,64.0
Bengaluru,2018-09-01,23.62,68.0
Bengaluru,2018-09-02,21.84,66.0
Bengaluru,2018-09-03,25.06,63.0
Bengaluru,2018-09-04,32.78,76.0
Bengaluru,2018-09-05,25.32,78.0
Bengaluru,2018-09-06,25.21,66.0
Bengaluru,2018-09-07,27.2,70.0
Bengaluru,2018-09-08,18.32,63.0
Bengaluru,2018-09-09,19.07,64.0
Bengaluru,2018-09-10,28.1,73.0
Bengaluru,2018-09-11,30.34,90.0
Bengaluru,2018-09-12,24.47,91.0
Bengaluru,2018-09-13,29.84,88.0
Bengaluru,2018-09-14,27.72,94.0
Bengaluru,2018-09-15,24.1,77.0
Bengaluru,2018-09-16,24.43,73.0
Bengaluru,2018-09-17,19.03,74.0
Bengaluru,2018-09-18,19.86,65.0
Bengaluru,2018-09-19,20.21,65.0
Bengaluru,2018-09-20,25.55,79.0
Bengaluru,2018-09-21,26.75,87.0
Bengaluru,2018-09-22,24.45,77.0
Bengaluru,2018-09-23,30.84,87.0
Bengaluru,2018-09-24,22.6,85.0
Bengaluru,2018-09-25,26.76,78.0
Bengaluru,2018-09-26,31.25,85.0
Bengaluru,2018-09-27,29.24,80.0
Bengaluru,2018-09-28,26.36,78.0
Bengaluru,2018-09-29,17.35,75.0
Bengaluru,2018-09-30,25.28,70.0
Bengaluru,2018-10-01,21.61,82.0
Bengaluru,2018-10-02,14.51,67.0
Bengaluru,2018-10-03,15.17,65.0
Bengaluru,2018-10-04,21.47,65.0
Bengaluru,2018-10-05,13.99,62.0
Bengaluru,2018-10-06,14.0,56.0
Bengaluru,2018-10-07,20.86,62.0
Bengaluru,2018-10-08,32.94,73.0
Bengaluru,2018-10-09,31.82,80.0
Bengaluru,2018-10-10,40.93,93.0
Bengaluru,2018-10-11,55.08,110.0
Bengaluru,2018-10-12,56.31,115.0
Bengaluru,2018-10-13,72.74,167.0
Bengaluru,2018-10-14,48.48,116.0
Bengaluru,2018-10-15,41.44,88.0
Bengaluru,2018-10-16,35.37,90.0
Bengaluru,2018-10-17,19.99,75.0
Bengaluru,2018-10-18,62.95,116.0
Bengaluru,2018-10-19,20.75,81.0
Bengaluru,2018-10-20,25.61,71.0
Bengaluru,2018-10-21,36.42,88.0
Bengaluru,2018-10-22,37.81,102.0
Bengaluru,2018-10-23,49.17,119.0
Bengaluru,2018-10-24,62.67,132.0
Bengaluru,2018-10-25,46.34,110.0
Bengaluru,2018-10-26,50.19,101.0
Bengaluru,2018-10-27,39.65,107.0
Bengaluru,2018-10-28,37.32,108.0
Bengaluru,2018-10-29,36.11,103.0
Bengaluru,2018-10-30,40.12,125.0
Bengaluru,2018-10-31,40.02,107.0
Bengaluru,2018-11-01,20.96,92.0
Bengaluru,2018-11-02,17.57,84.0
Bengaluru,2018-11-03,21.42,82.0
Bengaluru,2018-11-04,21.84,74.0
Bengaluru,2018-11-05,23.98,81.0
Bengaluru,2018-11-06,41.38,110.0
Bengaluru,2018-11-07,57.03,97.0
Bengaluru,2018-11-08,61.98,144.0
Bengaluru,2018-11-09,33.68,94.0
Bengaluru,2018-11-10,50.36,96.0
Bengaluru,2018-11-11,55.48,105.0
Bengaluru,2018-11-12,63.66,113.0
Bengaluru,2018-11-13,71.05,143.0
Bengaluru,2018-11-14,77.53,143.0
Bengaluru,2018-11-15,58.35,141.0
Bengaluru,2018-11-16,25.1,88.0
Bengaluru,2018-11-17,49.2,84.0
Bengaluru,2018-11-18,41.2,91.0
Bengaluru,2018-11-19,19.95,77.0
Bengaluru,2018-11-20,25.85,77.0
Bengaluru,2018-11-21,33.31,81.0
Bengaluru,2018-11-22,17.95,73.0
Bengaluru,2018-11-23,25.58,79.0
Bengaluru,2018-11-24,108.3,144.0
Bengaluru,2018-11-25,61.34,142.0
Bengaluru,2018-11-26,71.66,124.0
Bengaluru,2018-11-27,54.73,127.0
Bengaluru,2018-11-28,59.58,127.0
Bengaluru,2018-11-29,42.06,119.0
Bengaluru,2018-11-30,43.16,94.0
Bengaluru,2018-12-01,40.67,86.0
Bengaluru,2018-12-02,28.25,92.0
Bengaluru,2018-12-03,33.56,73.0
Bengaluru,2018-12-04,25.83,75.0
Bengaluru,2018-12-05,51.43,106.0
Bengaluru,2018-12-06,29.32,87.0
Bengaluru,2018-12-07,37.49,90.0
Bengaluru,2018-12-08,61.0,119.0
Bengaluru,2018-12-09,63.28,128.0
Bengaluru,2018-12-10,75.78,157.0
Bengaluru,2018-12-11,88.98,180.0
Bengaluru,2018-12-12,78.59,179.0
Bengaluru,2018-12-13,67.36,148.0
Bengaluru,2018-12-14,48.45,103.0
Bengaluru,2018-12-15,47.62,85.0
Bengaluru,2018-12-16,64.42,112.0
Bengaluru,2018-12-17,86.94,146.0
Bengaluru,2018-12-18,98.84,225.0
Bengaluru,2018-12-19,61.84,142.0
Bengaluru,2018-12-20,45.7,130.0
Bengaluru,2018-12-21,51.63,116.0
Bengaluru,2018-12-22,42.57,109.0
Bengaluru,2018-12-23,37.34,87.0
Bengaluru,2018-12-24,43.13,79.0
Bengaluru,2018-12-25,57.89,103.0
Bengaluru,2018-12-26,59.38,118.0
Bengaluru,2018-12-27,57.28,117.0
Bengaluru,2018-12-28,68.37,123.0
Bengaluru,2018-12-29,65.81,124.0
Bengaluru,2018-12-30,64.29,127.0
Bengaluru,2018-12-31,63.77,123.0
Bengaluru,2019-01-01,61.55,128.0
Bengaluru,2019-01-02,47.27,103.0
Bengaluru,2019-01-03,48.86,101.0
Bengaluru,2019-01-04,51.35,106.0
Bengaluru,2019-01-05,46.57,104.0
Bengaluru,2019-01-06,56.8,115.0
Bengaluru,2019-01-07,58.29,120.0
Bengaluru,2019-01-08,60.04,120.0
Bengaluru,2019-01-09,62.6,122.0
Bengaluru,2019-01-10,63.63,120.0
Bengaluru,2019-01-11,59.52,126.0
Bengaluru,2019-01-12,70.5,132.0
Bengaluru,2019-01-13,54.44,125.0
Bengaluru,2019-01-14,58.36,111.0
Bengaluru,2019-01-15,47.13,109.0
Bengaluru,2019-01-16,62.4,113.0
Bengaluru,2019-01-17,67.83,121.0
Bengaluru,2019-01-18,75.06,152.0
Bengaluru,2019-01-19,59.01,122.0
Bengaluru,2019-01-20,42.33,106.0
Bengaluru,2019-01-21,52.05,101.0
Bengaluru,2019-01-22,72.45,145.0
Bengaluru,2019-01-23,60.91,156.0
Bengaluru,2019-01-24,50.66,130.0
Bengaluru,2019-01-25,35.76,109.0
Bengaluru,2019-01-26,51.09,102.0
Bengaluru,2019-01-27,40.56,101.0
Bengaluru,2019-01-28,38.48,99.0
Bengaluru,2019-01-29,29.81,83.0
Bengaluru,2019-01-30,62.71,107.0
Bengaluru,2019-01-31,48.44,132.0
Bengaluru,2019-02-01,49.67,109.0
Bengaluru,2019-02-02,45.32,104.0
Bengaluru,2019-02-03,39.5,101.0
Bengaluru,2019-02-04,32.91,81.0
Bengaluru,2019-02-05,37.93,92.0
Bengaluru,2019-02-06,60.08,120.0
Bengaluru,2019-02-07,51.88,146.0
Bengaluru,2019-02-08,54.76,113.0
Bengaluru,2019-02-09,68.68,134.0
Bengaluru,2019-02-10,50.31,112.0
Bengaluru,2019-02-11,41.65,80.0
Bengaluru,2019-02-12,49.32,84.0
Bengaluru,2019-02-13,47.31,96.0
Bengaluru,2019-02-14,37.94,89.0
Bengaluru,2019-02-15,35.35,103.0
Bengaluru,2019-02-16,45.37,107.0
Bengaluru,2019-02-17,47.43,123.0
Bengaluru,2019-02-18,42.92,116.0
Bengaluru,2019-02-19,44.28,116.0
Bengaluru,2019-02-20,31.49,87.0
Bengaluru,2019-02-21,36.4,85.0
Bengaluru,2019-02-22,38.35,99.0
Bengaluru,2019-02-23,51.36,105.0
Bengaluru,2019-02-24,47.59,110.0
Bengaluru,2019-02-25,39.23,103.0
Bengaluru,2019-02-26,51.92,120.0
Bengaluru,2019-02-27,45.49,115.0
Bengaluru,2019-02-28,50.8,125.0
Bengaluru,2019-03-01,58.18,143.0
Bengaluru,2019-03-02,40.93,107.0
Bengaluru,2019-03-03,36.98,114.0
Bengaluru,2019-03-04,43.15,123.0
Bengaluru,2019-03-05,49.8,118.0
Bengaluru,2019-03-06,53.53,128.0
Bengaluru,2019-03-07,65.98,152.0
Bengaluru,2019-03-08,69.62,167.0
Bengaluru,2019-03-09,51.08,151.0
Bengaluru,2019-03-10,39.45,100.0
Bengaluru,2019-03-11,34.4,91.0
Bengaluru,2019-03-12,46.15,105.0
Bengaluru,2019-03-13,50.05,113.0
Bengaluru,2019-03-14,43.73,118.0
Bengaluru,2019-03-15,41.75,106.0
Bengaluru,2019-03-16,44.32,108.0
Bengaluru,2019-03-17,45.56,115.0
Bengaluru,2019-03-18,43.24,123.0
Bengaluru,2019-03-19,39.71,113.0
Bengaluru,2019-03-20,39.8,102.0
Bengaluru,2019-03-21,49.74,120.0
Bengaluru,2019-03-22,44.52,122.0
Bengaluru,2019-03-23,51.6,119.0
Bengaluru,2019-03-24,47.42,120.0
Bengaluru,2019-03-25,46.52,97.0
Bengaluru,2019-03-26,48.85,113.0
Bengaluru,2019-03-27,56.52,129.0
Bengaluru,2019-03-28,61.59,148.0
Bengaluru,2019-03-29,58.92,149.0
Bengaluru,2019-03-30,57.09,137.0
Bengaluru,2019-03-31,55.88,135.0
Bengaluru,2019-04-01,53.46,126.0
Bengaluru,2019-04-02,55.62,136.0
Bengaluru,2019-04-03,53.61,135.0
Bengaluru,2019-04-04,58.15,127.0
Bengaluru,2019-04-05,46.54,130.0
Bengaluru,2019-04-06,46.55,130.0
Bengaluru,2019-04-07,51.73,127.0
Bengaluru,2019-04-08,52.79,125.0
Bengaluru,2019-04-09,43.88,149.0
Bengaluru,2019-04-10,52.18,123.0
Bengaluru,2019-04-11,49.25,112.0
Bengaluru,2019-04-12,49.46,130.0
Bengaluru,2019-04-13,47.24,109.0
Bengaluru,2019-04-14,41.74,106.0
Bengaluru,2019-04-15,52.38,111.0
Bengaluru,2019-04-16,40.54,115.0
Bengaluru,2019-04-17,52.84,124.0
Bengaluru,2019-04-18,46.1,127.0
Bengaluru,2019-04-19,42.33,107.0
Bengaluru,2019-04-20,29.75,122.0
Bengaluru,2019-04-21,25.18,106.0
Bengaluru,2019-04-22,40.9,107.0
Bengaluru,2019-04-23,37.08,112.0
Bengaluru,2019-04-24,42.76,108.0
Bengaluru,2019-04-25,57.96,126.0
Bengaluru,2019-04-26,63.83,144.0
Bengaluru,2019-04-27,66.34,150.0
Bengaluru,2019-04-28,61.63,141.0
Bengaluru,2019-04-29,62.42,140.0
Bengaluru,2019-04-30,53.78,124.0
Bengaluru,2019-05-01,42.75,111.0
Bengaluru,2019-05-02,46.45,103.0
Bengaluru,2019-05-03,47.56,112.0
Bengaluru,2019-05-04,56.62,120.0
Bengaluru,2019-05-05,54.62,132.0
Bengaluru,2019-05-06,52.76,131.0
Bengaluru,2019-05-07,42.61,113.0
Bengaluru,2019-05-08,33.28,87.0
Bengaluru,2019-05-09,51.42,106.0
Bengaluru,2019-05-10,39.33,120.0
Bengaluru,2019-05-11,40.38,105.0
Bengaluru,2019-05-12,34.41,101.0
Bengaluru,2019-05-13,32.08,106.0
Bengaluru,2019-05-14,31.91,88.0
Bengaluru,2019-05-15,33.89,96.0
Bengaluru,2019-05-16,38.93,102.0
Bengaluru,2019-05-17,40.64,110.0
Bengaluru,2019-05-18,55.14,121.0
Bengaluru,2019-05-19,51.35,116.0
Bengaluru,2019-05-20,46.82,109.0
Bengaluru,2019-05-21,45.3,109.0
Bengaluru,2019-05-22,40.4,107.0
Bengaluru,2019-05-23,43.26,102.0
Bengaluru,2019-05-24,35.93,92.0
Bengaluru,2019-05-25,26.07,82.0
Bengaluru,2019-05-26,22.5,91.0
Bengaluru,2019-05-27,25.77,92.0
Bengaluru,2019-05-28,38.91,92.0
Bengaluru,2019-05-29,28.66,112.0
Bengaluru,2019-05-30,35.18,98.0
Bengaluru,2019-05-31,30.29,101.0
Bengaluru,2019-06-01,28.95,89.0
Bengaluru,2019-06-02,44.24,100.0
Bengaluru,2019-06-03,20.3,98.0
Bengaluru,2019-06-04,27.33,69.0
Bengaluru,2019-06-05,28.4,78.0
Bengaluru,2019-06-06,25.72,78.0
Bengaluru,2019-06-07,25.02,102.0
Bengaluru,2019-06-08,23.54,76.0
Bengaluru,2019-06-09,16.31,66.0
Bengaluru,2019-06-10,7.85,54.0
Bengaluru,2019-06-11,11.32,50.0
Bengaluru,2019-06-12,12.8,51.0
Bengaluru,2019-06-13,16.38,50.0
Bengaluru,2019-06-14,22.11,59.0
Bengaluru,2019-06-15,23.64,69.0
Bengaluru,2019-06-16,22.01,63.0
Bengaluru,2019-06-17,25.77,61.0
Bengaluru,2019-06-18,28.82,70.0
Bengaluru,2019-06-19,25.41,74.0
Bengaluru,2019-06-20,24.36,67.0
Bengaluru,2019-06-21,25.35,64.0
Bengaluru,2019-06-22,16.58,67.0
Bengaluru,2019-06-23,14.8,66.0
Bengaluru,2019-06-24,18.54,65.0
Bengaluru,2019-06-25,30.39,65.0
Bengaluru,2019-06-26,34.69,74.0
Bengaluru,2019-06-27,26.44,72.0
Bengaluru,2019-06-28,26.98,72.0
Bengaluru,2019-06-29,25.37,79.0
Bengaluru,2019-06-30,20.16,68.0
Bengaluru,2019-07-01,26.89,65.0
Bengaluru,2019-07-02,20.79,70.0
Bengaluru,2019-07-03,18.25,64.0
Bengaluru,2019-07-04,18.92,65.0
Bengaluru,2019-07-05,20.9,63.0
Bengaluru,2019-07-06,16.65,62.0
Bengaluru,2019-07-07,19.38,69.0
Bengaluru,2019-07-08,17.24,58.0
Bengaluru,2019-07-09,19.53,64.0
Bengaluru,2019-07-10,31.67,68.0
Bengaluru,2019-07-11,23.49,86.0
Bengaluru,2019-07-12,20.95,71.0
Bengaluru,2019-07-13,20.39,62.0
Bengaluru,2019-07-14,19.18,63.0
Bengaluru,2019-07-15,17.84,65.0
Bengaluru,2019-07-16,24.91,65.0
Bengaluru,2019-07-17,26.83,69.0
Bengaluru,2019-07-18,30.97,73.0
Bengaluru,2019-07-19,18.98,66.0
Bengaluru,2019-07-20,15.96,48.0
Bengaluru,2019-07-21,19.24,64.0
Bengaluru,2019-07-22,15.91,57.0
Bengaluru,2019-07-23,19.14,56.0
Bengaluru,2019-07-24,20.89,60.0
Bengaluru,2019-07-25,20.67,64.0
Bengaluru,2019-07-26,20.33,62.0
Bengaluru,2019-07-27,23.21,55.0
Bengaluru,2019-07-28,23.3,62.0
Bengaluru,2019-07-29,18.61,64.0
Bengaluru,2019-07-30,23.14,58.0
Bengaluru,2019-07-31,26.99,58.0
Bengaluru,2019-08-01,19.87,61.0
Bengaluru,2019-08-02,18.45,59.0
Bengaluru,2019-08-03,18.13,56.0
Bengaluru,2019-08-04,16.26,60.0
Bengaluru,2019-08-05,15.08,53.0
Bengaluru,2019-08-06,14.76,48.0
Bengaluru,2019-08-07,14.94,57.0
Bengaluru,2019-08-08,14.31,53.0
Bengaluru,2019-08-09,15.53,55.0
Bengaluru,2019-08-10,13.63,49.0
Bengaluru,2019-08-11,12.95,50.0
Bengaluru,2019-08-12,18.62,52.0
Bengaluru,2019-08-13,22.1,68.0
Bengaluru,2019-08-14,26.64,70.0
Bengaluru,2019-08-15,15.63,59.0
Bengaluru,2019-08-16,18.63,51.0
Bengaluru,2019-08-17,20.79,61.0
Bengaluru,2019-08-18,23.25,67.0
Bengaluru,2019-08-19,20.73,65.0
Bengaluru,2019-08-20,18.28,74.0
Bengaluru,2019-08-21,17.04,73.0
Bengaluru,2019-08-22,17.3,68.0
Bengaluru,2019-08-23,15.08,65.0
Bengaluru,2019-08-24,15.29,57.0
Bengaluru,2019-08-25,14.98,68.0
Bengaluru,2019-08-26,14.14,63.0
Bengaluru,2019-08-27,11.42,61.0
Bengaluru,2019-08-28,15.3,52.0
Bengaluru,2019-08-29,17.22,49.0
Bengaluru,2019-08-30,15.01,53.0
Bengaluru,2019-08-31,20.82,63.0
Bengaluru,2019-09-01,17.64,61.0
Bengaluru,2019-09-02,10.98,48.0
Bengaluru,2019-09-03,11.18,51.0
Bengaluru,2019-09-04,13.01,51.0
Bengaluru,2019-09-05,13.84,56.0
Bengaluru,2019-09-06,15.34,64.0
Bengaluru,2019-09-07,20.16,63.0
Bengaluru,2019-09-08,12.63,62.0
Bengaluru,2019-09-09,15.92,63.0
Bengaluru,2019-09-10,20.67,67.0
Bengaluru,2019-09-11,19.51,62.0
Bengaluru,2019-09-12,20.53,68.0
Bengaluru,2019-09-13,21.84,67.0
Bengaluru,2019-09-14,22.29,70.0
Bengaluru,2019-09-15,21.74,69.0
Bengaluru,2019-09-16,48.41,67.0
Bengaluru,2019-09-17,68.71,120.0
Bengaluru,2019-09-18,22.83,92.0
Bengaluru,2019-09-19,23.96,82.0
Bengaluru,2019-09-20,19.12,67.0
Bengaluru,2019-09-21,22.92,74.0
Bengaluru,2019-09-22,19.15,81.0
Bengaluru,2019-09-23,24.78,91.0
Bengaluru,2019-09-24,17.68,100.0
Bengaluru,2019-09-25,13.45,81.0
Bengaluru,2019-09-26,16.59,64.0
Bengaluru,2019-09-27,32.55,83.0
Bengaluru,2019-09-28,26.32,99.0
Bengaluru,2019-09-29,38.4,93.0
Bengaluru,2019-09-30,23.22,73.0
Bengaluru,2019-10-01,34.28,88.0
Bengaluru,2019-10-02,17.34,92.0
Bengaluru,2019-10-03,26.79,95.0
Bengaluru,2019-10-04,41.28,104.0
Bengaluru,2019-10-05,32.73,107.0
Bengaluru,2019-10-06,27.15,85.0
Bengaluru,2019-10-07,35.57,88.0
Bengaluru,2019-10-08,24.46,92.0
Bengaluru,2019-10-09,31.67,89.0
Bengaluru,2019-10-10,73.77,146.0
Bengaluru,2019-10-11,45.16,95.0
Bengaluru,2019-10-12,38.44,90.0
Bengaluru,2019-10-13,20.84,72.0
Bengaluru,2019-10-14,22.61,73.0
Bengaluru,2019-10-15,24.94,79.0
Bengaluru,2019-10-16,21.73,71.0
Bengaluru,2019-10-17,19.3,75.0
Bengaluru,2019-10-18,25.83,69.0
Bengaluru,2019-10-19,19.25,71.0
Bengaluru,2019-10-20,17.2,56.0
Bengaluru,2019-10-21,20.71,69.0
Bengaluru,2019-10-22,16.46,69.0
Bengaluru,2019-10-23,11.71,66.0
Bengaluru,2019-10-24,12.57,62.0
Bengaluru,2019-10-25,13.43,65.0
Bengaluru,2019-10-26,18.21,59.0
Bengaluru,2019-10-27,42.44,74.0
Bengaluru,2019-10-28,42.44,88.0
Bengaluru,2019-10-29,34.24,80.0
Bengaluru,2019-10-30,18.77,78.0
Bengaluru,2019-10-31,18.62,68.0
Bengaluru,2019-11-01,27.42,84.0
Bengaluru,2019-11-02,27.1,77.0
Bengaluru,2019-11-03,40.0,89.0
Bengaluru,2019-11-04,54.83,95.0
Bengaluru,2019-11-05,73.88,139.0
Bengaluru,2019-11-06,94.17,169.0
Bengaluru,2019-11-07,92.21,174.0
Bengaluru,2019-11-08,69.3,159.0
Bengaluru,2019-11-09,47.14,116.0
Bengaluru,2019-11-10,52.86,96.0
Bengaluru,2019-11-11,61.83,124.0
Bengaluru,2019-11-12,27.77,96.0
Bengaluru,2019-11-13,30.39,83.0
Bengaluru,2019-11-14,23.32,80.0
Bengaluru,2019-11-15,26.33,77.0
Bengaluru,2019-11-16,20.62,82.0
Bengaluru,2019-11-17,30.7,76.0
Bengaluru,2019-11-18,27.07,72.0
Bengaluru,2019-11-19,20.23,74.0
Bengaluru,2019-11-20,21.12,77.0
Bengaluru,2019-11-21,42.28,86.0
Bengaluru,2019-11-22,44.17,96.0
Bengaluru,2019-11-23,36.68,90.0
Bengaluru,2019-11-24,41.18,79.0
Bengaluru,2019-11-25,37.44,83.0
Bengaluru,2019-11-26,35.44,88.0
Bengaluru,2019-11-27,33.02,89.0
Bengaluru,2019-11-28,23.08,86.0
Bengaluru,2019-11-29,22.97,75.0
Bengaluru,2019-11-30,23.25,75.0
Bengaluru,2019-12-01,13.46,65.0
Bengaluru,2019-12-02,13.96,70.0
Bengaluru,2019-12-03,27.28,76.0
Bengaluru,2019-12-04,38.2,86.0
Bengaluru,2019-12-05,55.45,87.0
Bengaluru,2019-12-06,57.3,103.0
Bengaluru,2019-12-07,39.42,89.0
Bengaluru,2019-12-08,23.79,68.0
Bengaluru,2019-12-09,21.29,70.0
Bengaluru,2019-12-10,20.31,74.0
Bengaluru,2019-12-11,28.62,73.0
Bengaluru,2019-12-12,28.93,77.0
Bengaluru,2019-12-13,30.65,74.0
Bengaluru,2019-12-14,23.6,74.0
Bengaluru,2019-12-15,25.33,68.0
Bengaluru,2019-12-16,24.25,69.0
Bengaluru,2019-12-17,27.65,69.0
Bengaluru,2019-12-18,42.91,82.0
Bengaluru,2019-12-19,38.66,85.0
Bengaluru,2019-12-20,44.46,91.0
Bengaluru,2019-12-21,48.62,95.0
Bengaluru,2019-12-22,46.52,88.0
Bengaluru,2019-12-23,49.33,92.0
Bengaluru,2019-12-24,35.84,89.0
Bengaluru,2019-12-25,35.48,76.0
Bengaluru,2019-12-26,44.27,95.0
Bengaluru,2019-12-27,43.32,98.0
Bengaluru,2019-12-28,35.24,82.0
Bengaluru,2019-12-29,38.53,80.0
Bengaluru,2019-12-30,47.81,93.0
Bengaluru,2019-12-31,42.54,97.0
Bengaluru,2020-01-01,30.71,82.0
Bengaluru,2020-01-02,25.78,81.0
Bengaluru,2020-01-03,29.66,85.0
Bengaluru,2020-01-04,52.62,95.0
Bengaluru,2020-01-05,52.64,118.0
Bengaluru,2020-01-06,24.74,81.0
Bengaluru,2020-01-07,22.52,75.0
Bengaluru,2020-01-08,30.92,93.0
Bengaluru,2020-01-09,40.57,101.0
Bengaluru,2020-01-10,39.29,94.0
Bengaluru,2020-01-11,31.1,78.0
Bengaluru,2020-01-12,39.5,79.0
Bengaluru,2020-01-13,53.93,106.0
Bengaluru,2020-01-14,64.35,121.0
Bengaluru,2020-01-15,45.19,111.0
Bengaluru,2020-01-16,39.36,114.0
Bengaluru,2020-01-17,34.68,106.0
Bengaluru,2020-01-18,26.9,86.0
Bengaluru,2020-01-19,26.66,66.0
Bengaluru,2020-01-20,34.51,81.0
Bengaluru,2020-01-21,37.86,90.0
Bengaluru,2020-01-22,28.25,87.0
Bengaluru,2020-01-23,41.13,82.0
Bengaluru,2020-01-24,42.19,108.0
Bengaluru,2020-01-25,44.82,100.0
Bengaluru,2020-01-26,44.48,97.0
Bengaluru,2020-01-27,45.49,98.0
Bengaluru,2020-01-28,52.63,102.0
Bengaluru,2020-01-29,46.45,115.0
Bengaluru,2020-01-30,43.42,112.0
Bengaluru,2020-01-31,46.36,111.0
Bengaluru,2020-02-01,52.07,102.0
Bengaluru,2020-02-02,35.27,94.0
Bengaluru,2020-02-03,33.79,79.0
Bengaluru,2020-02-04,29.27,82.0
Bengaluru,2020-02-05,30.66,86.0
Bengaluru,2020-02-06,43.83,96.0
Bengaluru,2020-02-07,49.51,96.0
Bengaluru,2020-02-08,45.3,105.0
Bengaluru,2020-02-09,52.39,101.0
Bengaluru,2020-02-10,35.53,103.0
Bengaluru,2020-02-11,33.94,87.0
Bengaluru,2020-02-12,32.82,80.0
Bengaluru,2020-02-13,37.67,84.0
Bengaluru,2020-02-14,50.47,111.0
Bengaluru,2020-02-15,54.91,128.0
Bengaluru,2020-02-16,45.02,120.0
Bengaluru,2020-02-17,41.66,99.0
Bengaluru,2020-02-18,43.29,103.0
Bengaluru,2020-02-19,55.31,101.0
Bengaluru,2020-02-20,47.86,94.0
Bengaluru,2020-02-21,30.24,90.0
Bengaluru,2020-02-22,33.96,78.0
Bengaluru,2020-02-23,36.3,81.0
Bengaluru,2020-02-24,35.6,82.0
Bengaluru,2020-02-25,41.83,107.0
Bengaluru,2020-02-26,47.39,104.0
Bengaluru,2020-02-27,39.39,112.0
Bengaluru,2020-02-28,42.58,98.0
Bengaluru,2020-02-29,48.75,95.0
Bengaluru,2020-03-01,56.2,101.0
Bengaluru,2020-03-02,53.75,103.0
Bengaluru,2020-03-03,70.78,137.0
Bengaluru,2020-03-04,55.66,131.0
Bengaluru,2020-03-05,57.89,117.0
Bengaluru,2020-03-06,41.84,100.0
Bengaluru,2020-03-07,44.33,93.0
Bengaluru,2020-03-08,38.66,91.0
Bengaluru,2020-03-09,38.88,99.0
Bengaluru,2020-03-10,41.48,93.0
Bengaluru,2020-03-11,39.57,95.0
Bengaluru,2020-03-12,34.62,97.0
Bengaluru,2020-03-13,34.77,90.0
Bengaluru,2020-03-14,29.97,86.0
Bengaluru,2020-03-15,33.96,88.0
Bengaluru,2020-03-16,26.15,79.0
Bengaluru,2020-03-17,24.15,77.0
Bengaluru,2020-03-18,29.66,78.0
Bengaluru,2020-03-19,38.15,91.0
Bengaluru,2020-03-20,43.31,100.0
Bengaluru,2020-03-21,40.62,103.0
Bengaluru,2020-03-22,30.16,99.0
Bengaluru,2020-03-23,40.28,85.0
Bengaluru,2020-03-24,50.85,106.0
Bengaluru,2020-03-25,25.25,70.0
Bengaluru,2020-03-26,27.77,61.0
Bengaluru,2020-03-27,27.47,67.0
Bengaluru,2020-03-28,24.89,70.0
Bengaluru,2020-03-29,28.45,66.0
Bengaluru,2020-03-30,32.46,72.0
Bengaluru,2020-03-31,22.01,68.0
Bengaluru,2020-04-01,22.54,64.0
Bengaluru,2020-04-02,27.12,70.0
Bengaluru,2020-04-03,34.12,82.0
Bengaluru,2020-04-04,31.93,74.0
Bengaluru,2020-04-05,30.26,77.0
Bengaluru,2020-04-06,22.68,65.0
Bengaluru,2020-04-07,15.14,62.0
Bengaluru,2020-04-08,18.39,67.0
Bengaluru,2020-04-09,23.32,65.0
Bengaluru,2020-04-10,30.06,76.0
Bengaluru,2020-04-11,26.99,70.0
Bengaluru,2020-04-12,22.38,64.0
Bengaluru,2020-04-13,25.61,72.0
Bengaluru,2020-04-14,30.24,72.0
Bengaluru,2020-04-15,33.62,74.0
Bengaluru,2020-04-16,25.27,66.0
Bengaluru,2020-04-17,40.0,74.0
Bengaluru,2020-04-18,34.03,94.0
Bengaluru,2020-04-19,24.22,67.0
Bengaluru,2020-04-20,19.42,53.0
Bengaluru,2020-04-21,17.04,65.0
Bengaluru,2020-04-22,19.95,71.0
Bengaluru,2020-04-23,26.1,63.0
Bengaluru,2020-04-24,26.25,69.0
Bengaluru,2020-04-25,25.98,66.0
Bengaluru,2020-04-26,21.32,61.0
Bengaluru,2020-04-27,19.25,59.0
Bengaluru,2020-04-28,20.74,71.0
Bengaluru,2020-04-29,13.68,62.0
Bengaluru,2020-04-30,20.3,61.0
Bengaluru,2020-05-01,24.81,74.0
Bengaluru,2020-05-02,18.36,72.0
Bengaluru,2020-05-03,22.35,71.0
Bengaluru,2020-05-04,26.1,79.0
Bengaluru,2020-05-05,29.23,91.0
Bengaluru,2020-05-06,23.02,85.0
Bengaluru,2020-05-07,26.87,82.0
Bengaluru,2020-05-08,17.61,73.0
Bengaluru,2020-05-09,21.05,76.0
Bengaluru,2020-05-10,24.29,78.0
Bengaluru,2020-05-11,20.58,77.0
Bengaluru,2020-05-12,15.43,82.0
Bengaluru,2020-05-13,14.56,66.0
Bengaluru,2020-05-14,24.81,66.0
Bengaluru,2020-05-15,17.34,73.0
Bengaluru,2020-05-16,23.44,74.0
Bengaluru,2020-05-17,21.25,70.0
Bengaluru,2020-05-18,16.82,68.0
Bengaluru,2020-05-19,23.81,72.0
Bengaluru,2020-05-20,17.9,79.0
Bengaluru,2020-05-21,19.53,70.0
Bengaluru,2020-05-22,18.13,68.0
Bengaluru,2020-05-23,19.52,72.0
Bengaluru,2020-05-24,18.62,66.0
Bengaluru,2020-05-25,21.06,70.0
Bengaluru,2020-05-26,22.25,66.0
Bengaluru,2020-05-27,19.81,75.0
Bengaluru,2020-05-28,28.46,74.0
Bengaluru,2020-05-29,23.16,66.0
Bengaluru,2020-05-30,15.87,72.0
Bengaluru,2020-05-31,23.32,61.0
Bengaluru,2020-06-01,9.16,49.0
Bengaluru,2020-06-02,8.95,40.0
Bengaluru,2020-06-03,9.69,42.0
Bengaluru,2020-06-04,10.91,43.0
Bengaluru,2020-06-05,22.88,55.0
Bengaluru,2020-06-06,18.18,55.0
Bengaluru,2020-06-07,17.6,55.0
Bengaluru,2020-06-08,20.16,55.0
Bengaluru,2020-06-09,21.7,58.0
Bengaluru,2020-06-10,25.44,70.0
Bengaluru,2020-06-11,16.53,59.0
Bengaluru,2020-06-12,16.84,49.0
Bengaluru,2020-06-13,16.79,50.0
Bengaluru,2020-06-14,16.66,49.0
Bengaluru,2020-06-15,19.57,47.0
Bengaluru,2020-06-16,17.07,55.0
Bengaluru,2020-06-17,18.29,57.0
Bengaluru,2020-06-18,28.32,65.0
Bengaluru,2020-06-19,21.55,65.0
Bengaluru,2020-06-20,18.32,56.0
Bengaluru,2020-06-21,18.18,52.0
Bengaluru,2020-06-22,15.65,49.0
Bengaluru,2020-06-23,20.38,56.0
Bengaluru,2020-06-24,19.72,63.0
Bengaluru,2020-06-25,16.93,63.0
Bengaluru,2020-06-26,15.4,58.0
Bengaluru,2020-06-27,16.6,51.0
Bengaluru,2020-06-28,20.44,61.0
Bengaluru,2020-06-29,28.68,65.0
Bengaluru,2020-06-30,14.47,63.0
Bengaluru,2020-07-01,17.5,43.0
Ernakulam,2020-01-25,53.0,154.0
Ernakulam,2020-01-26,58.31,153.0
Ernakulam,2020-01-27,53.06,159.0
Ernakulam,2020-01-28,60.99,180.0
Ernakulam,2020-01-29,57.41,127.0
Ernakulam,2020-01-30,43.89,96.0
Ernakulam,2020-01-31,35.45,89.0
Ernakulam,2020-02-01,38.01,86.0
Ernakulam,2020-02-02,38.63,77.0
Ernakulam,2020-02-03,40.97,80.0
Ernakulam,2020-02-04,54.34,92.0
Ernakulam,2020-02-05,52.85,97.0
Ernakulam,2020-02-06,35.61,95.0
Ernakulam,2020-02-07,42.18,98.0
Ernakulam,2020-02-08,36.49,96.0
Ernakulam,2020-02-09,36.94,86.0
Ernakulam,2020-02-10,39.27,91.0
Ernakulam,2020-02-11,38.45,104.0
Ernakulam,2020-02-12,51.09,101.0
Ernakulam,2020-02-13,39.8,92.0
Ernakulam,2020-02-14,49.84,108.0
Ernakulam,2020-02-15,33.41,99.0
Ernakulam,2020-02-16,39.71,106.0
Ernakulam,2020-02-17,50.63,96.0
Ernakulam,2020-02-18,49.29,93.0
Ernakulam,2020-02-19,78.27,133.0
Ernakulam,2020-02-20,55.37,114.0
Ernakulam,2020-02-21,59.74,102.0
Ernakulam,2020-02-22,47.75,96.0
Ernakulam,2020-02-23,37.76,76.0
Ernakulam,2020-02-24,44.43,90.0
Ernakulam,2020-02-25,42.85,94.0
Ernakulam,2020-02-26,52.33,96.0
Ernakulam,2020-02-27,46.96,95.0
Ernakulam,2020-02-28,47.25,102.0
Ernakulam,2020-02-29,35.35,94.0
Ernakulam,2020-03-01,34.65,79.0
Ernakulam,2020-03-02,35.76,89.0
Ernakulam,2020-03-03,27.97,101.0
Ernakulam,2020-03-04,30.85,102.0
Ernakulam,2020-03-05,37.26,104.0
Ernakulam,2020-03-06,30.91,104.0
Ernakulam,2020-03-07,18.17,86.0
Ernakulam,2020-03-08,27.59,88.0
Ernakulam,2020-03-09,24.22,90.0
Ernakulam,2020-03-10,32.43,77.0
Ernakulam,2020-03-12,13.87,88.0
Ernakulam,2020-03-14,27.79,94.0
Ernakulam,2020-03-15,37.26,87.0
Ernakulam,2020-03-16,37.0,93.0
Ernakulam,2020-03-17,45.49,98.0
Ernakulam,2020-03-18,46.85,99.0
Ernakulam,2020-03-19,39.62,100.0
Ernakulam,2020-03-20,33.6,98.0
Ernakulam,2020-03-21,31.66,92.0
Ernakulam,2020-03-22,20.49,69.0
Ernakulam,2020-03-23,17.84,70.0
Ernakulam,2020-03-24,24.79,74.0
Ernakulam,2020-03-25,15.93,61.0
Ernakulam,2020-03-26,20.66,59.0
Ernakulam,2020-03-27,30.79,64.0
Ernakulam,2020-03-28,30.1,63.0
Ernakulam,2020-03-29,24.88,56.0
Ernakulam,2020-03-31,22.11,68.0
Ernakulam,2020-04-01,22.8,66.0
Ernakulam,2020-04-02,29.16,68.0
Ernakulam,2020-04-03,23.25,69.0
Ernakulam,2020-04-04,21.57,67.0
Ernakulam,2020-04-05,16.04,64.0
Ernakulam,2020-04-06,9.54,63.0
Ernakulam,2020-04-07,11.39,67.0
Ernakulam,2020-04-08,18.28,75.0
Ernakulam,2020-04-09,17.75,66.0
Ernakulam,2020-04-10,14.42,61.0
Ernakulam,2020-04-11,17.2,62.0
Ernakulam,2020-04-12,14.17,65.0
Ernakulam,2020-04-13,22.86,77.0
Ernakulam,2020-04-14,24.44,77.0
Ernakulam,2020-04-15,14.38,71.0
Ernakulam,2020-04-16,16.74,69.0
Ernakulam,2020-04-17,17.05,72.0
Ernakulam,2020-04-18,15.67,75.0
Ernakulam,2020-04-19,21.2,78.0
Ernakulam,2020-04-20,16.12,78.0
Ernakulam,2020-04-21,9.52,77.0
Ernakulam,2020-04-22,12.31,68.0
Ernakulam,2020-04-23,23.42,70.0
Ernakulam,2020-04-24,20.69,64.0
Ernakulam,2020-04-25,19.38,55.0
Ernakulam,2020-04-26,18.44,59.0
Ernakulam,2020-04-27,14.88,72.0
Ernakulam,2020-04-28,16.31,80.0
Ernakulam,2020-04-29,14.14,80.0
Ernakulam,2020-04-30,19.22,88.0
Ernakulam,2020-05-01,17.29,86.0
Ernakulam,2020-05-02,19.22,91.0
Ernakulam,2020-05-03,19.66,88.0
Ernakulam,2020-05-04,19.04,94.0
Ernakulam,2020-05-05,24.34,99.0
Ernakulam,2020-05-06,24.61,101.0
Ernakulam,2020-05-07,10.07,83.0
Ernakulam,2020-05-08,9.96,92.0
Ernakulam,2020-05-09,13.76,99.0
Ernakulam,2020-05-10,18.07,94.0
Ernakulam,2020-05-11,11.07,93.0
Ernakulam,2020-05-12,23.83,104.0
Ernakulam,2020-05-13,13.66,102.0
Ernakulam,2020-05-14,18.49,105.0
Ernakulam,2020-05-15,16.93,103.0
Ernakulam,2020-05-16,11.0,96.0
Ernakulam,2020-05-17,14.54,100.0
Ernakulam,2020-05-18,20.78,106.0
Ernakulam,2020-05-19,18.82,113.0
Ernakulam,2020-05-20,9.3,107.0
Ernakulam,2020-05-21,8.23,97.0
Ernakulam,2020-05-22,9.15,92.0
Ernakulam,2020-05-23,16.41,101.0
Ernakulam,2020-05-24,15.75,88.0
Ernakulam,2020-05-25,17.83,96.0
Ernakulam,2020-05-26,12.81,100.0
Ernakulam,2020-05-27,18.49,105.0
Ernakulam,2020-05-28,12.41,103.0
Ernakulam,2020-05-29,12.57,102.0
Ernakulam,2020-05-30,8.58,93.0
Ernakulam,2020-05-31,5.54,81.0
Ernakulam,2020-06-01,8.58,95.0
Ernakulam,2020-06-02,4.85,95.0
Ernakulam,2020-06-03,5.91,96.0
Ernakulam,2020-06-04,3.48,90.0
Ernakulam,2020-06-05,6.91,102.0
Ernakulam,2020-06-06,5.95,103.0
Ernakulam,2020-06-07,10.01,98.0
Ernakulam,2020-06-08,10.29,105.0
Ernakulam,2020-06-09,16.7,110.0
Ernakulam,2020-06-10,15.66,108.0
Ernakulam,2020-06-11,10.79,108.0
Ernakulam,2020-06-12,19.09,115.0
Ernakulam,2020-06-13,16.22,114.0
Ernakulam,2020-06-14,7.86,100.0
Ernakulam,2020-06-15,10.34,81.0
Ernakulam,2020-06-16,6.49,100.0
Ernakulam,2020-06-20,19.85,106.0
Ernakulam,2020-06-21,5.71,103.0
Ernakulam,2020-06-22,13.24,109.0
Ernakulam,2020-06-23,14.8,110.0
Ernakulam,2020-06-24,23.73,113.0
Ernakulam,2020-06-25,10.63,106.0
Ernakulam,2020-06-26,5.8,104.0
Ernakulam,2020-06-27,12.14,108.0
Ernakulam,2020-06-28,8.97,106.0
Ernakulam,2020-06-29,12.22,109.0
Ernakulam,2020-06-30,11.87,109.0
Ernakulam,2020-07-01,5.88,111.0
Hyderabad,2015-03-31,47.03,120.0
Hyderabad,2015-04-01,40.62,112.0
Hyderabad,2015-04-06,83.0,141.0
Hyderabad,2015-04-07,112.21,197.0
Hyderabad,2015-04-08,38.67,177.0
Hyderabad,2015-04-09,33.88,104.0
Hyderabad,2015-04-10,30.88,106.0
Hyderabad,2015-04-11,42.88,105.0
Hyderabad,2015-04-12,26.38,128.0
Hyderabad,2015-04-13,56.39,133.0
Hyderabad,2015-04-14,158.32,312.0
Hyderabad,2015-04-15,44.79,179.0
Hyderabad,2015-04-16,30.21,112.0
Hyderabad,2015-04-17,39.04,106.0
Hyderabad,2015-04-18,76.0,147.0
Hyderabad,2015-04-19,54.25,139.0
Hyderabad,2015-04-20,41.38,118.0
Hyderabad,2015-04-21,75.08,123.0
Hyderabad,2015-04-22,39.71,157.0
Hyderabad,2015-04-23,87.54,149.0
Hyderabad,2015-04-24,39.38,165.0
Hyderabad,2015-04-25,35.61,119.0
Hyderabad,2015-04-26,47.09,98.0
Hyderabad,2015-04-27,40.78,86.0
Hyderabad,2015-04-28,46.62,124.0
Hyderabad,2015-04-29,94.29,148.0
Hyderabad,2015-04-30,53.79,176.0
Hyderabad,2015-05-01,89.62,206.0
Hyderabad,2015-05-02,49.38,134.0
Hyderabad,2015-05-03,38.96,115.0
Hyderabad,2015-05-04,45.0,113.0
Hyderabad,2015-05-05,42.62,116.0
Hyderabad,2015-05-06,43.29,150.0
Hyderabad,2015-05-07,40.12,157.0
Hyderabad,2015-05-08,56.88,121.0
Hyderabad,2015-05-09,62.38,149.0
Hyderabad,2015-05-10,54.08,125.0
Hyderabad,2015-05-11,67.08,140.0
Hyderabad,2015-05-12,40.88,130.0
Hyderabad,2015-05-13,83.21,125.0
Hyderabad,2015-05-14,40.58,177.0
Hyderabad,2015-05-15,36.5,123.0
Hyderabad,2015-05-16,41.67,120.0
Hyderabad,2015-05-17,32.75,114.0
Hyderabad,2015-05-18,42.96,116.0
Hyderabad,2015-05-19,60.79,143.0
Hyderabad,2015-05-20,53.67,145.0
Hyderabad,2015-05-21,68.96,158.0
Hyderabad,2015-05-22,66.38,171.0
Hyderabad,2015-05-23,43.29,117.0
Hyderabad,2015-05-24,44.79,117.0
Hyderabad,2015-05-25,41.21,132.0
Hyderabad,2015-05-26,54.12,113.0
Hyderabad,2015-05-27,60.5,160.0
Hyderabad,2015-05-28,45.38,83.0
Hyderabad,2015-05-29,49.54,120.0
Hyderabad,2015-05-30,48.12,120.0
Hyderabad,2015-05-31,53.42,125.0
Hyderabad,2015-06-01,237.79,165.0
Hyderabad,2015-06-02,539.13,661.0
Hyderabad,2015-06-03,49.54,294.0
Hyderabad,2015-06-04,50.58,125.0
Hyderabad,2015-06-05,43.62,117.0
Hyderabad,2015-06-06,83.88,127.0
Hyderabad,2015-06-07,43.12,179.0
Hyderabad,2015-06-08,30.71,118.0
Hyderabad,2015-06-09,25.79,98.0
Hyderabad,2015-06-10,25.58,100.0
Hyderabad,2015-06-11,26.0,102.0
Hyderabad,2015-06-12,24.88,95.0
Hyderabad,2015-06-13,29.33,106.0
Hyderabad,2015-06-14,87.21,142.0
Hyderabad,2015-06-15,25.07,163.0
Hyderabad,2015-06-16,31.0,98.0
Hyderabad,2015-06-17,26.38,98.0
Hyderabad,2015-06-18,23.83,94.0
Hyderabad,2015-06-19,26.92,93.0
Hyderabad,2015-06-20,26.82,96.0
Hyderabad,2015-06-21,23.67,94.0
Hyderabad,2015-06-22,66.78,105.0
Hyderabad,2015-06-23,14.75,132.0
Hyderabad,2015-06-24,467.67,348.0
Hyderabad,2015-06-25,22.75,342.0
Hyderabad,2015-06-26,33.29,96.0
Hyderabad,2015-06-27,39.62,104.0
Hyderabad,2015-06-28,35.88,114.0
Hyderabad,2015-06-29,45.88,141.0
Hyderabad,2015-06-30,35.54,119.0
Hyderabad,2015-07-01,26.29,99.0
Hyderabad,2015-07-02,29.67,97.0
Hyderabad,2015-07-03,37.0,108.0
Hyderabad,2015-07-04,34.92,103.0
Hyderabad,2015-07-05,29.54,102.0
Hyderabad,2015-07-06,27.42,97.0
Hyderabad,2015-07-07,31.38,99.0
Hyderabad,2015-07-08,26.5,98.0
Hyderabad,2015-07-09,24.42,91.0
Hyderabad,2015-07-10,24.97,94.0
Hyderabad,2015-07-11,24.71,91.0
Hyderabad,2015-07-12,32.54,98.0
Hyderabad,2015-07-13,32.46,117.0
Hyderabad,2015-07-14,36.08,102.0
Hyderabad,2015-07-15,30.78,113.0
Hyderabad,2015-07-16,31.94,184.0
Hyderabad,2015-07-17,23.75,58.0
Hyderabad,2015-07-18,23.04,38.0
Hyderabad,2015-07-19,24.17,40.0
Hyderabad,2015-07-20,25.12,41.0
Hyderabad,2015-07-21,25.77,43.0
Hyderabad,2015-07-22,24.78,40.0
Hyderabad,2015-07-23,22.92,41.0
Hyderabad,2015-07-24,20.52,49.0
Hyderabad,2015-07-25,20.58,33.0
Hyderabad,2015-07-26,24.08,39.0
Hyderabad,2015-07-27,22.61,91.0
Hyderabad,2015-07-28,24.46,38.0
Hyderabad,2015-07-29,28.17,47.0
Hyderabad,2015-07-30,19.83,38.0
Hyderabad,2015-07-31,19.33,104.0
Hyderabad,2015-08-01,21.46,89.0
Hyderabad,2015-08-02,28.96,100.0
Hyderabad,2015-08-03,23.04,92.0
Hyderabad,2015-08-04,26.33,92.0
Hyderabad,2015-08-05,21.56,92.0
Hyderabad,2015-08-06,24.75,91.0
Hyderabad,2015-08-07,24.82,93.0
Hyderabad,2015-08-08,25.79,95.0
Hyderabad,2015-08-09,25.79,92.0
Hyderabad,2015-08-10,24.96,96.0
Hyderabad,2015-08-11,22.0,90.0
Hyderabad,2015-08-12,17.79,87.0
Hyderabad,2015-08-13,26.18,89.0
Hyderabad,2015-08-14,28.33,96.0
Hyderabad,2015-08-15,29.96,106.0
Hyderabad,2015-08-16,30.67,104.0
Hyderabad,2015-08-17,30.79,112.0
Hyderabad,2015-08-18,34.23,102.0
Hyderabad,2015-08-19,75.88,122.0
Hyderabad,2015-08-20,107.98,214.0
Hyderabad,2015-08-21,299.25,316.0
Hyderabad,2015-08-22,108.69,390.0
Hyderabad,2015-08-23,51.0,221.0
Hyderabad,2015-08-24,65.69,88.0
Hyderabad,2015-08-25,67.85,173.0
Hyderabad,2015-08-26,32.6,114.0
Hyderabad,2015-08-27,96.77,128.0
Hyderabad,2015-08-28,102.47,253.0
Hyderabad,2015-08-29,31.12,186.0
Hyderabad,2015-08-30,30.12,101.0
Hyderabad,2015-08-31,38.9,97.0
Hyderabad,2015-09-01,53.65,124.0
Hyderabad,2015-09-02,90.29,136.0
Hyderabad,2015-09-03,96.48,263.0
Hyderabad,2015-09-04,161.72,237.0
Hyderabad,2015-09-05,114.41,305.0
Hyderabad,2015-09-06,59.42,237.0
Hyderabad,2015-09-07,48.83,114.0
Hyderabad,2015-09-08,91.82,179.0
Hyderabad,2015-09-09,35.56,162.0
Hyderabad,2015-09-10,45.64,76.0
Hyderabad,2015-09-11,60.88,140.0
Hyderabad,2015-09-12,65.61,128.0
Hyderabad,2015-09-13,60.02,164.0
Hyderabad,2015-09-14,73.21,169.0
Hyderabad,2015-09-15,83.87,189.0
Hyderabad,2015-09-16,56.53,142.0
Hyderabad,2015-09-17,33.03,112.0
Hyderabad,2015-09-18,37.08,60.0
Hyderabad,2015-09-19,95.29,114.0
Hyderabad,2015-09-20,105.12,271.0
Hyderabad,2015-09-21,86.36,217.0
Hyderabad,2015-09-22,88.0,160.0
Hyderabad,2015-09-23,110.77,270.0
Hyderabad,2015-09-24,44.79,136.0
Hyderabad,2015-09-25,63.99,81.0
Hyderabad,2015-09-26,107.7,179.0
Hyderabad,2015-09-27,64.93,221.0
Hyderabad,2015-09-28,78.9,138.0
Hyderabad,2015-09-29,69.88,139.0
Hyderabad,2015-09-30,158.15,240.0
Hyderabad,2015-10-01,120.75,340.0
Hyderabad,2015-10-02,29.66,125.0
Hyderabad,2015-10-03,36.56,75.0
Hyderabad,2015-10-04,42.69,85.0
Hyderabad,2015-10-05,75.04,113.0
Hyderabad,2015-10-06,136.45,231.0
Hyderabad,2015-10-07,150.93,246.0
Hyderabad,2015-10-08,116.24,244.0
Hyderabad,2015-10-09,137.28,316.0
Hyderabad,2015-10-10,69.24,219.0
Hyderabad,2015-10-11,45.98,117.0
Hyderabad,2015-10-12,106.66,182.0
Hyderabad,2015-10-13,58.05,125.0
Hyderabad,2015-10-14,124.14,189.0
Hyderabad,2015-10-15,192.41,272.0
Hyderabad,2015-10-16,118.66,266.0
Hyderabad,2015-10-17,155.84,230.0
Hyderabad,2015-10-18,59.6,210.0
Hyderabad,2015-10-19,65.35,118.0
Hyderabad,2015-10-20,116.35,179.0
Hyderabad,2015-10-21,84.18,212.0
Hyderabad,2015-10-22,86.98,156.0
Hyderabad,2015-10-23,73.34,191.0
Hyderabad,2015-10-24,133.6,185.0
Hyderabad,2015-10-25,103.01,235.0
Hyderabad,2015-10-26,95.22,210.0
Hyderabad,2015-10-27,122.14,226.0
Hyderabad,2015-10-28,81.18,227.0
Hyderabad,2015-10-29,252.47,216.0
Hyderabad,2015-10-30,516.2,487.0
Hyderabad,2015-10-31,270.21,502.0
Hyderabad,2015-11-01,31.56,188.0
Hyderabad,2015-11-02,54.91,106.0
Hyderabad,2015-11-03,56.93,120.0
Hyderabad,2015-11-04,40.67,130.0
Hyderabad,2015-11-05,50.03,103.0
Hyderabad,2015-11-06,89.59,179.0
Hyderabad,2015-11-07,86.87,206.0
Hyderabad,2015-11-08,51.21,145.0
Hyderabad,2015-11-09,53.87,114.0
Hyderabad,2015-11-10,67.45,129.0
Hyderabad,2015-11-11,85.48,135.0
Hyderabad,2015-11-12,88.14,275.0
Hyderabad,2015-11-13,72.77,157.0
Hyderabad,2015-11-14,61.82,131.0
Hyderabad,2015-11-15,70.51,144.0
Hyderabad,2015-11-16,69.02,130.0
Hyderabad,2015-11-17,44.27,128.0
Hyderabad,2015-11-18,46.31,102.0
Hyderabad,2015-11-19,37.76,110.0
Hyderabad,2015-11-20,30.44,86.0
Hyderabad,2015-11-21,38.88,92.0
Hyderabad,2015-11-22,70.96,121.0
Hyderabad,2015-11-23,46.04,97.0
Hyderabad,2015-11-24,40.59,102.0
Hyderabad,2015-11-25,69.37,119.0
Hyderabad,2015-11-26,91.06,199.0
Hyderabad,2015-11-27,83.12,172.0
Hyderabad,2015-11-28,81.22,172.0
Hyderabad,2015-11-29,67.13,164.0
Hyderabad,2015-11-30,45.49,119.0
Hyderabad,2015-12-01,38.24,101.0
Hyderabad,2015-12-02,29.53,95.0
Hyderabad,2015-12-03,45.97,99.0
Hyderabad,2015-12-04,57.22,120.0
Hyderabad,2015-12-05,61.11,127.0
Hyderabad,2015-12-06,61.38,133.0
Hyderabad,2015-12-07,79.25,160.0
Hyderabad,2015-12-08,72.74,147.0
Hyderabad,2015-12-09,60.2,137.0
Hyderabad,2015-12-10,49.53,120.0
Hyderabad,2015-12-11,24.85,101.0
Hyderabad,2015-12-12,42.92,111.0
Hyderabad,2015-12-13,57.34,124.0
Hyderabad,2015-12-14,30.53,102.0
Hyderabad,2015-12-15,30.54,100.0
Hyderabad,2015-12-16,33.68,101.0
Hyderabad,2015-12-17,33.48,92.0
Hyderabad,2015-12-18,36.17,98.0
Hyderabad,2015-12-19,38.31,101.0
Hyderabad,2015-12-20,45.87,104.0
Hyderabad,2015-12-21,30.24,93.0
Hyderabad,2015-12-22,59.23,102.0
Hyderabad,2015-12-23,38.41,115.0
Hyderabad,2015-12-24,60.86,113.0
Hyderabad,2015-12-25,74.08,142.0
Hyderabad,2015-12-26,79.9,174.0
Hyderabad,2015-12-27,79.52,176.0
Hyderabad,2015-12-28,65.91,148.0
Hyderabad,2015-12-29,68.43,147.0
Hyderabad,2015-12-30,83.76,171.0
Hyderabad,2015-12-31,177.62,213.0
Hyderabad,2016-01-01,232.83,387.0
Hyderabad,2016-01-02,71.44,211.0
Hyderabad,2016-01-03,66.92,145.0
Hyderabad,2016-01-04,134.61,177.0
Hyderabad,2016-01-05,80.83,218.0
Hyderabad,2016-01-06,109.82,205.0
Hyderabad,2016-01-07,66.19,195.0
Hyderabad,2016-01-08,69.27,145.0
Hyderabad,2016-01-09,97.2,228.0
Hyderabad,2016-01-10,72.09,200.0
Hyderabad,2016-01-11,71.44,159.0
Hyderabad,2016-01-12,129.67,219.0
Hyderabad,2016-01-13,103.44,257.0
Hyderabad,2016-01-14,60.76,216.0
Hyderabad,2016-01-15,56.01,155.0
Hyderabad,2016-01-16,58.57,148.0
Hyderabad,2016-01-17,54.12,161.0
Hyderabad,2016-01-18,43.05,171.0
Hyderabad,2016-01-19,50.38,152.0
Hyderabad,2016-01-20,75.11,128.0
Hyderabad,2016-01-21,62.65,147.0
Hyderabad,2016-01-22,51.14,117.0
Hyderabad,2016-01-23,66.16,118.0
Hyderabad,2016-01-24,73.91,149.0
Hyderabad,2016-01-25,69.02,148.0
Hyderabad,2016-01-26,47.09,120.0
Hyderabad,2016-01-27,58.2,133.0
Hyderabad,2016-01-28,66.76,117.0
Hyderabad,2016-01-29,60.79,112.0
Hyderabad,2016-01-30,61.3,110.0
Hyderabad,2016-01-31,77.8,139.0
Hyderabad,2016-02-01,67.17,136.0
Hyderabad,2016-02-02,58.73,120.0
Hyderabad,2016-02-03,57.81,112.0
Hyderabad,2016-02-04,103.27,108.0
Hyderabad,2016-02-05,68.56,174.0
Hyderabad,2016-02-06,61.7,137.0
Hyderabad,2016-02-07,61.74,121.0
Hyderabad,2016-02-08,69.72,134.0
Hyderabad,2016-02-09,72.39,149.0
Hyderabad,2016-02-10,62.0,137.0
Hyderabad,2016-02-11,66.95,124.0
Hyderabad,2016-02-12,61.41,122.0
Hyderabad,2016-02-13,62.77,120.0
Hyderabad,2016-02-14,58.29,120.0
Hyderabad,2016-02-15,56.27,116.0
Hyderabad,2016-02-16,37.03,123.0
Hyderabad,2016-02-17,47.56,95.0
Hyderabad,2016-02-18,45.02,102.0
Hyderabad,2016-02-19,44.95,100.0
Hyderabad,2016-02-20,173.37,134.0
Hyderabad,2016-02-21,525.09,442.0
Hyderabad,2016-02-22,353.58,510.0
Hyderabad,2016-02-23,65.95,235.0
Hyderabad,2016-02-24,50.22,115.0
Hyderabad,2016-02-25,53.47,113.0
Hyderabad,2016-02-26,48.65,109.0
Hyderabad,2016-02-27,29.42,100.0
Hyderabad,2016-02-28,36.27,99.0
Hyderabad,2016-02-29,33.01,98.0
Hyderabad,2016-03-01,38.91,102.0
Hyderabad,2016-03-02,48.34,106.0
Hyderabad,2016-03-03,50.06,110.0
Hyderabad,2016-03-04,63.29,117.0
Hyderabad,2016-03-05,65.76,129.0
Hyderabad,2016-03-06,43.36,118.0
Hyderabad,2016-03-07,38.93,100.0
Hyderabad,2016-03-08,41.44,98.0
Hyderabad,2016-03-09,50.81,118.0
Hyderabad,2016-03-10,60.66,121.0
Hyderabad,2016-03-11,63.93,117.0
Hyderabad,2016-03-12,63.41,135.0
Hyderabad,2016-03-13,57.96,121.0
Hyderabad,2016-03-14,63.41,126.0
Hyderabad,2016-03-15,48.22,109.0
Hyderabad,2016-03-16,49.29,106.0
Hyderabad,2016-03-17,45.8,111.0
Hyderabad,2016-03-18,54.89,98.0
Hyderabad,2016-03-19,52.53,95.0
Hyderabad,2016-03-20,65.12,111.0
Hyderabad,2016-03-21,56.19,112.0
Hyderabad,2016-03-22,56.72,121.0
Hyderabad,2016-03-23,77.4,123.0
Hyderabad,2016-03-24,73.6,160.0
Hyderabad,2016-03-25,73.9,151.0
Hyderabad,2016-03-26,61.09,134.0
Hyderabad,2016-03-27,69.37,141.0
Hyderabad,2016-03-28,64.25,138.0
Hyderabad,2016-03-29,58.28,123.0
Hyderabad,2016-03-30,55.96,125.0
Hyderabad,2016-03-31,43.84,92.0
Hyderabad,2016-04-01,57.97,103.0
Hyderabad,2016-04-02,56.44,102.0
Hyderabad,2016-04-03,70.8,103.0
Hyderabad,2016-04-04,53.75,146.0
Hyderabad,2016-04-05,52.91,103.0
Hyderabad,2016-04-06,50.6,117.0
Hyderabad,2016-04-07,42.22,120.0
Hyderabad,2016-04-08,31.46,88.0
Hyderabad,2016-04-09,31.88,77.0
Hyderabad,2016-04-10,28.04,79.0
Hyderabad,2016-04-11,46.8,99.0
Hyderabad,2016-04-12,48.99,117.0
Hyderabad,2016-04-13,55.96,116.0
Hyderabad,2016-04-14,66.47,131.0
Hyderabad,2016-04-15,54.58,121.0
Hyderabad,2016-04-16,70.92,125.0
Hyderabad,2016-04-17,63.68,151.0
Hyderabad,2016-04-18,51.86,139.0
Hyderabad,2016-04-19,37.66,107.0
Hyderabad,2016-04-20,45.0,105.0
Hyderabad,2016-04-21,48.65,120.0
Hyderabad,2016-04-22,41.99,100.0
Hyderabad,2016-04-23,26.0,101.0
Hyderabad,2016-04-24,47.09,91.0
Hyderabad,2016-04-26,56.86,102.0
Hyderabad,2016-04-27,52.96,129.0
Hyderabad,2016-04-28,44.3,110.0
Hyderabad,2016-04-29,40.1,99.0
Hyderabad,2016-04-30,33.33,100.0
Hyderabad,2016-05-01,46.08,108.0
Hyderabad,2016-05-02,37.28,104.0
Hyderabad,2016-05-03,40.37,116.0
Hyderabad,2016-05-04,30.1,92.0
Hyderabad,2016-05-05,29.22,67.0
Hyderabad,2016-05-06,60.88,72.0
Hyderabad,2016-05-07,89.48,90.0
Hyderabad,2016-05-08,40.12,156.0
Hyderabad,2016-05-09,50.76,167.0
Hyderabad,2016-05-10,30.45,105.0
Hyderabad,2016-05-11,60.7,105.0
Hyderabad,2016-05-12,51.09,135.0
Hyderabad,2016-05-13,45.67,110.0
Hyderabad,2016-05-14,46.24,110.0
Hyderabad,2016-05-15,31.02,95.0
Hyderabad,2016-05-16,28.39,92.0
Hyderabad,2016-05-17,23.03,83.0
Hyderabad,2016-05-18,29.65,84.0
Hyderabad,2016-05-19,34.57,86.0
Hyderabad,2016-05-20,29.56,92.0
Hyderabad,2016-05-21,32.82,105.0
Hyderabad,2016-05-22,34.45,93.0
Hyderabad,2016-05-23,30.51,95.0
Hyderabad,2016-05-24,31.95,87.0
Hyderabad,2016-05-25,48.62,104.0
Hyderabad,2016-05-26,42.25,147.0
Hyderabad,2016-05-27,26.64,85.0
Hyderabad,2016-05-28,25.43,80.0
Hyderabad,2016-05-29,26.04,85.0
Hyderabad,2016-05-30,29.5,189.0
Hyderabad,2016-05-31,31.88,100.0
Hyderabad,2016-06-01,39.88,111.0
Hyderabad,2016-06-02,35.64,88.0
Hyderabad,2016-06-03,39.59,112.0
Hyderabad,2016-06-04,29.21,112.0
Hyderabad,2016-06-05,36.13,101.0
Hyderabad,2016-06-06,37.4,107.0
Hyderabad,2016-06-07,40.65,131.0
Hyderabad,2016-06-08,35.65,150.0
Hyderabad,2016-06-09,34.02,106.0
Hyderabad,2016-06-10,31.34,108.0
Hyderabad,2016-06-11,29.75,117.0
Hyderabad,2016-06-12,27.26,100.0
Hyderabad,2016-06-13,63.07,109.0
Hyderabad,2016-06-14,27.86,125.0
Hyderabad,2016-06-15,363.14,199.0
Hyderabad,2016-06-16,571.02,737.0
Hyderabad,2016-06-17,41.17,295.0
Hyderabad,2016-06-18,34.72,67.0
Hyderabad,2016-06-19,34.07,115.0
Hyderabad,2016-06-20,29.26,131.0
Hyderabad,2016-06-21,33.96,105.0
Hyderabad,2016-06-22,24.56,146.0
Hyderabad,2016-06-23,22.38,90.0
Hyderabad,2016-06-24,18.01,88.0
Hyderabad,2016-06-25,21.54,88.0
Hyderabad,2016-06-26,24.5,90.0
Hyderabad,2016-06-27,20.94,123.0
Hyderabad,2016-06-28,66.04,106.0
Hyderabad,2016-06-29,20.5,126.0
Hyderabad,2016-06-30,19.67,88.0
Hyderabad,2016-07-01,22.42,88.0
Hyderabad,2016-07-02,34.0,97.0
Hyderabad,2016-07-03,34.0,104.0
Hyderabad,2016-07-04,121.18,163.0
Hyderabad,2016-07-05,21.64,252.0
Hyderabad,2016-07-06,163.16,37.0
Hyderabad,2016-07-07,30.92,205.0
Hyderabad,2016-07-08,26.24,99.0
Hyderabad,2016-07-09,22.79,91.0
Hyderabad,2016-07-10,62.03,107.0
Hyderabad,2016-07-11,357.85,307.0
Hyderabad,2016-07-12,206.93,495.0
Hyderabad,2016-07-13,9.92,194.0
Hyderabad,2016-07-14,16.89,88.0
Hyderabad,2016-07-15,20.57,94.0
Hyderabad,2016-07-16,19.97,120.0
Hyderabad,2016-07-17,22.85,98.0
Hyderabad,2016-07-18,14.22,92.0
Hyderabad,2016-07-19,8.95,36.0
Hyderabad,2016-07-20,10.6,155.0
Hyderabad,2016-07-21,13.04,120.0
Hyderabad,2016-07-22,49.97,138.0
Hyderabad,2016-07-23,11.62,127.0
Hyderabad,2016-07-24,14.36,204.0
Hyderabad,2016-07-25,13.15,131.0
Hyderabad,2016-07-26,15.94,135.0
Hyderabad,2016-07-27,52.59,66.0
Hyderabad,2016-07-28,20.6,248.0
Hyderabad,2016-07-29,16.93,247.0
Hyderabad,2016-07-30,21.67,265.0
Hyderabad,2016-07-31,10.64,240.0
Hyderabad,2016-08-01,10.24,232.0
Hyderabad,2016-08-02,6.01,242.0
Hyderabad,2016-08-03,4.83,234.0
Hyderabad,2016-08-04,6.41,121.0
Hyderabad,2016-08-05,5.81,117.0
Hyderabad,2016-08-06,7.29,22.0
Hyderabad,2016-08-07,6.38,82.0
Hyderabad,2016-08-08,9.67,119.0
Hyderabad,2016-08-09,8.86,86.0
Hyderabad,2016-08-10,9.41,84.0
Hyderabad,2016-08-11,7.81,63.0
Hyderabad,2016-08-12,9.77,120.0
Hyderabad,2016-09-02,6.31,87.0
Hyderabad,2016-09-03,10.4,78.0
Hyderabad,2016-09-04,23.0,49.0
Hyderabad,2016-09-06,28.28,85.0
Hyderabad,2016-09-07,37.15,97.0
Hyderabad,2016-09-08,25.0,93.0
Hyderabad,2016-09-10,37.09,92.0
Hyderabad,2016-09-11,24.59,66.0
Hyderabad,2016-09-12,30.49,65.0
Hyderabad,2016-09-13,23.2,66.0
Hyderabad,2016-09-14,23.25,55.0
Hyderabad,2016-09-15,15.79,70.0
Hyderabad,2016-09-16,10.75,59.0
Hyderabad,2016-09-20,9.93,62.0
Hyderabad,2016-09-21,17.82,52.0
Hyderabad,2016-09-22,13.08,52.0
Hyderabad,2016-09-23,7.0,34.0
Hyderabad,2016-09-25,21.28,66.0
Hyderabad,2016-09-26,31.01,82.0
Hyderabad,2016-09-27,33.84,78.0
Hyderabad,2016-09-28,42.99,86.0
Hyderabad,2016-09-29,39.5,100.0
Hyderabad,2016-09-30,37.67,103.0
Hyderabad,2016-10-01,16.68,70.0
Hyderabad,2016-10-02,13.57,55.0
Hyderabad,2016-10-03,12.72,72.0
Hyderabad,2016-10-04,11.98,47.0
Hyderabad,2016-10-05,9.83,73.0
Hyderabad,2016-10-06,15.29,56.0
Hyderabad,2016-10-07,15.45,63.0
Hyderabad,2016-10-08,16.38,55.0
Hyderabad,2016-10-09,12.88,65.0
Hyderabad,2016-10-12,48.55,106.0
Hyderabad,2016-10-13,50.52,104.0
Hyderabad,2016-10-14,44.48,97.0
Hyderabad,2016-10-15,45.06,97.0
Hyderabad,2016-10-16,56.83,108.0
Hyderabad,2016-10-17,54.95,100.0
Hyderabad,2016-10-18,60.17,97.0
Hyderabad,2016-10-19,58.85,103.0
Hyderabad,2016-10-20,61.53,104.0
Hyderabad,2016-10-21,59.04,102.0
Hyderabad,2016-10-22,54.48,104.0
Hyderabad,2016-10-23,47.09,111.0
Hyderabad,2016-10-24,58.23,107.0
Hyderabad,2016-10-25,64.18,114.0
Hyderabad,2016-10-26,61.11,107.0
Hyderabad,2016-10-27,64.35,117.0
Hyderabad,2016-10-28,62.16,116.0
Hyderabad,2016-10-29,73.11,130.0
Hyderabad,2016-10-30,63.6,129.0
Hyderabad,2016-10-31,58.15,106.0
Hyderabad,2016-11-01,73.45,118.0
Hyderabad,2016-11-02,64.93,134.0
Hyderabad,2016-11-03,61.75,104.0
Hyderabad,2016-11-04,65.1,113.0
Hyderabad,2016-11-05,67.23,151.0
Hyderabad,2016-11-06,65.76,119.0
Hyderabad,2016-11-07,66.65,124.0
Hyderabad,2016-11-08,60.51,112.0
Hyderabad,2016-11-09,65.33,147.0
Hyderabad,2016-11-10,71.55,144.0
Hyderabad,2016-11-11,62.24,129.0
Hyderabad,2016-11-12,61.83,152.0
Hyderabad,2016-11-13,60.96,163.0
Hyderabad,2016-11-14,61.46,122.0
Hyderabad,2016-11-15,67.56,125.0
Hyderabad,2016-11-16,59.73,140.0
Hyderabad,2016-11-17,63.35,104.0
Hyderabad,2016-11-18,61.71,133.0
Hyderabad,2016-11-19,61.8,141.0
Hyderabad,2016-11-20,61.0,122.0
Hyderabad,2016-11-21,55.76,105.0
Hyderabad,2016-11-22,60.32,98.0
Hyderabad,2016-11-23,62.65,124.0
Hyderabad,2016-11-24,64.38,162.0
Hyderabad,2016-11-25,63.41,136.0
Hyderabad,2016-11-26,52.96,109.0
Hyderabad,2016-11-27,59.95,106.0
Hyderabad,2016-11-28,63.92,105.0
Hyderabad,2016-11-29,55.4,113.0
Hyderabad,2016-11-30,58.98,100.0
Hyderabad,2016-12-01,58.86,103.0
Hyderabad,2016-12-02,61.32,96.0
Hyderabad,2016-12-03,57.06,112.0
Hyderabad,2016-12-04,59.44,94.0
Hyderabad,2016-12-05,66.0,112.0
Hyderabad,2016-12-06,65.98,115.0
Hyderabad,2016-12-07,58.07,109.0
Hyderabad,2016-12-08,60.69,110.0
Hyderabad,2016-12-09,63.73,126.0
Hyderabad,2016-12-10,61.83,117.0
Hyderabad,2016-12-11,61.79,104.0
Hyderabad,2016-12-12,48.86,103.0
Hyderabad,2016-12-13,60.56,105.0
Hyderabad,2016-12-14,44.66,82.0
Hyderabad,2016-12-15,57.33,96.0
Hyderabad,2016-12-16,64.61,133.0
Hyderabad,2016-12-17,56.65,117.0
Hyderabad,2016-12-18,54.74,96.0
Hyderabad,2016-12-19,61.36,102.0
Hyderabad,2016-12-20,60.03,117.0
Hyderabad,2016-12-21,54.24,106.0
Hyderabad,2016-12-22,58.12,102.0
Hyderabad,2016-12-23,60.2,101.0
Hyderabad,2016-12-24,60.28,104.0
Hyderabad,2016-12-25,61.28,106.0
Hyderabad,2016-12-26,53.5,106.0
Hyderabad,2016-12-27,54.32,95.0
Hyderabad,2016-12-28,62.67,160.0
Hyderabad,2016-12-29,60.05,124.0
Hyderabad,2016-12-30,61.49,160.0
Hyderabad,2016-12-31,61.98,173.0
Hyderabad,2017-01-01,61.25,110.0
Hyderabad,2017-01-02,47.21,103.0
Hyderabad,2017-01-03,65.45,103.0
Hyderabad,2017-01-04,116.03,215.0
Hyderabad,2017-01-05,96.21,276.0
Hyderabad,2017-01-06,75.89,158.0
Hyderabad,2017-01-07,63.83,137.0
Hyderabad,2017-01-08,62.34,102.0
Hyderabad,2017-01-09,51.67,96.0
Hyderabad,2017-01-10,61.42,98.0
Hyderabad,2017-01-11,82.34,163.0
Hyderabad,2017-01-12,115.47,236.0
Hyderabad,2017-01-13,108.41,281.0
Hyderabad,2017-01-14,73.75,183.0
Hyderabad,2017-01-15,81.72,164.0
Hyderabad,2017-01-16,83.39,184.0
Hyderabad,2017-01-17,64.14,133.0
Hyderabad,2017-01-18,54.56,126.0
Hyderabad,2017-01-19,67.09,104.0
Hyderabad,2017-01-20,76.51,150.0
Hyderabad,2017-01-21,69.51,156.0
Hyderabad,2017-01-22,60.61,113.0
Hyderabad,2017-01-23,83.79,156.0
Hyderabad,2017-01-24,71.49,151.0
Hyderabad,2017-01-25,76.94,149.0
Hyderabad,2017-01-26,64.21,132.0
Hyderabad,2017-01-27,56.14,100.0
Hyderabad,2017-01-28,68.79,115.0
Hyderabad,2017-01-29,85.73,199.0
Hyderabad,2017-01-30,62.96,129.0
Hyderabad,2017-01-31,54.98,110.0
Hyderabad,2017-02-01,44.56,151.0
Hyderabad,2017-02-02,52.36,102.0
Hyderabad,2017-02-03,58.81,113.0
Hyderabad,2017-02-04,68.29,149.0
Hyderabad,2017-02-05,56.73,164.0
Hyderabad,2017-02-06,64.14,118.0
Hyderabad,2017-02-07,93.54,185.0
Hyderabad,2017-02-08,83.13,180.0
Hyderabad,2017-02-09,70.3,161.0
Hyderabad,2017-02-10,64.97,121.0
Hyderabad,2017-02-11,41.77,115.0
Hyderabad,2017-02-12,39.67,78.0
Hyderabad,2017-02-14,62.32,137.0
Hyderabad,2017-02-15,66.1,123.0
Hyderabad,2017-02-16,85.12,158.0
Hyderabad,2017-02-17,82.76,193.0
Hyderabad,2017-02-18,75.46,179.0
Hyderabad,2017-02-19,63.58,141.0
Hyderabad,2017-02-20,57.61,160.0
Hyderabad,2017-02-21,53.34,128.0
Hyderabad,2017-02-22,65.52,161.0
Hyderabad,2017-02-23,72.0,164.0
Hyderabad,2017-02-24,68.68,183.0
Hyderabad,2017-02-25,80.73,165.0
Hyderabad,2017-02-26,64.09,165.0
Hyderabad,2017-02-27,55.13,179.0
Hyderabad,2017-02-28,69.06,197.0
Hyderabad,2017-03-01,63.3,166.0
Hyderabad,2017-03-02,57.86,147.0
Hyderabad,2017-03-03,28.95,142.0
Hyderabad,2017-03-04,32.73,116.0
Hyderabad,2017-03-05,31.06,102.0
Hyderabad,2017-03-06,42.16,106.0
Hyderabad,2017-03-07,35.62,109.0
Hyderabad,2017-03-08,45.6,124.0
Hyderabad,2017-03-09,77.14,181.0
Hyderabad,2017-03-10,30.97,113.0
Hyderabad,2017-03-11,30.33,108.0
Hyderabad,2017-03-12,43.8,117.0
Hyderabad,2017-03-13,63.7,143.0
Hyderabad,2017-03-14,50.64,161.0
Hyderabad,2017-03-15,21.27,95.0
Hyderabad,2017-03-16,27.44,76.0
Hyderabad,2017-03-17,54.73,97.0
Hyderabad,2017-03-18,67.57,146.0
Hyderabad,2017-03-19,63.1,167.0
Hyderabad,2017-03-20,52.04,144.0
Hyderabad,2017-03-21,61.33,145.0
Hyderabad,2017-03-22,60.92,171.0
Hyderabad,2017-03-23,60.33,175.0
Hyderabad,2017-03-24,54.59,148.0
Hyderabad,2017-03-25,60.55,137.0
Hyderabad,2017-03-26,62.45,140.0
Hyderabad,2017-03-27,57.61,164.0
Hyderabad,2017-03-28,51.42,154.0
Hyderabad,2017-03-29,49.28,127.0
Hyderabad,2017-03-30,47.02,114.0
Hyderabad,2017-03-31,45.77,150.0
Hyderabad,2017-04-01,44.15,136.0
Hyderabad,2017-04-02,51.9,123.0
Hyderabad,2017-04-03,50.37,132.0
Hyderabad,2017-04-04,43.52,123.0
Hyderabad,2017-04-05,47.15,103.0
Hyderabad,2017-04-06,44.33,92.0
Hyderabad,2017-04-07,48.68,136.0
Hyderabad,2017-04-08,68.34,128.0
Hyderabad,2017-04-09,77.56,175.0
Hyderabad,2017-04-10,67.48,164.0
Hyderabad,2017-04-11,77.94,192.0
Hyderabad,2017-04-12,158.04,199.0
Hyderabad,2017-04-13,59.32,173.0
Hyderabad,2017-04-14,60.92,165.0
Hyderabad,2017-04-15,57.68,152.0
Hyderabad,2017-04-16,56.31,148.0
Hyderabad,2017-04-17,68.97,173.0
Hyderabad,2017-04-18,70.99,191.0
Hyderabad,2017-04-19,57.04,166.0
Hyderabad,2017-04-20,49.73,131.0
Hyderabad,2017-04-21,45.5,136.0
Hyderabad,2017-04-22,53.51,143.0
Hyderabad,2017-04-23,58.3,156.0
Hyderabad,2017-04-24,57.26,162.0
Hyderabad,2017-04-25,55.63,156.0
Hyderabad,2017-04-26,61.48,151.0
Hyderabad,2017-04-27,63.36,171.0
Hyderabad,2017-04-28,37.64,142.0
Hyderabad,2017-04-29,27.39,127.0
Hyderabad,2017-04-30,24.73,99.0
Hyderabad,2017-05-01,24.54,99.0
Hyderabad,2017-05-02,29.34,110.0
Hyderabad,2017-05-03,37.31,118.0
Hyderabad,2017-05-04,43.24,130.0
Hyderabad,2017-05-05,40.48,138.0
Hyderabad,2017-05-06,38.11,122.0
Hyderabad,2017-05-07,29.4,98.0
Hyderabad,2017-05-08,27.81,131.0
Hyderabad,2017-05-09,32.95,109.0
Hyderabad,2017-05-10,31.54,165.0
Hyderabad,2017-05-11,30.22,123.0
Hyderabad,2017-05-12,34.8,86.0
Hyderabad,2017-05-13,36.41,84.0
Hyderabad,2017-05-14,40.68,107.0
Hyderabad,2017-05-15,35.14,85.0
Hyderabad,2017-05-16,37.13,98.0
Hyderabad,2017-05-17,37.23,102.0
Hyderabad,2017-05-18,48.21,118.0
Hyderabad,2017-05-19,45.73,148.0
Hyderabad,2017-05-20,41.91,126.0
Hyderabad,2017-05-21,35.78,131.0
Hyderabad,2017-05-22,38.13,115.0
Hyderabad,2017-05-23,49.56,130.0
Hyderabad,2017-05-24,57.16,156.0
Hyderabad,2017-05-25,39.09,127.0
Hyderabad,2017-05-26,43.73,119.0
Hyderabad,2017-05-27,26.99,103.0
Hyderabad,2017-05-28,26.35,93.0
Hyderabad,2017-05-29,19.02,76.0
Hyderabad,2017-05-30,17.31,82.0
Hyderabad,2017-05-31,11.35,80.0
Hyderabad,2017-06-01,10.04,79.0
Hyderabad,2017-06-02,13.75,109.0
Hyderabad,2017-06-03,13.78,103.0
Hyderabad,2017-06-04,14.36,84.0
Hyderabad,2017-06-05,16.11,106.0
Hyderabad,2017-06-06,17.77,97.0
Hyderabad,2017-06-07,12.3,74.0
Hyderabad,2017-06-08,11.78,67.0
Hyderabad,2017-06-09,17.05,69.0
Hyderabad,2017-06-10,7.84,68.0
Hyderabad,2017-06-11,7.85,61.0
Hyderabad,2017-06-12,5.56,50.0
Hyderabad,2017-06-13,6.92,63.0
Hyderabad,2017-06-14,19.65,84.0
Hyderabad,2017-06-15,13.54,75.0
Hyderabad,2017-06-16,9.71,72.0
Hyderabad,2017-06-17,13.07,94.0
Hyderabad,2017-06-18,12.88,86.0
Hyderabad,2017-06-19,7.61,82.0
Hyderabad,2017-06-20,7.38,83.0
Hyderabad,2017-06-21,8.66,70.0
Hyderabad,2017-06-22,11.4,59.0
Hyderabad,2017-06-23,11.48,67.0
Hyderabad,2017-06-24,10.85,63.0
Hyderabad,2017-06-25,11.81,60.0
Hyderabad,2017-06-26,11.79,63.0
Hyderabad,2017-06-27,11.82,53.0
Hyderabad,2017-06-28,8.84,60.0
Hyderabad,2017-06-29,10.38,62.0
Hyderabad,2017-06-30,13.08,61.0
Hyderabad,2017-07-01,10.98,63.0
Hyderabad,2017-07-02,9.75,66.0
Hyderabad,2017-07-03,11.8,66.0
Hyderabad,2017-07-04,15.53,57.0
Hyderabad,2017-07-05,10.4,58.0
Hyderabad,2017-07-06,14.66,57.0
Hyderabad,2017-07-07,14.77,63.0
Hyderabad,2017-07-08,18.19,66.0
Hyderabad,2017-07-09,18.1,61.0
Hyderabad,2017-07-10,15.0,60.0
Hyderabad,2017-07-11,19.31,60.0
Hyderabad,2017-07-12,14.29,66.0
Hyderabad,2017-07-13,14.49,58.0
Hyderabad,2017-07-14,13.9,53.0
Hyderabad,2017-07-15,16.53,74.0
Hyderabad,2017-07-16,10.24,86.0
Hyderabad,2017-07-17,10.78,93.0
Hyderabad,2017-07-18,8.48,47.0
Hyderabad,2017-07-19,5.72,46.0
Hyderabad,2017-07-20,6.54,48.0
Hyderabad,2017-07-21,10.83,50.0
Hyderabad,2017-07-22,13.37,55.0
Hyderabad,2017-07-23,15.97,71.0
Hyderabad,2017-07-24,15.62,65.0
Hyderabad,2017-07-25,14.04,55.0
Hyderabad,2017-07-26,16.55,62.0
Hyderabad,2017-07-27,14.43,60.0
Hyderabad,2017-07-28,12.62,56.0
Hyderabad,2017-07-29,15.28,55.0
Hyderabad,2017-07-30,17.5,63.0
Hyderabad,2017-07-31,17.42,69.0
Hyderabad,2017-08-01,16.85,60.0
Hyderabad,2017-08-02,16.78,61.0
Hyderabad,2017-08-03,11.79,51.0
Hyderabad,2017-08-04,13.35,49.0
Hyderabad,2017-08-05,20.34,67.0
Hyderabad,2017-08-06,23.03,75.0
Hyderabad,2017-08-07,26.22,90.0
Hyderabad,2017-08-08,24.87,83.0
Hyderabad,2017-08-09,20.47,80.0
Hyderabad,2017-08-10,14.91,71.0
Hyderabad,2017-08-11,17.76,65.0
Hyderabad,2017-08-12,15.1,67.0
Hyderabad,2017-08-13,17.08,55.0
Hyderabad,2017-08-14,20.36,60.0
Hyderabad,2017-08-15,16.4,58.0
Hyderabad,2017-08-16,20.12,63.0
Hyderabad,2017-08-17,21.77,70.0
Hyderabad,2017-08-18,26.6,85.0
Hyderabad,2017-08-19,17.35,65.0
Hyderabad,2017-08-20,7.42,59.0
Hyderabad,2017-08-21,10.89,62.0
Hyderabad,2017-08-22,12.56,60.0
Hyderabad,2017-08-23,15.41,62.0
Hyderabad,2017-08-24,23.63,72.0
Hyderabad,2017-08-25,13.53,72.0
Hyderabad,2017-08-26,11.58,55.0
Hyderabad,2017-08-27,13.1,52.0
Hyderabad,2017-08-28,8.26,56.0
Hyderabad,2017-08-29,6.57,56.0
Hyderabad,2017-08-30,12.26,56.0
Hyderabad,2017-08-31,14.63,60.0
Hyderabad,2017-09-01,19.92,71.0
Hyderabad,2017-09-02,24.42,87.0
Hyderabad,2017-09-03,12.96,64.0
Hyderabad,2017-09-04,17.26,59.0
Hyderabad,2017-09-05,19.86,79.0
Hyderabad,2017-09-06,29.32,86.0
Hyderabad,2017-09-07,40.82,82.0
Hyderabad,2017-09-08,32.63,74.0
Hyderabad,2017-09-09,32.88,72.0
Hyderabad,2017-09-10,18.58,60.0
Hyderabad,2017-09-11,12.34,51.0
Hyderabad,2017-09-12,10.33,55.0
Hyderabad,2017-09-13,17.29,55.0
Hyderabad,2017-09-14,10.44,60.0
Hyderabad,2017-09-15,12.64,56.0
Hyderabad,2017-09-16,10.27,56.0
Hyderabad,2017-09-17,15.67,39.0
Hyderabad,2017-09-18,9.17,53.0
Hyderabad,2017-09-19,10.28,54.0
Hyderabad,2017-09-20,9.76,57.0
Hyderabad,2017-09-21,14.88,59.0
Hyderabad,2017-09-22,20.5,58.0
Hyderabad,2017-09-23,29.61,54.0
Hyderabad,2017-09-24,42.0,95.0
Hyderabad,2017-09-25,39.68,99.0
Hyderabad,2017-09-26,45.69,80.0
Hyderabad,2017-09-27,50.36,107.0
Hyderabad,2017-09-28,45.9,98.0
Hyderabad,2017-09-29,41.57,74.0
Hyderabad,2017-09-30,41.26,70.0
Hyderabad,2017-10-01,31.08,110.0
Hyderabad,2017-10-03,24.16,53.0
Hyderabad,2017-10-04,49.75,102.0
Hyderabad,2017-10-05,55.88,164.0
Hyderabad,2017-10-06,28.48,102.0
Hyderabad,2017-10-07,22.6,94.0
Hyderabad,2017-10-08,32.08,100.0
Hyderabad,2017-10-09,25.79,111.0
Hyderabad,2017-10-10,28.04,103.0
Hyderabad,2017-10-11,27.38,113.0
Hyderabad,2017-10-12,41.74,102.0
Hyderabad,2017-10-13,20.48,147.0
Hyderabad,2017-10-14,33.32,123.0
Hyderabad,2017-10-15,35.59,97.0
Hyderabad,2017-10-17,72.18,154.0
Hyderabad,2017-10-18,69.53,150.0
Hyderabad,2017-10-19,75.46,151.0
Hyderabad,2017-10-20,78.69,247.0
Hyderabad,2017-10-21,67.18,141.0
Hyderabad,2017-10-22,65.39,121.0
Hyderabad,2017-10-23,53.78,113.0
Hyderabad,2017-10-24,63.35,111.0
Hyderabad,2017-10-29,70.46,145.0
Hyderabad,2017-10-30,47.09,130.0
Hyderabad,2017-10-31,63.38,128.0
Hyderabad,2017-11-01,68.21,150.0
Hyderabad,2017-11-02,69.73,156.0
Hyderabad,2017-11-03,66.51,158.0
Hyderabad,2017-11-04,49.62,114.0
Hyderabad,2017-11-05,32.45,91.0
Hyderabad,2017-11-06,29.33,80.0
Hyderabad,2017-11-07,34.96,94.0
Hyderabad,2017-11-08,38.84,105.0
Hyderabad,2017-11-09,39.57,95.0
Hyderabad,2017-11-10,44.44,100.0
Hyderabad,2017-11-11,61.84,123.0
Hyderabad,2017-11-12,57.58,123.0
Hyderabad,2017-11-13,55.36,111.0
Hyderabad,2017-11-14,58.41,111.0
Hyderabad,2017-11-15,51.08,104.0
Hyderabad,2017-11-16,41.31,92.0
Hyderabad,2017-11-17,37.72,82.0
Hyderabad,2017-11-18,66.82,106.0
Hyderabad,2017-11-19,36.53,112.0
Hyderabad,2017-11-20,43.64,86.0
Hyderabad,2017-11-21,44.65,106.0
Hyderabad,2017-11-22,40.48,102.0
Hyderabad,2017-11-23,96.83,133.0
Hyderabad,2017-11-24,69.5,149.0
Hyderabad,2017-11-25,70.91,140.0
Hyderabad,2017-11-26,84.08,147.0
Hyderabad,2017-11-27,73.25,166.0
Hyderabad,2017-11-28,91.39,171.0
Hyderabad,2017-11-29,66.49,164.0
Hyderabad,2017-11-30,64.72,140.0
Hyderabad,2017-12-01,70.03,139.0
Hyderabad,2017-12-02,69.44,135.0
Hyderabad,2017-12-03,70.83,140.0
Hyderabad,2017-12-04,70.47,144.0
Hyderabad,2017-12-05,58.07,128.0
Hyderabad,2017-12-06,51.81,100.0
Hyderabad,2017-12-07,69.33,122.0
Hyderabad,2017-12-08,74.79,145.0
Hyderabad,2017-12-09,67.7,142.0
Hyderabad,2017-12-10,48.99,120.0
Hyderabad,2017-12-11,55.7,117.0
Hyderabad,2017-12-12,66.78,144.0
Hyderabad,2017-12-13,69.33,143.0
Hyderabad,2017-12-14,66.12,132.0
Hyderabad,2017-12-15,68.48,126.0
Hyderabad,2017-12-16,68.87,133.0
Hyderabad,2017-12-17,71.38,136.0
Hyderabad,2017-12-18,73.33,140.0
Hyderabad,2017-12-19,59.35,138.0
Hyderabad,2017-12-20,88.14,151.0
Hyderabad,2017-12-21,74.94,164.0
Hyderabad,2017-12-22,130.23,195.0
Hyderabad,2017-12-23,82.05,180.0
Hyderabad,2017-12-24,79.19,169.0
Hyderabad,2017-12-25,76.47,163.0
Hyderabad,2017-12-26,76.08,164.0
Hyderabad,2017-12-27,63.18,136.0
Hyderabad,2017-12-28,68.65,132.0
Hyderabad,2017-12-29,112.35,184.0
Hyderabad,2017-12-30,65.09,156.0
Hyderabad,2017-12-31,68.45,138.0
Hyderabad,2018-01-01,57.7,122.0
Hyderabad,2018-01-02,68.55,126.0
Hyderabad,2018-01-03,77.77,163.0
Hyderabad,2018-01-04,79.18,174.0
Hyderabad,2018-01-05,76.33,164.0
Hyderabad,2018-01-06,73.15,158.0
Hyderabad,2018-01-07,72.41,146.0
Hyderabad,2018-01-08,72.66,146.0
Hyderabad,2018-01-09,77.65,160.0
Hyderabad,2018-01-10,74.08,165.0
Hyderabad,2018-01-11,76.19,160.0
Hyderabad,2018-01-12,74.76,155.0
Hyderabad,2018-01-13,70.48,150.0
Hyderabad,2018-01-14,72.38,140.0
Hyderabad,2018-01-15,70.98,143.0
Hyderabad,2018-01-16,65.1,132.0
Hyderabad,2018-01-17,64.2,125.0
Hyderabad,2018-01-18,65.86,129.0
Hyderabad,2018-01-19,61.1,129.0
Hyderabad,2018-01-20,64.18,131.0
Hyderabad,2018-01-21,68.52,133.0
Hyderabad,2018-01-22,72.01,142.0
Hyderabad,2018-01-23,60.4,125.0
Hyderabad,2018-01-24,67.07,121.0
Hyderabad,2018-01-25,68.8,139.0
Hyderabad,2018-01-26,66.84,146.0
Hyderabad,2018-01-27,69.43,167.0
Hyderabad,2018-01-28,68.84,138.0
Hyderabad,2018-01-29,67.69,140.0
Hyderabad,2018-01-30,59.46,137.0
Hyderabad,2018-01-31,53.45,130.0
Hyderabad,2018-02-01,50.88,129.0
Hyderabad,2018-02-02,47.46,125.0
Hyderabad,2018-02-03,43.48,114.0
Hyderabad,2018-02-04,39.14,104.0
Hyderabad,2018-02-05,41.79,111.0
Hyderabad,2018-02-06,48.86,111.0
Hyderabad,2018-02-07,56.76,125.0
Hyderabad,2018-02-08,46.18,114.0
Hyderabad,2018-02-09,50.05,108.0
Hyderabad,2018-02-10,52.28,113.0
Hyderabad,2018-02-11,50.55,100.0
Hyderabad,2018-02-12,54.34,102.0
Hyderabad,2018-02-13,46.38,94.0
Hyderabad,2018-02-14,50.52,100.0
Hyderabad,2018-02-15,52.88,113.0
Hyderabad,2018-02-16,51.84,110.0
Hyderabad,2018-02-17,49.86,108.0
Hyderabad,2018-02-18,55.87,116.0
Hyderabad,2018-02-19,46.22,111.0
Hyderabad,2018-02-20,47.64,103.0
Hyderabad,2018-02-21,54.76,107.0
Hyderabad,2018-02-22,57.85,114.0
Hyderabad,2018-02-23,56.99,123.0
Hyderabad,2018-02-24,43.57,106.0
Hyderabad,2018-02-25,43.37,104.0
Hyderabad,2018-02-26,56.87,118.0
Hyderabad,2018-02-27,57.66,134.0
Hyderabad,2018-02-28,62.25,129.0
Hyderabad,2018-03-01,54.84,124.0
Hyderabad,2018-03-02,52.72,118.0
Hyderabad,2018-03-03,51.59,119.0
Hyderabad,2018-03-04,54.72,122.0
Hyderabad,2018-03-05,47.44,114.0
Hyderabad,2018-03-06,47.97,106.0
Hyderabad,2018-03-07,50.78,108.0
Hyderabad,2018-03-08,53.81,107.0
Hyderabad,2018-03-09,57.28,118.0
Hyderabad,2018-03-10,66.37,122.0
Hyderabad,2018-03-11,53.02,124.0
Hyderabad,2018-03-12,38.87,95.0
Hyderabad,2018-03-13,39.69,88.0
Hyderabad,2018-03-14,47.34,103.0
Hyderabad,2018-03-15,47.88,96.0
Hyderabad,2018-03-16,60.25,115.0
Hyderabad,2018-03-17,51.0,105.0
Hyderabad,2018-03-18,41.38,80.0
Hyderabad,2018-03-19,48.07,93.0
Hyderabad,2018-03-20,54.74,103.0
Hyderabad,2018-03-21,57.87,108.0
Hyderabad,2018-03-22,57.07,126.0
Hyderabad,2018-03-23,56.64,128.0
Hyderabad,2018-03-24,59.91,131.0
Hyderabad,2018-03-25,71.4,135.0
Hyderabad,2018-03-26,61.47,126.0
Hyderabad,2018-03-27,59.53,123.0
Hyderabad,2018-03-28,53.11,116.0
Hyderabad,2018-03-29,62.27,122.0
Hyderabad,2018-03-30,54.62,120.0
Hyderabad,2018-03-31,50.15,110.0
Hyderabad,2018-04-01,43.05,103.0
Hyderabad,2018-04-02,37.91,84.0
Hyderabad,2018-04-03,51.35,99.0
Hyderabad,2018-04-04,44.94,101.0
Hyderabad,2018-04-05,41.51,92.0
Hyderabad,2018-04-06,46.87,98.0
Hyderabad,2018-04-07,35.9,93.0
Hyderabad,2018-04-08,30.27,85.0
Hyderabad,2018-04-09,40.26,95.0
Hyderabad,2018-04-10,35.54,98.0
Hyderabad,2018-04-11,27.63,88.0
Hyderabad,2018-04-12,31.58,83.0
Hyderabad,2018-04-13,25.24,83.0
Hyderabad,2018-04-14,23.05,79.0
Hyderabad,2018-04-15,29.71,73.0
Hyderabad,2018-04-16,45.86,100.0
Hyderabad,2018-04-17,34.29,99.0
Hyderabad,2018-04-18,37.19,93.0
Hyderabad,2018-04-19,43.52,108.0
Hyderabad,2018-04-20,42.38,117.0
Hyderabad,2018-04-21,49.14,122.0
Hyderabad,2018-04-22,42.97,117.0
Hyderabad,2018-04-23,33.12,90.0
Hyderabad,2018-04-24,33.09,90.0
Hyderabad,2018-04-25,35.61,104.0
Hyderabad,2018-04-26,38.11,94.0
Hyderabad,2018-04-27,39.78,101.0
Hyderabad,2018-04-28,39.85,94.0
Hyderabad,2018-04-29,43.44,102.0
Hyderabad,2018-04-30,44.84,103.0
Hyderabad,2018-05-01,43.83,116.0
Hyderabad,2018-05-02,36.08,101.0
Hyderabad,2018-05-03,31.39,98.0
Hyderabad,2018-05-04,19.59,81.0
Hyderabad,2018-05-05,28.81,74.0
Hyderabad,2018-05-06,31.91,83.0
Hyderabad,2018-05-07,33.68,93.0
Hyderabad,2018-05-08,43.05,111.0
Hyderabad,2018-05-09,44.32,112.0
Hyderabad,2018-05-10,33.83,101.0
Hyderabad,2018-05-11,32.76,95.0
Hyderabad,2018-05-12,33.05,96.0
Hyderabad,2018-05-13,31.85,101.0
Hyderabad,2018-05-14,29.86,100.0
Hyderabad,2018-05-15,24.49,87.0
Hyderabad,2018-05-16,41.89,85.0
Hyderabad,2018-05-17,43.47,106.0
Hyderabad,2018-05-18,37.31,89.0
Hyderabad,2018-05-19,47.42,103.0
Hyderabad,2018-05-20,38.59,117.0
Hyderabad,2018-05-21,48.33,132.0
Hyderabad,2018-05-22,42.68,120.0
Hyderabad,2018-05-23,47.5,110.0
Hyderabad,2018-05-24,36.41,104.0
Hyderabad,2018-05-25,42.17,119.0
Hyderabad,2018-05-26,23.65,91.0
Hyderabad,2018-05-27,26.11,83.0
Hyderabad,2018-05-28,31.17,87.0
Hyderabad,2018-05-29,34.68,84.0
Hyderabad,2018-05-30,31.7,89.0
Hyderabad,2018-05-31,32.57,93.0
Hyderabad,2018-06-01,37.26,110.0
Hyderabad,2018-06-02,36.7,82.0
Hyderabad,2018-06-03,34.85,83.0
Hyderabad,2018-06-04,30.95,89.0
Hyderabad,2018-06-05,31.51,83.0
Hyderabad,2018-06-06,31.33,84.0
Hyderabad,2018-06-07,19.68,69.0
Hyderabad,2018-06-08,19.43,68.0
Hyderabad,2018-06-09,20.03,64.0
Hyderabad,2018-06-10,16.49,52.0
Hyderabad,2018-06-11,22.31,53.0
Hyderabad,2018-06-12,29.92,70.0
Hyderabad,2018-06-13,30.85,84.0
Hyderabad,2018-06-14,34.44,86.0
Hyderabad,2018-06-15,27.83,86.0
Hyderabad,2018-06-16,22.9,67.0
Hyderabad,2018-06-17,21.99,67.0
Hyderabad,2018-06-18,17.2,59.0
Hyderabad,2018-06-19,14.61,50.0
Hyderabad,2018-06-20,15.27,58.0
Hyderabad,2018-06-21,10.31,52.0
Hyderabad,2018-06-22,21.26,56.0
Hyderabad,2018-06-23,20.07,56.0
Hyderabad,2018-06-24,16.99,41.0
Hyderabad,2018-06-25,16.31,41.0
Hyderabad,2018-06-26,16.23,41.0
Hyderabad,2018-06-27,17.64,44.0
Hyderabad,2018-06-28,18.93,46.0
Hyderabad,2018-06-29,18.18,65.0
Hyderabad,2018-06-30,20.85,62.0
Hyderabad,2018-07-01,16.91,60.0
Hyderabad,2018-07-02,16.48,53.0
Hyderabad,2018-07-03,16.28,59.0
Hyderabad,2018-07-04,15.97,71.0
Hyderabad,2018-07-05,13.22,68.0
Hyderabad,2018-07-06,20.05,49.0
Hyderabad,2018-07-07,22.74,59.0
Hyderabad,2018-07-08,19.92,62.0
Hyderabad,2018-07-09,16.63,44.0
Hyderabad,2018-07-10,19.7,48.0
Hyderabad,2018-07-11,19.05,54.0
Hyderabad,2018-07-12,11.93,49.0
Hyderabad,2018-07-13,13.21,37.0
Hyderabad,2018-07-14,17.97,42.0
Hyderabad,2018-07-15,16.12,58.0
Hyderabad,2018-07-16,11.04,72.0
Hyderabad,2018-07-17,12.14,38.0
Hyderabad,2018-07-18,14.13,33.0
Hyderabad,2018-07-19,14.39,45.0
Hyderabad,2018-07-20,12.58,37.0
Hyderabad,2018-07-21,19.61,41.0
Hyderabad,2018-07-22,19.54,55.0
Hyderabad,2018-07-23,17.69,49.0
Hyderabad,2018-07-24,15.64,54.0
Hyderabad,2018-07-25,17.88,52.0
Hyderabad,2018-07-26,14.41,54.0
Hyderabad,2018-07-27,14.52,54.0
Hyderabad,2018-07-28,18.23,53.0
Hyderabad,2018-07-29,26.09,72.0
Hyderabad,2018-07-30,26.02,87.0
Hyderabad,2018-07-31,19.21,73.0
Hyderabad,2018-08-01,21.88,72.0
Hyderabad,2018-08-02,25.77,72.0
Hyderabad,2018-08-03,30.8,92.0
Hyderabad,2018-08-04,23.43,90.0
Hyderabad,2018-08-05,20.2,66.0
Hyderabad,2018-08-06,26.91,72.0
Hyderabad,2018-08-07,18.92,54.0
Hyderabad,2018-08-08,16.17,53.0
Hyderabad,2018-08-09,18.07,49.0
Hyderabad,2018-08-10,17.09,48.0
Hyderabad,2018-08-11,16.39,43.0
Hyderabad,2018-08-12,11.98,47.0
Hyderabad,2018-08-13,11.66,42.0
Hyderabad,2018-08-14,16.97,41.0
Hyderabad,2018-08-15,22.11,65.0
Hyderabad,2018-08-16,7.78,40.0
Hyderabad,2018-08-17,18.56,35.0
Hyderabad,2018-08-18,15.3,44.0
Hyderabad,2018-08-19,15.28,48.0
Hyderabad,2018-08-20,13.19,47.0
Hyderabad,2018-08-21,10.08,34.0
Hyderabad,2018-08-22,10.33,39.0
Hyderabad,2018-08-23,12.51,40.0
Hyderabad,2018-08-24,14.36,48.0
Hyderabad,2018-08-25,15.34,52.0
Hyderabad,2018-08-26,14.61,50.0
Hyderabad,2018-08-27,15.31,48.0
Hyderabad,2018-08-28,16.51,48.0
Hyderabad,2018-08-29,20.98,53.0
Hyderabad,2018-08-30,24.66,68.0
Hyderabad,2018-08-31,22.43,77.0
Hyderabad,2018-09-01,23.16,70.0
Hyderabad,2018-09-02,18.51,50.0
Hyderabad,2018-09-03,15.84,48.0
Hyderabad,2018-09-04,20.36,50.0
Hyderabad,2018-09-05,27.05,72.0
Hyderabad,2018-09-06,25.36,76.0
Hyderabad,2018-09-07,25.42,82.0
Hyderabad,2018-09-08,21.61,62.0
Hyderabad,2018-09-09,34.85,79.0
Hyderabad,2018-09-10,38.35,86.0
Hyderabad,2018-09-11,33.85,79.0
Hyderabad,2018-09-12,35.06,71.0
Hyderabad,2018-09-13,41.83,78.0
Hyderabad,2018-09-14,42.24,85.0
Hyderabad,2018-09-15,43.69,92.0
Hyderabad,2018-09-16,48.98,101.0
Hyderabad,2018-09-17,35.58,85.0
Hyderabad,2018-09-18,39.68,68.0
Hyderabad,2018-09-19,38.6,79.0
Hyderabad,2018-09-20,40.88,81.0
Hyderabad,2018-09-21,37.91,91.0
Hyderabad,2018-09-22,27.29,62.0
Hyderabad,2018-09-23,32.25,65.0
Hyderabad,2018-09-24,34.94,62.0
Hyderabad,2018-09-25,41.46,84.0
Hyderabad,2018-09-26,53.68,108.0
Hyderabad,2018-09-27,43.09,95.0
Hyderabad,2018-09-28,45.92,92.0
Hyderabad,2018-09-29,55.39,100.0
Hyderabad,2018-09-30,67.69,118.0
Hyderabad,2018-10-01,63.16,128.0
Hyderabad,2018-10-02,37.8,94.0
Hyderabad,2018-10-03,36.5,72.0
Hyderabad,2018-10-04,39.63,79.0
Hyderabad,2018-10-05,39.8,84.0
Hyderabad,2018-10-06,56.36,109.0
Hyderabad,2018-10-07,65.91,124.0
Hyderabad,2018-10-08,64.44,130.0
Hyderabad,2018-10-09,60.07,124.0
Hyderabad,2018-10-10,56.5,128.0
Hyderabad,2018-10-11,52.63,120.0
Hyderabad,2018-10-12,54.39,121.0
Hyderabad,2018-10-13,58.56,118.0
Hyderabad,2018-10-14,54.35,108.0
Hyderabad,2018-10-15,58.24,100.0
Hyderabad,2018-10-16,53.26,105.0
Hyderabad,2018-10-17,41.03,83.0
Hyderabad,2018-10-18,40.35,73.0
Hyderabad,2018-10-19,43.99,74.0
Hyderabad,2018-10-20,58.44,105.0
Hyderabad,2018-10-21,61.34,119.0
Hyderabad,2018-10-22,66.82,125.0
Hyderabad,2018-10-23,67.12,133.0
Hyderabad,2018-10-24,67.52,142.0
Hyderabad,2018-10-25,60.72,128.0
Hyderabad,2018-10-26,48.68,107.0
Hyderabad,2018-10-27,57.44,117.0
Hyderabad,2018-10-28,56.51,120.0
Hyderabad,2018-10-29,56.02,110.0
Hyderabad,2018-10-30,57.32,115.0
Hyderabad,2018-10-31,56.98,117.0
Hyderabad,2018-11-01,50.87,106.0
Hyderabad,2018-11-02,34.07,86.0
Hyderabad,2018-11-03,25.96,58.0
Hyderabad,2018-11-04,24.88,55.0
Hyderabad,2018-11-05,32.8,64.0
Hyderabad,2018-11-06,44.66,80.0
Hyderabad,2018-11-07,54.63,95.0
Hyderabad,2018-11-08,59.82,107.0
Hyderabad,2018-11-09,64.36,114.0
Hyderabad,2018-11-10,69.5,129.0
Hyderabad,2018-11-11,61.15,131.0
Hyderabad,2018-11-12,62.68,127.0
Hyderabad,2018-11-13,66.08,134.0
Hyderabad,2018-11-14,67.28,139.0
Hyderabad,2018-11-15,58.4,133.0
Hyderabad,2018-11-16,46.2,118.0
Hyderabad,2018-11-17,23.09,76.0
Hyderabad,2018-11-18,19.06,57.0
Hyderabad,2018-11-19,26.04,53.0
Hyderabad,2018-11-20,52.12,86.0
Hyderabad,2018-11-21,63.08,129.0
Hyderabad,2018-11-22,66.0,131.0
Hyderabad,2018-11-23,71.81,133.0
Hyderabad,2018-11-24,72.98,148.0
Hyderabad,2018-11-25,69.28,140.0
Hyderabad,2018-11-26,63.01,135.0
Hyderabad,2018-11-27,69.91,138.0
Hyderabad,2018-11-28,73.48,142.0
Hyderabad,2018-11-29,72.26,146.0
Hyderabad,2018-11-30,67.69,139.0
Hyderabad,2018-12-01,69.94,135.0
Hyderabad,2018-12-02,71.17,137.0
Hyderabad,2018-12-03,74.62,140.0
Hyderabad,2018-12-04,77.72,154.0
Hyderabad,2018-12-05,67.3,146.0
Hyderabad,2018-12-06,62.87,123.0
Hyderabad,2018-12-07,61.66,108.0
Hyderabad,2018-12-08,76.14,132.0
Hyderabad,2018-12-09,78.36,159.0
Hyderabad,2018-12-10,77.94,161.0
Hyderabad,2018-12-11,76.22,158.0
Hyderabad,2018-12-12,74.78,153.0
Hyderabad,2018-12-13,74.19,145.0
Hyderabad,2018-12-14,74.48,144.0
Hyderabad,2018-12-15,75.15,157.0
Hyderabad,2018-12-16,76.15,151.0
Hyderabad,2018-12-17,59.61,141.0
Hyderabad,2018-12-18,22.35,67.0
Hyderabad,2018-12-19,32.77,54.0
Hyderabad,2018-12-20,44.72,76.0
Hyderabad,2018-12-21,55.1,104.0
Hyderabad,2018-12-22,72.66,127.0
Hyderabad,2018-12-23,78.01,151.0
Hyderabad,2018-12-24,76.81,159.0
Hyderabad,2018-12-25,73.18,153.0
Hyderabad,2018-12-26,67.91,136.0
Hyderabad,2018-12-27,68.06,126.0
Hyderabad,2018-12-28,64.1,131.0
Hyderabad,2018-12-29,68.76,132.0
Hyderabad,2018-12-30,71.7,139.0
Hyderabad,2018-12-31,65.24,134.0
Hyderabad,2019-01-01,66.79,132.0
Hyderabad,2019-01-02,71.55,133.0
Hyderabad,2019-01-03,69.7,141.0
Hyderabad,2019-01-04,75.25,142.0
Hyderabad,2019-01-05,73.03,148.0
Hyderabad,2019-01-06,77.71,149.0
Hyderabad,2019-01-07,76.5,155.0
Hyderabad,2019-01-08,73.78,151.0
Hyderabad,2019-01-09,74.7,146.0
Hyderabad,2019-01-10,75.43,146.0
Hyderabad,2019-01-11,75.77,153.0
Hyderabad,2019-01-12,78.62,154.0
Hyderabad,2019-01-13,72.03,154.0
Hyderabad,2019-01-14,74.37,146.0
Hyderabad,2019-01-15,75.13,147.0
Hyderabad,2019-01-16,75.55,152.0
Hyderabad,2019-01-17,73.51,150.0
Hyderabad,2019-01-18,75.34,148.0
Hyderabad,2019-01-19,78.12,153.0
Hyderabad,2019-01-20,70.0,155.0
Hyderabad,2019-01-21,66.4,132.0
Hyderabad,2019-01-22,47.29,105.0
Hyderabad,2019-01-23,60.93,105.0
Hyderabad,2019-01-24,59.22,112.0
Hyderabad,2019-01-25,36.51,96.0
Hyderabad,2019-01-26,36.21,73.0
Hyderabad,2019-01-27,51.29,72.0
Hyderabad,2019-01-28,71.62,124.0
Hyderabad,2019-01-29,64.42,136.0
Hyderabad,2019-01-30,55.6,108.0
Hyderabad,2019-01-31,63.8,114.0
Hyderabad,2019-02-01,66.44,131.0
Hyderabad,2019-02-02,62.22,118.0
Hyderabad,2019-02-03,60.26,120.0
Hyderabad,2019-02-04,63.75,110.0
Hyderabad,2019-02-05,63.26,115.0
Hyderabad,2019-02-06,68.06,130.0
Hyderabad,2019-02-07,58.46,120.0
Hyderabad,2019-02-08,58.24,114.0
Hyderabad,2019-02-09,55.67,128.0
Hyderabad,2019-02-10,58.82,130.0
Hyderabad,2019-02-11,58.64,118.0
Hyderabad,2019-02-12,64.14,122.0
Hyderabad,2019-02-13,64.94,130.0
Hyderabad,2019-02-14,62.79,127.0
Hyderabad,2019-02-15,38.84,102.0
Hyderabad,2019-02-16,48.34,91.0
Hyderabad,2019-02-17,45.12,101.0
Hyderabad,2019-02-18,65.14,109.0
Hyderabad,2019-02-19,55.8,123.0
Hyderabad,2019-02-20,35.07,87.0
Hyderabad,2019-02-21,39.32,82.0
Hyderabad,2019-02-22,44.63,94.0
Hyderabad,2019-02-23,57.13,115.0
Hyderabad,2019-02-24,46.64,114.0
Hyderabad,2019-02-25,49.41,100.0
Hyderabad,2019-02-26,54.83,117.0
Hyderabad,2019-02-27,57.06,111.0
Hyderabad,2019-02-28,50.34,112.0
Hyderabad,2019-03-01,55.59,120.0
Hyderabad,2019-03-02,33.05,85.0
Hyderabad,2019-03-03,35.27,68.0
Hyderabad,2019-03-04,40.97,80.0
Hyderabad,2019-03-05,59.27,117.0
Hyderabad,2019-03-06,62.5,136.0
Hyderabad,2019-03-07,66.8,143.0
Hyderabad,2019-03-08,66.34,143.0
Hyderabad,2019-03-09,49.68,122.0
Hyderabad,2019-03-10,45.2,102.0
Hyderabad,2019-03-11,36.59,92.0
Hyderabad,2019-03-12,40.84,97.0
Hyderabad,2019-03-13,41.23,101.0
Hyderabad,2019-03-14,41.63,101.0
Hyderabad,2019-03-15,48.94,104.0
Hyderabad,2019-03-16,39.06,101.0
Hyderabad,2019-03-17,37.73,97.0
Hyderabad,2019-03-18,39.82,93.0
Hyderabad,2019-03-19,30.77,85.0
Hyderabad,2019-03-20,41.63,86.0
Hyderabad,2019-03-21,41.06,95.0
Hyderabad,2019-03-22,36.35,87.0
Hyderabad,2019-03-23,43.36,101.0
Hyderabad,2019-03-24,50.52,111.0
Hyderabad,2019-03-25,50.06,107.0
Hyderabad,2019-03-26,51.5,113.0
Hyderabad,2019-03-27,48.51,107.0
Hyderabad,2019-03-28,55.2,114.0
Hyderabad,2019-03-29,59.8,127.0
Hyderabad,2019-03-30,59.21,132.0
Hyderabad,2019-03-31,48.49,124.0
Hyderabad,2019-04-01,37.8,106.0
Hyderabad,2019-04-02,43.82,114.0
Hyderabad,2019-04-03,45.6,106.0
Hyderabad,2019-04-04,39.01,102.0
Hyderabad,2019-04-05,31.28,93.0
Hyderabad,2019-04-06,37.69,89.0
Hyderabad,2019-04-07,33.48,78.0
Hyderabad,2019-04-08,33.08,80.0
Hyderabad,2019-04-09,40.63,91.0
Hyderabad,2019-04-10,42.14,100.0
Hyderabad,2019-04-11,31.45,87.0
Hyderabad,2019-04-12,36.35,82.0
Hyderabad,2019-04-13,32.69,91.0
Hyderabad,2019-04-14,41.0,102.0
Hyderabad,2019-04-15,37.57,95.0
Hyderabad,2019-04-16,39.47,104.0
Hyderabad,2019-04-17,33.26,91.0
Hyderabad,2019-04-18,43.07,96.0
Hyderabad,2019-04-19,30.74,94.0
Hyderabad,2019-04-20,25.52,69.0
Hyderabad,2019-04-21,24.77,69.0
Hyderabad,2019-04-22,27.5,70.0
Hyderabad,2019-04-23,34.65,96.0
Hyderabad,2019-04-24,29.87,92.0
Hyderabad,2019-04-25,36.16,102.0
Hyderabad,2019-04-26,43.87,108.0
Hyderabad,2019-04-27,51.92,124.0
Hyderabad,2019-04-28,41.82,112.0
Hyderabad,2019-04-29,39.66,103.0
Hyderabad,2019-04-30,38.87,98.0
Hyderabad,2019-05-01,36.43,96.0
Hyderabad,2019-05-02,38.41,111.0
Hyderabad,2019-05-03,36.05,119.0
Hyderabad,2019-05-04,32.12,110.0
Hyderabad,2019-05-05,36.53,106.0
Hyderabad,2019-05-06,43.68,118.0
Hyderabad,2019-05-07,52.95,130.0
Hyderabad,2019-05-08,47.23,133.0
Hyderabad,2019-05-09,46.82,132.0
Hyderabad,2019-05-10,46.39,125.0
Hyderabad,2019-05-11,48.29,121.0
Hyderabad,2019-05-12,37.24,104.0
Hyderabad,2019-05-13,41.34,109.0
Hyderabad,2019-05-14,38.89,98.0
Hyderabad,2019-05-15,42.5,110.0
Hyderabad,2019-05-16,36.62,93.0
Hyderabad,2019-05-17,43.35,109.0
Hyderabad,2019-05-18,48.5,112.0
Hyderabad,2019-05-19,55.84,134.0
Hyderabad,2019-05-20,48.9,120.0
Hyderabad,2019-05-21,43.6,111.0
Hyderabad,2019-05-22,36.78,109.0
Hyderabad,2019-05-23,44.73,104.0
Hyderabad,2019-05-24,37.62,92.0
Hyderabad,2019-05-25,46.56,112.0
Hyderabad,2019-05-26,49.91,124.0
Hyderabad,2019-05-27,41.93,114.0
Hyderabad,2019-05-28,41.88,112.0
Hyderabad,2019-05-29,52.22,124.0
Hyderabad,2019-05-30,42.3,119.0
Hyderabad,2019-05-31,39.47,105.0
Hyderabad,2019-06-01,34.95,95.0
Hyderabad,2019-06-02,44.33,111.0
Hyderabad,2019-06-03,27.67,91.0
Hyderabad,2019-06-04,24.01,75.0
Hyderabad,2019-06-05,35.63,86.0
Hyderabad,2019-06-06,35.67,103.0
Hyderabad,2019-06-07,28.41,89.0
Hyderabad,2019-06-08,32.08,78.0
Hyderabad,2019-06-09,31.14,88.0
Hyderabad,2019-06-10,23.71,75.0
Hyderabad,2019-06-11,12.39,60.0
Hyderabad,2019-06-12,8.7,48.0
Hyderabad,2019-06-13,11.21,39.0
Hyderabad,2019-06-14,15.94,40.0
Hyderabad,2019-06-15,22.29,55.0
Hyderabad,2019-06-16,19.58,57.0
Hyderabad,2019-06-17,23.78,60.0
Hyderabad,2019-06-18,22.29,60.0
Hyderabad,2019-06-19,21.59,60.0
Hyderabad,2019-06-20,18.96,54.0
Hyderabad,2019-06-21,28.11,65.0
Hyderabad,2019-06-22,24.75,60.0
Hyderabad,2019-06-23,26.44,60.0
Hyderabad,2019-06-24,25.45,62.0
Hyderabad,2019-06-25,27.0,62.0
Hyderabad,2019-06-26,18.07,60.0
Hyderabad,2019-06-27,9.85,38.0
Hyderabad,2019-06-28,9.89,35.0
Hyderabad,2019-06-29,12.75,35.0
Hyderabad,2019-06-30,18.55,39.0
Hyderabad,2019-07-01,18.32,44.0
Hyderabad,2019-07-02,17.75,36.0
Hyderabad,2019-07-03,20.08,46.0
Hyderabad,2019-07-04,17.71,49.0
Hyderabad,2019-07-05,16.27,46.0
Hyderabad,2019-07-06,15.95,42.0
Hyderabad,2019-07-07,15.22,47.0
Hyderabad,2019-07-08,16.51,36.0
Hyderabad,2019-07-09,15.35,43.0
Hyderabad,2019-07-10,12.67,36.0
Hyderabad,2019-07-11,16.54,40.0
Hyderabad,2019-07-12,18.41,45.0
Hyderabad,2019-07-13,12.8,46.0
Hyderabad,2019-07-14,14.43,36.0
Hyderabad,2019-07-15,15.96,44.0
Hyderabad,2019-07-16,24.07,60.0
Hyderabad,2019-07-17,22.29,68.0
Hyderabad,2019-07-18,26.43,70.0
Hyderabad,2019-07-19,31.27,89.0
Hyderabad,2019-07-20,20.12,64.0
Hyderabad,2019-07-21,14.08,54.0
Hyderabad,2019-07-22,12.01,48.0
Hyderabad,2019-07-23,8.13,48.0
Hyderabad,2019-07-24,10.24,47.0
Hyderabad,2019-07-25,12.86,49.0
Hyderabad,2019-07-26,14.72,50.0
Hyderabad,2019-07-27,12.96,47.0
Hyderabad,2019-07-28,13.46,47.0
Hyderabad,2019-07-29,8.99,42.0
Hyderabad,2019-07-30,8.48,35.0
Hyderabad,2019-07-31,10.95,37.0
Hyderabad,2019-08-01,10.31,41.0
Hyderabad,2019-08-02,8.01,37.0
Hyderabad,2019-08-03,6.75,39.0
Hyderabad,2019-08-04,6.24,36.0
Hyderabad,2019-08-05,7.95,37.0
Hyderabad,2019-08-06,10.01,51.0
Hyderabad,2019-08-07,9.72,46.0
Hyderabad,2019-08-08,12.45,47.0
Hyderabad,2019-08-09,12.46,46.0
Hyderabad,2019-08-10,11.94,45.0
Hyderabad,2019-08-11,17.37,50.0
Hyderabad,2019-08-12,24.17,63.0
Hyderabad,2019-08-13,29.79,72.0
Hyderabad,2019-08-14,23.12,75.0
Hyderabad,2019-08-15,19.11,58.0
Hyderabad,2019-08-16,17.17,53.0
Hyderabad,2019-08-17,23.03,69.0
Hyderabad,2019-08-18,29.92,89.0
Hyderabad,2019-08-19,25.94,85.0
Hyderabad,2019-08-20,31.38,82.0
Hyderabad,2019-08-21,27.23,75.0
Hyderabad,2019-08-22,20.35,67.0
Hyderabad,2019-08-23,23.71,65.0
Hyderabad,2019-08-24,14.82,51.0
Hyderabad,2019-08-25,14.89,51.0
Hyderabad,2019-08-26,17.16,52.0
Hyderabad,2019-08-27,18.86,65.0
Hyderabad,2019-08-28,19.35,68.0
Hyderabad,2019-08-29,16.92,65.0
Hyderabad,2019-08-30,16.5,54.0
Hyderabad,2019-08-31,13.98,41.0
Hyderabad,2019-09-01,11.85,44.0
Hyderabad,2019-09-02,15.72,38.0
Hyderabad,2019-09-03,12.92,38.0
Hyderabad,2019-09-04,12.2,35.0
Hyderabad,2019-09-05,11.14,32.0
Hyderabad,2019-09-06,11.92,34.0
Hyderabad,2019-09-07,13.65,32.0
Hyderabad,2019-09-08,10.31,33.0
Hyderabad,2019-09-09,13.26,36.0
Hyderabad,2019-09-10,14.98,39.0
Hyderabad,2019-09-11,18.19,50.0
Hyderabad,2019-09-12,21.73,57.0
Hyderabad,2019-09-13,16.32,49.0
Hyderabad,2019-09-14,18.39,48.0
Hyderabad,2019-09-15,22.47,61.0
Hyderabad,2019-09-16,28.23,65.0
Hyderabad,2019-09-17,28.85,65.0
Hyderabad,2019-09-18,25.01,65.0
Hyderabad,2019-09-19,25.6,56.0
Hyderabad,2019-09-20,20.54,53.0
Hyderabad,2019-09-21,25.81,61.0
Hyderabad,2019-09-22,27.01,61.0
Hyderabad,2019-09-23,32.95,65.0
Hyderabad,2019-09-24,28.07,60.0
Hyderabad,2019-09-25,22.37,49.0
Hyderabad,2019-09-26,20.4,53.0
Hyderabad,2019-09-27,15.49,38.0
Hyderabad,2019-09-28,25.85,44.0
Hyderabad,2019-09-29,33.27,63.0
Hyderabad,2019-09-30,41.11,75.0
Hyderabad,2019-10-01,39.12,87.0
Hyderabad,2019-10-02,31.98,72.0
Hyderabad,2019-10-03,32.24,85.0
Hyderabad,2019-10-04,34.73,81.0
Hyderabad,2019-10-05,40.22,71.0
Hyderabad,2019-10-06,42.99,82.0
Hyderabad,2019-10-07,50.79,86.0
Hyderabad,2019-10-08,56.9,95.0
Hyderabad,2019-10-09,54.17,92.0
Hyderabad,2019-10-10,39.07,80.0
Hyderabad,2019-10-11,34.57,70.0
Hyderabad,2019-10-12,34.91,67.0
Hyderabad,2019-10-13,36.35,70.0
Hyderabad,2019-10-14,53.22,88.0
Hyderabad,2019-10-15,52.62,98.0
Hyderabad,2019-10-16,59.41,98.0
Hyderabad,2019-10-17,48.12,117.0
Hyderabad,2019-10-18,24.3,64.0
Hyderabad,2019-10-19,22.92,54.0
Hyderabad,2019-10-20,28.04,63.0
Hyderabad,2019-10-21,22.03,53.0
Hyderabad,2019-10-22,41.03,71.0
Hyderabad,2019-10-23,37.8,78.0
Hyderabad,2019-10-24,22.53,72.0
Hyderabad,2019-10-25,23.54,51.0
Hyderabad,2019-10-26,18.81,52.0
Hyderabad,2019-10-27,40.65,59.0
Hyderabad,2019-10-28,64.09,126.0
Hyderabad,2019-10-29,42.04,94.0
Hyderabad,2019-10-30,40.41,82.0
Hyderabad,2019-10-31,21.39,76.0
Hyderabad,2019-11-01,22.51,54.0
Hyderabad,2019-11-02,29.98,66.0
Hyderabad,2019-11-03,37.22,84.0
Hyderabad,2019-11-04,57.61,96.0
Hyderabad,2019-11-05,84.85,155.0
Hyderabad,2019-11-06,84.0,177.0
Hyderabad,2019-11-07,70.7,155.0
Hyderabad,2019-11-08,69.8,131.0
Hyderabad,2019-11-09,81.35,156.0
Hyderabad,2019-11-10,72.38,169.0
Hyderabad,2019-11-11,60.06,122.0
Hyderabad,2019-11-12,56.27,104.0
Hyderabad,2019-11-13,62.64,123.0
Hyderabad,2019-11-14,67.77,125.0
Hyderabad,2019-11-15,69.15,127.0
Hyderabad,2019-11-16,66.42,141.0
Hyderabad,2019-11-17,70.79,131.0
Hyderabad,2019-11-18,76.03,145.0
Hyderabad,2019-11-19,82.72,165.0
Hyderabad,2019-11-20,84.11,181.0
Hyderabad,2019-11-21,78.63,161.0
Hyderabad,2019-11-22,76.7,161.0
Hyderabad,2019-11-23,75.82,159.0
Hyderabad,2019-11-24,80.31,156.0
Hyderabad,2019-11-25,86.18,163.0
Hyderabad,2019-11-26,80.88,176.0
Hyderabad,2019-11-27,71.3,154.0
Hyderabad,2019-11-28,74.49,146.0
Hyderabad,2019-11-29,62.42,129.0
Hyderabad,2019-11-30,63.81,127.0
Hyderabad,2019-12-01,61.97,127.0
Hyderabad,2019-12-02,45.57,92.0
Hyderabad,2019-12-03,47.66,75.0
Hyderabad,2019-12-04,79.37,144.0
Hyderabad,2019-12-05,82.44,172.0
Hyderabad,2019-12-06,85.82,178.0
Hyderabad,2019-12-07,83.29,186.0
Hyderabad,2019-12-08,67.07,156.0
Hyderabad,2019-12-09,57.77,119.0
Hyderabad,2019-12-10,58.14,117.0
Hyderabad,2019-12-11,64.73,125.0
Hyderabad,2019-12-12,55.77,125.0
Hyderabad,2019-12-13,31.86,85.0
Hyderabad,2019-12-14,40.8,78.0
Hyderabad,2019-12-15,43.43,87.0
Hyderabad,2019-12-16,50.84,96.0
Hyderabad,2019-12-17,69.16,120.0
Hyderabad,2019-12-18,75.72,150.0
Hyderabad,2019-12-19,75.66,147.0
Hyderabad,2019-12-20,78.86,151.0
Hyderabad,2019-12-21,82.1,172.0
Hyderabad,2019-12-22,77.15,166.0
Hyderabad,2019-12-23,74.42,157.0
Hyderabad,2019-12-24,62.38,130.0
Hyderabad,2019-12-25,72.06,131.0
Hyderabad,2019-12-26,62.79,128.0
Hyderabad,2019-12-27,56.3,119.0
Hyderabad,2019-12-28,73.73,130.0
Hyderabad,2019-12-29,80.23,158.0
Hyderabad,2019-12-30,72.02,143.0
Hyderabad,2019-12-31,47.37,107.0
Hyderabad,2020-01-01,41.19,82.0
Hyderabad,2020-01-02,30.8,64.0
Hyderabad,2020-01-03,33.09,64.0
Hyderabad,2020-01-04,57.96,87.0
Hyderabad,2020-01-05,64.52,112.0
Hyderabad,2020-01-06,56.86,125.0
Hyderabad,2020-01-07,51.1,93.0
Hyderabad,2020-01-08,40.04,82.0
Hyderabad,2020-01-09,46.45,84.0
Hyderabad,2020-01-10,74.35,123.0
Hyderabad,2020-01-11,74.55,149.0
Hyderabad,2020-01-12,67.37,140.0
Hyderabad,2020-01-13,65.69,128.0
Hyderabad,2020-01-14,72.24,134.0
Hyderabad,2020-01-15,50.23,119.0
Hyderabad,2020-01-16,35.28,76.0
Hyderabad,2020-01-17,31.16,66.0
Hyderabad,2020-01-18,35.01,69.0
Hyderabad,2020-01-19,34.14,74.0
Hyderabad,2020-01-20,39.98,77.0
Hyderabad,2020-01-21,37.27,84.0
Hyderabad,2020-01-22,38.79,84.0
Hyderabad,2020-01-23,56.38,106.0
Hyderabad,2020-01-24,63.09,125.0
Hyderabad,2020-01-25,67.01,133.0
Hyderabad,2020-01-26,62.52,131.0
Hyderabad,2020-01-27,57.99,128.0
Hyderabad,2020-01-28,51.37,107.0
Hyderabad,2020-01-29,58.15,128.0
Hyderabad,2020-01-30,68.2,126.0
Hyderabad,2020-01-31,59.22,141.0
Hyderabad,2020-02-01,38.88,99.0
Hyderabad,2020-02-02,40.2,77.0
Hyderabad,2020-02-03,36.94,76.0
Hyderabad,2020-02-04,27.77,71.0
Hyderabad,2020-02-05,32.73,70.0
Hyderabad,2020-02-06,30.56,80.0
Hyderabad,2020-02-07,32.21,80.0
Hyderabad,2020-02-08,38.5,79.0
Hyderabad,2020-02-09,41.49,82.0
Hyderabad,2020-02-10,39.28,68.0
Hyderabad,2020-02-11,42.7,75.0
Hyderabad,2020-02-12,56.38,94.0
Hyderabad,2020-02-13,61.85,122.0
Hyderabad,2020-02-14,74.29,146.0
Hyderabad,2020-02-15,66.96,154.0
Hyderabad,2020-02-16,65.61,140.0
Hyderabad,2020-02-17,59.75,126.0
Hyderabad,2020-02-18,45.93,116.0
Hyderabad,2020-02-19,49.6,112.0
Hyderabad,2020-02-20,45.57,97.0
Hyderabad,2020-02-21,35.27,86.0
Hyderabad,2020-02-22,28.81,72.0
Hyderabad,2020-02-23,25.6,68.0
Hyderabad,2020-02-24,32.51,70.0
Hyderabad,2020-02-25,42.14,86.0
Hyderabad,2020-02-26,55.84,112.0
Hyderabad,2020-02-27,38.49,108.0
Hyderabad,2020-02-28,40.35,97.0
Hyderabad,2020-02-29,42.44,91.0
Hyderabad,2020-03-01,43.21,92.0
Hyderabad,2020-03-02,48.6,95.0
Hyderabad,2020-03-03,49.59,97.0
Hyderabad,2020-03-04,46.51,106.0
Hyderabad,2020-03-05,57.23,113.0
Hyderabad,2020-03-06,33.87,100.0
Hyderabad,2020-03-07,38.58,85.0
Hyderabad,2020-03-08,33.94,77.0
Hyderabad,2020-03-09,32.84,70.0
Hyderabad,2020-03-10,25.67,65.0
Hyderabad,2020-03-11,29.93,62.0
Hyderabad,2020-03-12,31.53,78.0
Hyderabad,2020-03-13,27.51,79.0
Hyderabad,2020-03-14,33.45,75.0
Hyderabad,2020-03-15,32.03,82.0
Hyderabad,2020-03-16,27.86,71.0
Hyderabad,2020-03-17,25.08,67.0
Hyderabad,2020-03-18,26.32,67.0
Hyderabad,2020-03-19,43.39,87.0
Hyderabad,2020-03-20,33.71,79.0
Hyderabad,2020-03-21,39.85,84.0
Hyderabad,2020-03-22,38.0,102.0
Hyderabad,2020-03-23,37.97,73.0
Hyderabad,2020-03-24,28.75,66.0
Hyderabad,2020-03-25,28.47,60.0
Hyderabad,2020-03-26,29.0,59.0
Hyderabad,2020-03-27,34.09,65.0
Hyderabad,2020-03-28,36.17,70.0
Hyderabad,2020-03-29,42.07,75.0
Hyderabad,2020-03-30,34.79,72.0
Hyderabad,2020-03-31,42.42,68.0
Hyderabad,2020-04-01,47.96,87.0
Hyderabad,2020-04-02,48.05,88.0
Hyderabad,2020-04-03,38.13,73.0
Hyderabad,2020-04-04,37.34,67.0
Hyderabad,2020-04-05,30.18,66.0
Hyderabad,2020-04-06,27.87,64.0
Hyderabad,2020-04-07,19.76,77.0
Hyderabad,2020-04-08,19.94,56.0
Hyderabad,2020-04-09,29.36,59.0
Hyderabad,2020-04-10,18.95,62.0
Hyderabad,2020-04-11,23.99,55.0
Hyderabad,2020-04-12,33.4,61.0
Hyderabad,2020-04-13,35.21,68.0
Hyderabad,2020-04-14,38.07,74.0
Hyderabad,2020-04-15,33.99,74.0
Hyderabad,2020-04-16,37.13,70.0
Hyderabad,2020-04-17,38.44,74.0
Hyderabad,2020-04-18,35.67,75.0
Hyderabad,2020-04-19,30.21,67.0
Hyderabad,2020-04-20,26.47,58.0
Hyderabad,2020-04-21,22.83,54.0
Hyderabad,2020-04-22,25.12,50.0
Hyderabad,2020-04-23,27.57,53.0
Hyderabad,2020-04-24,28.99,63.0
Hyderabad,2020-04-25,31.76,62.0
Hyderabad,2020-04-26,29.9,71.0
Hyderabad,2020-04-27,23.51,56.0
Hyderabad,2020-04-28,23.36,56.0
Hyderabad,2020-04-29,16.03,51.0
Hyderabad,2020-04-30,21.12,59.0
Hyderabad,2020-05-01,22.69,67.0
Hyderabad,2020-05-02,24.62,54.0
Hyderabad,2020-05-03,33.03,70.0
Hyderabad,2020-05-04,28.18,77.0
Hyderabad,2020-05-05,31.36,71.0
Hyderabad,2020-05-06,25.18,73.0
Hyderabad,2020-05-07,26.84,59.0
Hyderabad,2020-05-08,27.46,65.0
Hyderabad,2020-05-09,29.56,69.0
Hyderabad,2020-05-10,28.15,65.0
Hyderabad,2020-05-11,38.65,83.0
Hyderabad,2020-05-12,32.09,74.0
Hyderabad,2020-05-13,24.1,64.0
Hyderabad,2020-05-14,25.06,60.0
Hyderabad,2020-05-15,24.12,60.0
Hyderabad,2020-05-16,27.65,67.0
Hyderabad,2020-05-17,32.47,70.0
Hyderabad,2020-05-18,31.05,72.0
Hyderabad,2020-05-19,42.41,93.0
Hyderabad,2020-05-20,36.62,106.0
Hyderabad,2020-05-21,31.59,109.0
Hyderabad,2020-05-22,39.91,114.0
Hyderabad,2020-05-23,44.09,122.0
Hyderabad,2020-05-24,41.03,116.0
Hyderabad,2020-05-25,33.07,102.0
Hyderabad,2020-05-26,32.51,89.0
Hyderabad,2020-05-27,28.66,87.0
Hyderabad,2020-05-28,26.7,86.0
Hyderabad,2020-05-29,21.07,84.0
Hyderabad,2020-05-30,18.56,65.0
Hyderabad,2020-05-31,25.17,67.0
Hyderabad,2020-06-01,30.0,55.0
Hyderabad,2020-06-02,16.47,79.0
Hyderabad,2020-06-03,11.74,38.0
Hyderabad,2020-06-04,13.93,33.0
Hyderabad,2020-06-05,19.57,38.0
Hyderabad,2020-06-06,23.02,58.0
Hyderabad,2020-06-07,19.49,64.0
Hyderabad,2020-06-08,20.2,54.0
Hyderabad,2020-06-09,17.96,57.0
Hyderabad,2020-06-10,20.26,48.0
Hyderabad,2020-06-11,19.96,42.0
Hyderabad,2020-06-12,17.19,42.0
Hyderabad,2020-06-13,9.87,38.0
Hyderabad,2020-06-14,9.8,32.0
Hyderabad,2020-06-15,13.53,33.0
Hyderabad,2020-06-16,10.31,31.0
Hyderabad,2020-06-17,10.31,29.0
Hyderabad,2020-06-18,14.04,30.0
Hyderabad,2020-06-19,20.19,37.0
Hyderabad,2020-06-20,22.5,52.0
Hyderabad,2020-06-21,24.0,56.0
Hyderabad,2020-06-22,22.91,60.0
Hyderabad,2020-06-23,22.36,51.0
Hyderabad,2020-06-24,21.25,51.0
Hyderabad,2020-06-25,22.41,52.0
Hyderabad,2020-06-26,27.05,52.0
Hyderabad,2020-06-27,23.29,58.0
Hyderabad,2020-06-28,15.8,49.0
Hyderabad,2020-06-29,20.24,47.0
Hyderabad,2020-06-30,19.38,46.0
Hyderabad,2020-07-01,26.83,48.0
Chandigarh,2019-09-03,27.93,93.0
Chandigarh,2019-09-04,34.05,96.0
Chandigarh,2019-09-05,41.31,77.0
Chandigarh,2019-09-07,41.31,84.0
Chandigarh,2019-09-08,41.31,88.0
Chandigarh,2019-09-10,41.31,88.0
Chandigarh,2019-09-11,41.31,107.0
Chandigarh,2019-09-12,41.31,121.0
Chandigarh,2019-09-13,41.31,90.0
Chandigarh,2019-09-14,41.31,69.0
Chandigarh,2019-09-15,41.31,68.0
Chandigarh,2019-09-16,41.31,96.0
Chandigarh,2019-09-17,41.31,102.0
Chandigarh,2019-09-18,41.31,120.0
Chandigarh,2019-09-19,38.1,88.0
Chandigarh,2019-09-20,40.41,71.0
Chandigarh,2019-09-21,27.21,69.0
Chandigarh,2019-09-22,29.75,68.0
Chandigarh,2019-09-23,18.35,59.0
Chandigarh,2019-09-24,34.43,74.0
Chandigarh,2019-09-25,33.66,102.0
Chandigarh,2019-09-26,22.93,94.0
Chandigarh,2019-09-27,16.0,80.0
Chandigarh,2019-09-28,22.41,77.0
Chandigarh,2019-09-29,13.93,48.0
Chandigarh,2019-10-01,24.45,68.0
Chandigarh,2019-10-02,15.77,58.0
Chandigarh,2019-10-03,29.59,58.0
Chandigarh,2019-10-04,30.27,74.0
Chandigarh,2019-10-05,25.9,72.0
Chandigarh,2019-10-06,38.69,83.0
Chandigarh,2019-10-07,53.09,94.0
Chandigarh,2019-10-08,43.67,106.0
Chandigarh,2019-10-09,53.12,108.0
Chandigarh,2019-10-10,56.82,117.0
Chandigarh,2019-10-11,50.45,107.0
Chandigarh,2019-10-12,58.03,107.0
Chandigarh,2019-10-13,57.61,98.0
Chandigarh,2019-10-14,74.8,135.0
Chandigarh,2019-10-15,73.44,138.0
Chandigarh,2019-10-16,83.96,158.0
Chandigarh,2019-10-17,80.65,187.0
Chandigarh,2019-10-18,56.2,122.0
Chandigarh,2019-10-19,51.84,110.0
Chandigarh,2019-10-20,53.9,105.0
Chandigarh,2019-10-21,53.79,111.0
Chandigarh,2019-10-22,47.72,108.0
Chandigarh,2019-10-23,46.9,104.0
Chandigarh,2019-10-24,71.66,110.0
Chandigarh,2019-10-25,92.3,190.0
Chandigarh,2019-10-26,104.11,231.0
Chandigarh,2019-10-27,122.16,253.0
Chandigarh,2019-10-28,154.85,335.0
Chandigarh,2019-10-29,110.06,268.0
Chandigarh,2019-10-30,108.09,270.0
Chandigarh,2019-10-31,109.17,262.0
Chandigarh,2019-11-01,112.71,270.0
Chandigarh,2019-11-02,123.26,297.0
Chandigarh,2019-11-03,135.98,283.0
Chandigarh,2019-11-04,114.56,322.0
Chandigarh,2019-11-05,53.96,148.0
Chandigarh,2019-11-06,58.85,117.0
Chandigarh,2019-11-07,46.3,100.0
Chandigarh,2019-11-08,45.3,82.0
Chandigarh,2019-11-09,47.33,81.0
Chandigarh,2019-11-10,72.51,106.0
Chandigarh,2019-11-11,103.38,198.0
Chandigarh,2019-11-12,113.03,270.0
Chandigarh,2019-11-13,101.59,270.0
Chandigarh,2019-11-14,101.15,214.0
Chandigarh,2019-11-15,96.95,245.0
Chandigarh,2019-11-16,63.35,165.0
Chandigarh,2019-11-17,42.54,94.0
Chandigarh,2019-11-18,61.85,87.0
Chandigarh,2019-11-19,85.34,136.0
Chandigarh,2019-11-20,92.71,215.0
Chandigarh,2019-11-21,84.5,179.0
Chandigarh,2019-11-22,116.3,246.0
Chandigarh,2019-11-23,84.1,256.0
Chandigarh,2019-11-24,44.9,107.0
Chandigarh,2019-11-25,46.55,80.0
Chandigarh,2019-11-26,61.28,111.0
Chandigarh,2019-11-27,32.56,88.0
Chandigarh,2019-11-28,42.0,100.0
Chandigarh,2019-11-29,50.57,95.0
Chandigarh,2019-11-30,55.52,92.0
Chandigarh,2019-12-01,59.05,107.0
Chandigarh,2019-12-02,78.39,122.0
Chandigarh,2019-12-03,81.14,166.0
Chandigarh,2019-12-04,91.88,199.0
Chandigarh,2019-12-05,92.12,204.0
Chandigarh,2019-12-06,77.58,186.0
Chandigarh,2019-12-07,69.8,139.0
Chandigarh,2019-12-08,69.48,142.0
Chandigarh,2019-12-09,97.55,157.0
Chandigarh,2019-12-10,90.07,218.0
Chandigarh,2019-12-11,119.05,211.0
Chandigarh,2019-12-12,108.0,307.0
Chandigarh,2019-12-13,21.86,115.0
Chandigarh,2019-12-14,39.0,44.0
Chandigarh,2019-12-15,39.25,70.0
Chandigarh,2019-12-16,41.79,69.0
Chandigarh,2019-12-17,61.95,89.0
Chandigarh,2019-12-18,49.36,95.0
Chandigarh,2019-12-19,91.41,149.0
Chandigarh,2019-12-20,98.48,204.0
Chandigarh,2019-12-21,68.55,199.0
Chandigarh,2019-12-22,46.06,101.0
Chandigarh,2019-12-23,41.79,80.0
Chandigarh,2019-12-24,67.27,110.0
Chandigarh,2019-12-25,35.08,96.0
Chandigarh,2019-12-26,38.86,69.0
Chandigarh,2019-12-27,61.39,97.0
Chandigarh,2019-12-28,77.1,127.0
Chandigarh,2019-12-29,58.68,149.0
Chandigarh,2019-12-30,72.34,102.0
Chandigarh,2019-12-31,77.06,206.0
Chandigarh,2020-01-01,63.22,132.0
Chandigarh,2020-01-02,45.65,109.0
Chandigarh,2020-01-03,45.79,102.0
Chandigarh,2020-01-04,53.46,100.0
Chandigarh,2020-01-05,51.15,109.0
Chandigarh,2020-01-06,37.92,85.0
Chandigarh,2020-01-07,28.87,56.0
Chandigarh,2020-01-08,31.92,48.0
Chandigarh,2020-01-09,28.35,49.0
Chandigarh,2020-01-10,27.82,58.0
Chandigarh,2020-01-11,46.57,80.0
Chandigarh,2020-01-12,75.8,123.0
Chandigarh,2020-01-13,63.64,170.0
Chandigarh,2020-01-14,39.14,88.0
Chandigarh,2020-01-15,46.49,77.0
Chandigarh,2020-01-16,40.07,80.0
Chandigarh,2020-01-17,48.86,85.0
Chandigarh,2020-01-18,58.57,110.0
Chandigarh,2020-01-19,46.76,112.0
Chandigarh,2020-01-20,54.78,93.0
Chandigarh,2020-01-21,65.75,136.0
Chandigarh,2020-01-22,41.75,112.0
Chandigarh,2020-01-23,29.8,73.0
Chandigarh,2020-01-24,27.35,75.0
Chandigarh,2020-01-25,50.16,99.0
Chandigarh,2020-01-26,63.05,117.0
Chandigarh,2020-01-27,70.05,93.0
Chandigarh,2020-01-28,40.04,142.0
Chandigarh,2020-01-29,23.83,72.0
Chandigarh,2020-01-30,26.33,76.0
Chandigarh,2020-01-31,33.27,55.0
Chandigarh,2020-02-01,46.01,95.0
Chandigarh,2020-02-02,36.92,75.0
Chandigarh,2020-02-03,45.69,95.0
Chandigarh,2020-02-04,48.43,113.0
Chandigarh,2020-02-05,44.5,98.0
Chandigarh,2020-02-06,44.26,83.0
Chandigarh,2020-02-07,52.11,102.0
Chandigarh,2020-02-08,56.44,91.0
Chandigarh,2020-02-09,58.61,101.0
Chandigarh,2020-02-10,58.08,109.0
Chandigarh,2020-02-11,55.99,109.0
Chandigarh,2020-02-12,54.47,110.0
Chandigarh,2020-02-13,45.96,102.0
Chandigarh,2020-02-14,38.65,94.0
Chandigarh,2020-02-15,38.73,94.0
Chandigarh,2020-02-16,44.75,99.0
Chandigarh,2020-02-17,37.34,88.0
Chandigarh,2020-02-18,39.85,94.0
Chandigarh,2020-02-19,49.94,124.0
Chandigarh,2020-02-20,40.09,114.0
Chandigarh,2020-02-21,17.74,72.0
Chandigarh,2020-02-22,28.86,50.0
Chandigarh,2020-02-23,26.21,64.0
Chandigarh,2020-02-24,22.11,61.0
Chandigarh,2020-02-25,31.08,78.0
Chandigarh,2020-02-26,36.76,83.0
Chandigarh,2020-02-27,55.33,112.0
Chandigarh,2020-02-28,48.22,112.0
Chandigarh,2020-02-29,24.21,86.0
Chandigarh,2020-03-01,16.87,62.0
Chandigarh,2020-03-02,32.21,66.0
Chandigarh,2020-03-03,35.14,82.0
Chandigarh,2020-03-04,35.6,97.0
Chandigarh,2020-03-05,20.93,86.0
Chandigarh,2020-03-06,13.67,49.0
Chandigarh,2020-03-07,13.4,35.0
Chandigarh,2020-03-08,22.56,62.0
Chandigarh,2020-03-09,21.62,47.0
Chandigarh,2020-03-10,29.78,69.0
Chandigarh,2020-03-11,27.87,74.0
Chandigarh,2020-03-12,19.08,49.0
Chandigarh,2020-03-13,17.86,50.0
Chandigarh,2020-03-14,9.63,29.0
Chandigarh,2020-03-15,10.57,30.0
Chandigarh,2020-03-16,21.2,56.0
Chandigarh,2020-03-17,18.52,77.0
Chandigarh,2020-03-18,20.51,79.0
Chandigarh,2020-03-19,23.59,85.0
Chandigarh,2020-03-20,24.17,79.0
Chandigarh,2020-03-21,21.88,76.0
Chandigarh,2020-03-22,18.63,62.0
Chandigarh,2020-03-23,14.77,39.0
Chandigarh,2020-03-24,16.69,36.0
Chandigarh,2020-03-25,15.43,35.0
Chandigarh,2020-03-26,13.28,39.0
Chandigarh,2020-03-27,18.86,40.0
Chandigarh,2020-03-28,7.73,26.0
Chandigarh,2020-03-29,18.82,30.0
Chandigarh,2020-03-30,12.34,38.0
Chandigarh,2020-03-31,15.51,34.0
Chandigarh,2020-04-01,12.25,32.0
Chandigarh,2020-04-02,11.2,34.0
Chandigarh,2020-04-03,11.91,33.0
Chandigarh,2020-04-04,12.77,34.0
Chandigarh,2020-04-05,15.43,35.0
Chandigarh,2020-04-06,20.93,41.0
Chandigarh,2020-04-07,11.46,45.0
Chandigarh,2020-04-08,11.19,38.0
Chandigarh,2020-04-09,10.0,35.0
Chandigarh,2020-04-10,12.37,36.0
Chandigarh,2020-04-11,14.16,42.0
Chandigarh,2020-04-12,15.62,46.0
Chandigarh,2020-04-13,19.73,45.0
Chandigarh,2020-04-14,18.52,56.0
Chandigarh,2020-04-15,22.97,71.0
Chandigarh,2020-04-16,21.93,74.0
Chandigarh,2020-04-18,10.05,55.0
Chandigarh,2020-04-19,6.86,39.0
Chandigarh,2020-04-20,11.4,34.0
Chandigarh,2020-04-21,12.87,37.0
Chandigarh,2020-04-22,11.29,41.0
Chandigarh,2020-04-23,16.05,50.0
Chandigarh,2020-04-24,14.91,57.0
Chandigarh,2020-04-25,17.25,63.0
Chandigarh,2020-04-26,12.34,51.0
Chandigarh,2020-04-27,10.3,35.0
Chandigarh,2020-04-28,12.25,40.0
Chandigarh,2020-04-29,14.57,40.0
Chandigarh,2020-04-30,21.39,54.0
Chandigarh,2020-05-01,22.24,60.0
Chandigarh,2020-05-02,19.81,64.0
Chandigarh,2020-05-03,17.98,66.0
Chandigarh,2020-05-04,10.42,50.0
Chandigarh,2020-05-05,17.99,52.0
Chandigarh,2020-05-06,16.21,60.0
Chandigarh,2020-05-07,13.54,56.0
Chandigarh,2020-05-08,18.31,64.0
Chandigarh,2020-05-09,23.0,74.0
Chandigarh,2020-05-10,24.15,77.0
Chandigarh,2020-05-11,16.39,92.0
Chandigarh,2020-05-12,17.07,62.0
Chandigarh,2020-05-13,34.57,66.0
Chandigarh,2020-05-14,29.6,81.0
Chandigarh,2020-05-15,12.35,63.0
Chandigarh,2020-05-16,20.83,60.0
Chandigarh,2020-05-17,22.99,64.0
Chandigarh,2020-05-18,21.46,65.0
Chandigarh,2020-05-19,16.47,66.0
Chandigarh,2020-05-20,17.59,60.0
Chandigarh,2020-05-21,29.03,82.0
Chandigarh,2020-05-22,35.93,116.0
Chandigarh,2020-05-23,35.26,130.0
Chandigarh,2020-05-24,24.52,104.0
Chandigarh,2020-05-25,26.31,91.0
Chandigarh,2020-05-26,29.31,97.0
Chandigarh,2020-05-27,19.09,107.0
Chandigarh,2020-05-28,19.87,98.0
Chandigarh,2020-05-29,11.88,77.0
Chandigarh,2020-05-30,15.25,48.0
Chandigarh,2020-05-31,16.6,46.0
Chandigarh,2020-06-01,18.59,56.0
Chandigarh,2020-06-02,18.36,57.0
Chandigarh,2020-06-03,16.71,67.0
Chandigarh,2020-06-04,14.48,72.0
Chandigarh,2020-06-05,21.25,54.0
Chandigarh,2020-06-06,22.07,50.0
Chandigarh,2020-06-07,16.35,53.0
Chandigarh,2020-06-08,21.12,61.0
Chandigarh,2020-06-09,29.37,63.0
Chandigarh,2020-06-10,24.53,72.0
Chandigarh,2020-06-11,25.59,78.0
Chandigarh,2020-06-12,33.92,87.0
Chandigarh,2020-06-13,25.68,85.0
Chandigarh,2020-06-14,21.72,71.0
Chandigarh,2020-06-15,21.74,73.0
Chandigarh,2020-06-16,21.2,73.0
Chandigarh,2020-06-17,20.84,72.0
Chandigarh,2020-06-18,28.75,72.0
Chandigarh,2020-06-19,16.34,82.0
Chandigarh,2020-06-20,23.97,58.0
Chandigarh,2020-06-21,26.45,76.0
Chandigarh,2020-06-22,21.69,61.0
Chandigarh,2020-06-23,19.17,53.0
Chandigarh,2020-06-24,16.79,38.0
Chandigarh,2020-06-25,14.15,37.0
Chandigarh,2020-06-26,31.84,68.0
Chandigarh,2020-06-27,35.55,79.0
Chandigarh,2020-06-28,39.42,73.0
Chandigarh,2020-06-29,38.89,83.0
Chandigarh,2020-06-30,20.28,71.0
Chandigarh,2020-07-01,32.9,66.0
Coimbatore,2019-06-13,21.57,65.0
Coimbatore,2019-06-14,25.27,66.0
Coimbatore,2019-06-15,30.04,60.0
Coimbatore,2019-06-16,24.54,62.0
Coimbatore,2019-06-17,33.9,64.0
Coimbatore,2019-06-18,52.45,76.0
Coimbatore,2019-06-19,41.86,82.0
Coimbatore,2019-06-20,31.96,68.0
Coimbatore,2019-06-22,25.27,67.0
Coimbatore,2019-06-23,14.62,58.0
Coimbatore,2019-06-24,31.72,53.0
Coimbatore,2019-06-25,45.61,73.0
Coimbatore,2019-06-26,47.61,75.0
Coimbatore,2019-06-27,40.11,72.0
Coimbatore,2019-06-28,40.07,66.0
Coimbatore,2019-06-29,39.21,68.0
Coimbatore,2019-06-30,24.28,56.0
Coimbatore,2019-07-01,25.21,46.0
Coimbatore,2019-07-02,32.92,61.0
Coimbatore,2019-07-03,32.66,64.0
Coimbatore,2019-07-04,40.89,64.0
Coimbatore,2019-07-05,31.52,70.0
Coimbatore,2019-07-06,34.24,78.0
Coimbatore,2019-07-07,18.28,64.0
Coimbatore,2019-07-08,20.57,57.0
Coimbatore,2019-07-09,22.24,60.0
Coimbatore,2019-07-10,32.66,60.0
Coimbatore,2019-07-11,38.05,62.0
Coimbatore,2019-07-12,43.69,70.0
Coimbatore,2019-07-13,33.18,68.0
Coimbatore,2019-07-14,20.3,58.0
Coimbatore,2019-07-15,25.52,61.0
Coimbatore,2019-07-16,33.77,67.0
Coimbatore,2019-07-17,26.0,59.0
Coimbatore,2019-07-21,23.53,75.0
Coimbatore,2019-07-22,18.46,67.0
Coimbatore,2019-07-23,24.63,71.0
Coimbatore,2019-07-24,28.19,71.0
Coimbatore,2019-07-25,29.67,74.0
Coimbatore,2019-07-26,22.93,73.0
Coimbatore,2019-07-27,42.15,77.0
Coimbatore,2019-07-28,33.16,77.0
Coimbatore,2019-07-29,37.3,76.0
Coimbatore,2019-07-30,36.5,80.0
Coimbatore,2019-07-31,46.54,80.0
Coimbatore,2019-08-01,30.42,78.0
Coimbatore,2019-08-02,32.04,79.0
Coimbatore,2019-08-03,17.83,78.0
Coimbatore,2019-08-04,8.99,66.0
Coimbatore,2019-08-05,16.17,72.0
Coimbatore,2019-08-06,26.24,81.0
Coimbatore,2019-08-08,27.31,85.0
Coimbatore,2019-08-09,13.02,73.0
Coimbatore,2019-08-10,16.04,76.0
Coimbatore,2019-08-11,17.98,78.0
Coimbatore,2019-08-12,23.38,69.0
Coimbatore,2019-08-13,30.14,73.0
Coimbatore,2019-08-14,27.15,79.0
Coimbatore,2019-08-15,18.39,77.0
Coimbatore,2019-08-16,22.4,75.0
Coimbatore,2019-08-17,34.0,78.0
Coimbatore,2019-08-18,20.52,72.0
Coimbatore,2019-08-19,25.72,76.0
Coimbatore,2019-08-20,35.3,80.0
Coimbatore,2019-08-21,26.08,78.0
Coimbatore,2019-08-22,23.94,79.0
Coimbatore,2019-08-23,24.59,75.0
Coimbatore,2019-08-24,26.58,80.0
Coimbatore,2019-08-25,12.12,73.0
Coimbatore,2019-08-26,18.07,78.0
Coimbatore,2019-08-27,18.29,89.0
Coimbatore,2019-09-01,14.18,87.0
Coimbatore,2019-09-02,10.99,90.0
Coimbatore,2019-09-03,19.54,94.0
Coimbatore,2019-09-04,20.2,94.0
Coimbatore,2019-09-05,22.45,98.0
Coimbatore,2019-09-06,16.71,96.0
Coimbatore,2019-09-07,15.74,98.0
Coimbatore,2019-09-08,10.25,85.0
Coimbatore,2019-09-09,15.48,78.0
Coimbatore,2019-09-10,19.25,76.0
Coimbatore,2019-09-12,18.33,83.0
Coimbatore,2019-09-13,24.77,84.0
Coimbatore,2019-09-14,30.56,88.0
Coimbatore,2019-09-15,17.2,82.0
Coimbatore,2019-09-16,23.29,86.0
Coimbatore,2019-09-17,24.66,85.0
Coimbatore,2019-09-18,21.46,88.0
Coimbatore,2019-09-19,15.12,90.0
Coimbatore,2019-09-20,28.17,95.0
Coimbatore,2019-09-21,32.52,98.0
Coimbatore,2019-09-22,23.5,78.0
Coimbatore,2019-09-23,24.67,73.0
Coimbatore,2019-09-24,29.16,78.0
Coimbatore,2019-09-25,32.48,82.0
Coimbatore,2019-09-26,22.37,81.0
Coimbatore,2019-09-27,32.43,93.0
Coimbatore,2019-09-28,28.91,95.0
Coimbatore,2019-09-29,27.22,95.0
Coimbatore,2019-09-30,25.04,94.0
Coimbatore,2019-10-01,33.09,94.0
Coimbatore,2019-10-02,31.11,96.0
Coimbatore,2019-10-03,38.4,94.0
Coimbatore,2019-10-04,39.31,96.0
Coimbatore,2019-10-05,29.37,94.0
Coimbatore,2019-10-06,29.47,88.0
Coimbatore,2019-10-07,20.54,85.0
Coimbatore,2019-10-08,14.83,81.0
Coimbatore,2019-10-09,37.4,91.0
Coimbatore,2019-10-10,33.08,95.0
Coimbatore,2019-10-11,36.99,95.0
Coimbatore,2019-10-12,27.83,93.0
Coimbatore,2019-10-13,11.52,90.0
Coimbatore,2019-10-14,23.68,102.0
Coimbatore,2019-10-15,30.55,108.0
Coimbatore,2019-10-16,28.58,108.0
Coimbatore,2019-10-17,19.33,106.0
Coimbatore,2019-10-18,23.09,101.0
Coimbatore,2019-10-19,24.05,99.0
Coimbatore,2019-10-21,26.5,93.0
Coimbatore,2019-10-22,20.96,90.0
Coimbatore,2019-10-23,13.91,88.0
Coimbatore,2019-10-24,17.97,92.0
Coimbatore,2019-10-25,26.81,91.0
Coimbatore,2019-10-26,9.46,85.0
Coimbatore,2019-10-27,17.27,88.0
Coimbatore,2019-10-29,18.79,100.0
Coimbatore,2019-10-30,7.62,99.0
Coimbatore,2019-10-31,11.63,92.0
Coimbatore,2019-11-01,21.96,48.0
Coimbatore,2019-11-02,41.93,67.0
Coimbatore,2019-11-03,23.94,88.0
Coimbatore,2019-11-04,31.97,102.0
Coimbatore,2019-11-05,48.43,93.0
Coimbatore,2019-11-06,44.09,85.0
Coimbatore,2019-11-07,42.52,72.0
Coimbatore,2019-11-08,29.68,66.0
Coimbatore,2019-11-09,33.6,70.0
Coimbatore,2019-11-10,23.15,69.0
Coimbatore,2019-11-11,37.65,83.0
Coimbatore,2019-11-12,52.48,74.0
Coimbatore,2019-11-13,37.83,84.0
Coimbatore,2019-11-14,43.18,67.0
Coimbatore,2019-11-15,36.48,70.0
Coimbatore,2019-11-16,37.91,67.0
Coimbatore,2019-11-17,30.69,69.0
Coimbatore,2019-11-19,28.62,54.0
Coimbatore,2019-11-20,40.62,68.0
Coimbatore,2019-11-21,27.97,61.0
Coimbatore,2019-11-22,40.82,68.0
Coimbatore,2019-11-23,37.61,68.0
Coimbatore,2019-11-24,40.82,73.0
Coimbatore,2019-11-25,45.61,71.0
Coimbatore,2019-11-26,44.08,78.0
Coimbatore,2019-11-27,35.34,66.0
Coimbatore,2019-11-28,37.45,59.0
Coimbatore,2019-11-29,28.59,67.0
Coimbatore,2019-11-30,24.58,57.0
Coimbatore,2019-12-01,14.62,45.0
Coimbatore,2019-12-02,16.63,37.0
Coimbatore,2019-12-03,21.13,48.0
Coimbatore,2019-12-04,36.7,61.0
Coimbatore,2019-12-05,50.37,70.0
Coimbatore,2019-12-06,63.1,108.0
Coimbatore,2019-12-07,47.21,91.0
Coimbatore,2019-12-08,22.85,65.0
Coimbatore,2019-12-09,30.38,63.0
Coimbatore,2019-12-10,33.68,69.0
Coimbatore,2019-12-11,36.58,73.0
Coimbatore,2019-12-12,36.78,80.0
Coimbatore,2019-12-13,30.23,66.0
Coimbatore,2019-12-14,23.77,60.0
Coimbatore,2019-12-15,20.89,64.0
Coimbatore,2019-12-16,33.1,58.0
Coimbatore,2019-12-17,41.65,68.0
Coimbatore,2019-12-18,54.83,77.0
Coimbatore,2019-12-19,40.64,66.0
Coimbatore,2019-12-20,47.34,78.0
Coimbatore,2019-12-21,61.83,86.0
Coimbatore,2019-12-23,52.93,82.0
Coimbatore,2019-12-24,45.62,84.0
Coimbatore,2019-12-25,25.47,68.0
Coimbatore,2019-12-26,44.69,60.0
Coimbatore,2019-12-27,50.32,88.0
Coimbatore,2019-12-28,29.87,74.0
Coimbatore,2019-12-29,37.97,65.0
Coimbatore,2019-12-30,46.3,87.0
Coimbatore,2019-12-31,45.86,80.0
Coimbatore,2020-01-01,35.43,69.0
Coimbatore,2020-01-02,35.5,59.0
Coimbatore,2020-01-03,30.71,55.0
Coimbatore,2020-01-04,35.75,60.0
Coimbatore,2020-01-05,37.35,67.0
Coimbatore,2020-01-06,33.6,58.0
Coimbatore,2020-01-07,26.73,55.0
Coimbatore,2020-01-08,34.26,60.0
Coimbatore,2020-01-09,45.82,77.0
Coimbatore,2020-01-10,44.68,84.0
Coimbatore,2020-01-11,36.16,72.0
Coimbatore,2020-01-12,46.28,79.0
Coimbatore,2020-01-13,56.33,84.0
Coimbatore,2020-01-14,56.49,100.0
Coimbatore,2020-01-15,45.78,90.0
Coimbatore,2020-01-16,32.48,83.0
Coimbatore,2020-01-17,31.88,83.0
Coimbatore,2020-01-18,30.91,83.0
Coimbatore,2020-01-19,21.93,70.0
Coimbatore,2020-01-20,24.39,78.0
Coimbatore,2020-01-21,31.25,75.0
Coimbatore,2020-01-22,35.25,74.0
Coimbatore,2020-01-23,42.81,61.0
Coimbatore,2020-01-25,26.3,98.0
Coimbatore,2020-01-26,26.64,89.0
Coimbatore,2020-01-27,31.1,83.0
Coimbatore,2020-01-28,58.52,87.0
Coimbatore,2020-01-29,45.36,101.0
Coimbatore,2020-01-30,46.67,81.0
Coimbatore,2020-01-31,43.84,78.0
Coimbatore,2020-02-01,36.23,74.0
Coimbatore,2020-02-02,33.16,70.0
Coimbatore,2020-02-03,37.73,72.0
Coimbatore,2020-02-04,37.27,72.0
Coimbatore,2020-02-05,43.04,97.0
Coimbatore,2020-02-06,42.24,103.0
Coimbatore,2020-02-07,38.17,78.0
Coimbatore,2020-02-08,35.23,82.0
Coimbatore,2020-02-09,27.46,67.0
Coimbatore,2020-02-10,36.0,64.0
Coimbatore,2020-02-11,32.89,69.0
Coimbatore,2020-02-12,35.96,65.0
Coimbatore,2020-02-13,46.63,84.0
Coimbatore,2020-02-14,45.39,94.0
Coimbatore,2020-02-15,55.39,120.0
Coimbatore,2020-02-16,44.6,119.0
Coimbatore,2020-02-17,35.46,101.0
Coimbatore,2020-02-18,40.44,100.0
Coimbatore,2020-02-19,49.23,99.0
Coimbatore,2020-02-20,47.22,85.0
Coimbatore,2020-02-22,33.9,61.0
Coimbatore,2020-02-23,41.89,74.0
Coimbatore,2020-02-24,49.67,81.0
Coimbatore,2020-02-25,43.19,91.0
Coimbatore,2020-02-26,40.65,86.0
Coimbatore,2020-02-27,39.84,83.0
Coimbatore,2020-02-28,35.97,80.0
Coimbatore,2020-02-29,42.85,80.0
Coimbatore,2020-03-01,34.54,79.0
Coimbatore,2020-03-02,37.11,84.0
Coimbatore,2020-03-03,45.57,111.0
Coimbatore,2020-03-04,44.77,90.0
Coimbatore,2020-03-05,45.66,77.0
Coimbatore,2020-03-07,42.56,66.0
Coimbatore,2020-03-08,30.07,75.0
Coimbatore,2020-03-09,31.77,69.0
Coimbatore,2020-03-10,28.76,70.0
Coimbatore,2020-03-11,32.77,77.0
Coimbatore,2020-03-12,36.04,79.0
Coimbatore,2020-03-13,36.07,72.0
Coimbatore,2020-03-14,32.11,74.0
Coimbatore,2020-03-15,37.96,86.0
Coimbatore,2020-03-16,35.78,79.0
Coimbatore,2020-03-17,29.92,68.0
Coimbatore,2020-03-18,29.96,66.0
Coimbatore,2020-03-19,40.64,98.0
Coimbatore,2020-03-20,44.99,81.0
Coimbatore,2020-03-21,36.12,72.0
Coimbatore,2020-03-24,25.82,77.0
Coimbatore,2020-03-25,29.09,72.0
Coimbatore,2020-04-05,22.71,84.0
Coimbatore,2020-04-06,22.36,79.0
Coimbatore,2020-04-07,14.86,73.0
Coimbatore,2020-04-12,30.21,96.0
Coimbatore,2020-04-13,33.51,94.0
Coimbatore,2020-04-16,24.33,97.0
Coimbatore,2020-04-17,28.44,94.0
Coimbatore,2020-04-18,26.69,97.0
Coimbatore,2020-04-19,23.63,93.0
Coimbatore,2020-04-20,18.61,93.0
Coimbatore,2020-04-21,18.04,94.0
Coimbatore,2020-04-22,21.95,95.0
Coimbatore,2020-04-23,18.13,85.0
Coimbatore,2020-04-24,24.89,89.0
Coimbatore,2020-04-25,23.39,76.0
Coimbatore,2020-04-26,24.05,54.0
Coimbatore,2020-04-27,21.5,49.0
Coimbatore,2020-05-01,19.22,79.0
Coimbatore,2020-05-02,25.32,77.0
Coimbatore,2020-05-03,25.28,78.0
Coimbatore,2020-05-04,29.15,80.0
Coimbatore,2020-05-05,30.56,78.0
Coimbatore,2020-05-06,23.97,75.0
Coimbatore,2020-05-07,23.76,74.0
Coimbatore,2020-05-08,26.23,74.0
Coimbatore,2020-05-09,28.38,70.0
Coimbatore,2020-05-10,23.91,47.0
Coimbatore,2020-05-11,32.22,44.0
Coimbatore,2020-05-12,29.44,55.0
Coimbatore,2020-05-14,18.02,49.0
Coimbatore,2020-05-15,27.35,45.0
Coimbatore,2020-05-16,19.54,44.0
Coimbatore,2020-05-17,19.0,47.0
Coimbatore,2020-05-18,16.73,48.0
Coimbatore,2020-05-19,30.42,51.0
Coimbatore,2020-05-20,25.23,48.0
Coimbatore,2020-05-21,13.65,47.0
Coimbatore,2020-05-23,20.53,49.0
Coimbatore,2020-05-24,20.88,47.0
Coimbatore,2020-05-25,24.92,46.0
Coimbatore,2020-05-26,24.78,50.0
Coimbatore,2020-05-27,29.83,50.0
Coimbatore,2020-05-28,26.1,54.0
Coimbatore,2020-05-29,16.62,50.0
Coimbatore,2020-05-30,24.84,61.0
Coimbatore,2020-05-31,11.86,63.0
Coimbatore,2020-06-01,12.58,53.0
Coimbatore,2020-06-02,12.65,51.0
Coimbatore,2020-06-03,13.26,52.0
Coimbatore,2020-06-04,11.31,52.0
Coimbatore,2020-06-05,10.31,52.0
Coimbatore,2020-06-06,12.59,53.0
Coimbatore,2020-06-07,11.43,55.0
Coimbatore,2020-06-08,18.21,54.0
Coimbatore,2020-06-09,18.67,37.0
Coimbatore,2020-06-10,19.26,35.0
Coimbatore,2020-06-11,15.04,30.0
Coimbatore,2020-06-12,13.03,32.0
Coimbatore,2020-06-13,13.7,34.0
Coimbatore,2020-06-14,9.79,27.0
Coimbatore,2020-06-15,16.44,27.0
Coimbatore,2020-06-16,13.99,28.0
Coimbatore,2020-06-17,15.65,32.0
Coimbatore,2020-06-18,17.2,34.0
Coimbatore,2020-06-19,15.8,32.0
Coimbatore,2020-06-20,15.52,29.0
Coimbatore,2020-06-21,8.32,26.0
Coimbatore,2020-06-22,16.23,28.0
Coimbatore,2020-06-23,17.74,31.0
Coimbatore,2020-06-24,19.89,38.0
Coimbatore,2020-06-25,18.81,44.0
Coimbatore,2020-06-26,12.81,45.0
Coimbatore,2020-06-27,11.81,34.0
Coimbatore,2020-06-28,14.04,32.0
Coimbatore,2020-06-29,16.26,41.0
Coimbatore,2020-06-30,14.21,33.0
Jorapokhar,2017-04-21,64.35,148.0
Jorapokhar,2017-04-22,64.35,135.0
Jorapokhar,2017-04-23,64.35,107.0
Jorapokhar,2017-04-24,64.35,124.0
Jorapokhar,2017-04-25,64.35,156.0
Jorapokhar,2017-04-26,64.35,211.0
Jorapokhar,2017-04-27,64.35,247.0
Jorapokhar,2017-04-28,64.35,161.0
Jorapokhar,2017-04-29,64.35,157.0
Jorapokhar,2017-04-30,64.35,120.0
Jorapokhar,2017-05-01,64.35,101.0
Jorapokhar,2017-05-03,64.35,91.0
Jorapokhar,2017-05-04,64.35,96.0
Jorapokhar,2017-05-05,64.35,121.0
Jorapokhar,2017-05-06,64.35,137.0
Jorapokhar,2017-05-07,64.35,120.0
Jorapokhar,2017-05-08,64.35,103.0
Jorapokhar,2017-05-09,64.35,113.0
Jorapokhar,2017-05-10,64.35,130.0
Jorapokhar,2017-05-11,64.35,136.0
Jorapokhar,2017-05-12,64.35,100.0
Jorapokhar,2017-05-13,64.35,139.0
Jorapokhar,2017-05-14,64.35,176.0
Jorapokhar,2017-05-15,64.35,152.0
Jorapokhar,2017-05-16,64.35,114.0
Jorapokhar,2017-05-17,64.35,110.0
Jorapokhar,2017-05-18,64.35,112.0
Jorapokhar,2017-05-19,64.35,106.0
Jorapokhar,2017-05-20,64.35,100.0
Jorapokhar,2017-05-21,64.35,105.0
Jorapokhar,2017-05-22,64.35,130.0
Jorapokhar,2017-05-23,64.35,131.0
Jorapokhar,2017-05-24,64.35,149.0
Jorapokhar,2017-05-25,64.35,146.0
Jorapokhar,2017-05-26,64.35,117.0
Jorapokhar,2017-05-27,64.35,93.0
Jorapokhar,2017-05-28,64.35,94.0
Jorapokhar,2017-05-29,64.35,84.0
Jorapokhar,2017-05-30,64.35,110.0
Jorapokhar,2017-05-31,64.35,116.0
Jorapokhar,2017-06-01,64.35,109.0
Jorapokhar,2017-06-02,64.35,119.0
Jorapokhar,2017-06-03,64.35,155.0
Jorapokhar,2017-06-04,64.35,160.0
Jorapokhar,2017-06-05,64.35,133.0
Jorapokhar,2017-06-06,64.35,126.0
Jorapokhar,2017-06-07,64.35,123.0
Jorapokhar,2017-06-08,64.35,147.0
Jorapokhar,2017-06-09,64.35,125.0
Jorapokhar,2017-06-10,64.35,100.0
Jorapokhar,2017-06-11,64.35,104.0
Jorapokhar,2017-06-12,64.35,98.0
Jorapokhar,2017-06-13,64.35,100.0
Jorapokhar,2017-06-14,64.35,149.0
Jorapokhar,2017-06-15,64.35,124.0
Jorapokhar,2017-06-16,64.35,101.0
Jorapokhar,2017-06-17,64.35,104.0
Jorapokhar,2017-06-18,64.35,153.0
Jorapokhar,2017-06-19,64.35,124.0
Jorapokhar,2017-06-20,64.35,82.0
Jorapokhar,2017-06-21,64.35,53.0
Jorapokhar,2017-06-22,64.35,71.0
Jorapokhar,2017-06-23,64.35,135.0
Jorapokhar,2017-06-24,64.35,119.0
Jorapokhar,2017-07-20,64.35,50.0
Jorapokhar,2017-07-21,64.35,54.0
Jorapokhar,2017-07-24,64.35,31.0
Jorapokhar,2017-07-25,64.35,34.0
Jorapokhar,2017-07-26,64.35,35.0
Jorapokhar,2017-08-02,64.35,71.0
Jorapokhar,2017-08-17,64.35,78.0
Jorapokhar,2017-08-18,64.35,85.0
Jorapokhar,2017-12-21,64.35,158.0
Jorapokhar,2017-12-22,64.35,118.0
Jorapokhar,2017-12-23,64.35,142.0
Jorapokhar,2017-12-24,64.35,165.0
Jorapokhar,2017-12-27,64.35,132.0
Jorapokhar,2017-12-28,64.35,128.0
Jorapokhar,2017-12-29,64.35,194.0
Jorapokhar,2017-12-30,64.35,237.0
Jorapokhar,2017-12-31,64.35,192.0
Jorapokhar,2018-01-03,64.35,102.0
Jorapokhar,2018-01-04,64.35,119.0
Jorapokhar,2018-01-05,64.35,176.0
Jorapokhar,2018-01-11,64.35,128.0
Jorapokhar,2018-01-12,64.35,229.0
Jorapokhar,2018-01-13,64.35,156.0
Jorapokhar,2018-01-14,64.35,163.0
Jorapokhar,2018-01-15,64.35,136.0
Jorapokhar,2018-01-16,64.35,152.0
Jorapokhar,2018-01-17,64.35,184.0
Jorapokhar,2018-01-18,64.35,159.0
Jorapokhar,2018-01-19,64.35,160.0
Jorapokhar,2018-01-20,64.35,153.0
Jorapokhar,2018-01-21,64.35,119.0
Jorapokhar,2018-01-22,64.35,176.0
Jorapokhar,2018-01-23,64.35,146.0
Jorapokhar,2018-01-24,64.35,209.0
Jorapokhar,2018-01-25,64.35,114.0
Jorapokhar,2018-01-26,64.35,113.0
Jorapokhar,2018-01-27,64.35,114.0
Jorapokhar,2018-01-28,64.35,109.0
Jorapokhar,2018-01-29,64.35,154.0
Jorapokhar,2018-01-30,64.35,122.0
Jorapokhar,2018-01-31,64.35,134.0
Jorapokhar,2018-02-01,64.35,125.0
Jorapokhar,2018-02-02,64.35,139.0
Jorapokhar,2018-02-03,64.35,178.0
Jorapokhar,2018-02-04,64.35,205.0
Jorapokhar,2018-02-05,64.35,221.0
Jorapokhar,2018-02-06,64.35,229.0
Jorapokhar,2018-02-07,64.35,161.0
Jorapokhar,2018-02-08,64.35,180.0
Jorapokhar,2018-02-09,64.35,145.0
Jorapokhar,2018-02-10,64.35,294.0
Jorapokhar,2018-02-11,64.35,167.0
Jorapokhar,2018-02-13,64.35,135.0
Jorapokhar,2018-02-14,64.35,90.0
Jorapokhar,2018-02-15,64.35,71.0
Jorapokhar,2018-02-16,64.35,119.0
Jorapokhar,2018-02-17,64.35,225.0
Jorapokhar,2018-02-20,64.35,170.0
Jorapokhar,2018-02-21,64.35,140.0
Jorapokhar,2018-02-22,64.35,129.0
Jorapokhar,2018-02-23,64.35,144.0
Jorapokhar,2018-02-24,64.35,137.0
Jorapokhar,2018-02-25,64.35,184.0
Jorapokhar,2018-02-26,64.35,172.0
Jorapokhar,2018-02-27,64.35,131.0
Jorapokhar,2018-02-28,64.35,110.0
Jorapokhar,2018-03-01,64.35,143.0
Jorapokhar,2018-03-02,64.35,174.0
Jorapokhar,2018-03-03,64.35,106.0
Jorapokhar,2018-03-04,64.35,144.0
Jorapokhar,2018-03-05,64.35,180.0
Jorapokhar,2018-03-06,64.35,142.0
Jorapokhar,2018-03-07,64.35,130.0
Jorapokhar,2018-03-08,64.35,177.0
Jorapokhar,2018-03-09,64.35,167.0
Jorapokhar,2018-03-10,64.35,119.0
Jorapokhar,2018-03-11,64.35,124.0
Jorapokhar,2018-03-12,64.35,151.0
Jorapokhar,2018-03-13,64.35,159.0
Jorapokhar,2018-03-14,64.35,126.0
Jorapokhar,2018-03-15,64.35,134.0
Jorapokhar,2018-03-16,64.35,152.0
Jorapokhar,2018-03-17,64.35,151.0
Jorapokhar,2018-03-18,64.35,114.0
Jorapokhar,2018-03-19,64.35,136.0
Jorapokhar,2018-03-20,64.35,161.0
Jorapokhar,2018-03-21,64.35,214.0
Jorapokhar,2018-03-22,64.35,264.0
Jorapokhar,2018-03-23,64.35,265.0
Jorapokhar,2018-03-24,64.35,197.0
Jorapokhar,2018-03-25,64.35,148.0
Jorapokhar,2018-04-13,64.35,88.0
Jorapokhar,2018-04-20,64.35,124.0
Jorapokhar,2018-04-21,64.35,90.0
Jorapokhar,2018-04-24,64.35,120.0
Jorapokhar,2018-04-25,64.35,128.0
Jorapokhar,2018-06-03,64.35,94.0
Jorapokhar,2018-06-04,64.35,116.0
Jorapokhar,2018-06-05,64.35,143.0
Jorapokhar,2018-06-06,64.35,134.0
Jorapokhar,2018-06-07,64.35,161.0
Jorapokhar,2018-06-08,64.35,134.0
Jorapokhar,2018-06-09,64.35,98.0
Jorapokhar,2018-07-04,64.35,71.0
Jorapokhar,2018-07-05,64.35,53.0
Jorapokhar,2018-07-06,64.35,111.0
Jorapokhar,2018-07-07,64.35,123.0
Jorapokhar,2018-07-08,64.35,104.0
Jorapokhar,2018-07-09,64.35,89.0
Jorapokhar,2018-07-10,64.35,85.0
Jorapokhar,2018-07-11,64.35,92.0
Jorapokhar,2018-07-12,64.35,102.0
Jorapokhar,2018-07-13,64.35,94.0
Jorapokhar,2018-07-14,64.35,77.0
Jorapokhar,2018-07-15,64.35,70.0
Jorapokhar,2018-07-16,64.35,65.0
Jorapokhar,2018-07-17,64.35,66.0
Jorapokhar,2018-07-18,64.35,82.0
Jorapokhar,2018-07-19,64.35,95.0
Jorapokhar,2018-07-20,64.35,117.0
Jorapokhar,2018-07-21,64.35,89.0
Jorapokhar,2018-07-22,64.35,55.0
Jorapokhar,2018-07-23,64.35,65.0
Jorapokhar,2018-07-24,64.35,72.0
Jorapokhar,2018-07-25,64.35,80.0
Jorapokhar,2018-07-26,64.35,106.0
Jorapokhar,2018-07-27,64.35,81.0
Jorapokhar,2018-07-28,64.35,76.0
Jorapokhar,2018-07-29,64.35,100.0
Jorapokhar,2018-07-31,64.35,112.0
Jorapokhar,2018-08-01,64.35,83.0
Jorapokhar,2018-08-02,64.35,86.0
Jorapokhar,2018-08-03,64.35,70.0
Jorapokhar,2018-08-04,64.35,108.0
Jorapokhar,2018-08-05,64.35,132.0
Jorapokhar,2018-08-06,64.35,151.0
Jorapokhar,2018-08-07,64.35,113.0
Jorapokhar,2018-08-08,64.35,118.0
Jorapokhar,2018-08-09,64.35,107.0
Jorapokhar,2018-08-10,64.35,111.0
Jorapokhar,2018-08-11,64.35,110.0
Jorapokhar,2018-08-12,64.35,110.0
Jorapokhar,2018-08-13,64.35,114.0
Jorapokhar,2018-08-14,64.35,126.0
Jorapokhar,2018-08-15,64.35,120.0
Jorapokhar,2018-08-16,64.35,93.0
Jorapokhar,2018-08-17,64.35,102.0
Jorapokhar,2018-08-18,64.35,134.0
Jorapokhar,2018-08-19,64.35,159.0
Jorapokhar,2018-08-20,64.35,140.0
Jorapokhar,2018-08-21,64.35,204.0
Jorapokhar,2018-08-22,64.35,103.0
Jorapokhar,2018-08-23,64.35,112.0
Jorapokhar,2018-08-24,64.35,121.0
Jorapokhar,2018-08-25,64.35,134.0
Jorapokhar,2018-08-26,64.35,146.0
Jorapokhar,2018-08-27,64.35,105.0
Jorapokhar,2018-08-28,64.35,125.0
Jorapokhar,2018-08-29,64.35,106.0
Jorapokhar,2018-08-30,64.35,110.0
Jorapokhar,2018-08-31,64.35,132.0
Jorapokhar,2018-09-01,64.35,148.0
Jorapokhar,2018-09-02,64.35,117.0
Jorapokhar,2018-09-03,64.35,74.0
Jorapokhar,2018-09-04,64.35,82.0
Jorapokhar,2018-09-05,64.35,105.0
Jorapokhar,2018-09-06,64.35,83.0
Jorapokhar,2018-09-07,64.35,69.0
Jorapokhar,2018-09-08,64.35,78.0
Jorapokhar,2018-10-04,64.35,221.0
Jorapokhar,2018-10-05,64.35,277.0
Jorapokhar,2018-10-06,64.35,292.0
Jorapokhar,2018-10-07,64.35,244.0
Jorapokhar,2018-10-09,64.35,307.0
Jorapokhar,2018-10-10,64.35,352.0
Jorapokhar,2018-10-11,64.35,173.0
Jorapokhar,2018-10-12,64.35,107.0
Jorapokhar,2018-10-13,64.35,122.0
Jorapokhar,2018-10-14,64.35,124.0
Jorapokhar,2018-10-15,64.35,117.0
Jorapokhar,2018-10-17,64.35,244.0
Jorapokhar,2018-10-18,64.35,245.0
Jorapokhar,2018-10-19,64.35,225.0
Jorapokhar,2018-10-20,64.35,223.0
Jorapokhar,2018-10-21,64.35,204.0
Jorapokhar,2018-10-22,64.35,321.0
Jorapokhar,2018-10-23,64.35,334.0
Jorapokhar,2018-10-24,64.35,264.0
Jorapokhar,2018-10-25,64.35,219.0
Jorapokhar,2018-10-26,64.35,215.0
Jorapokhar,2018-10-27,64.35,248.0
Jorapokhar,2018-10-28,64.35,208.0
Jorapokhar,2018-10-29,64.35,237.0
Jorapokhar,2018-10-30,64.35,179.0
Jorapokhar,2018-10-31,64.35,179.0
Jorapokhar,2018-11-01,64.35,193.0
Jorapokhar,2018-11-02,64.35,232.0
Jorapokhar,2018-11-03,64.35,252.0
Jorapokhar,2018-11-04,64.35,259.0
Jorapokhar,2018-11-05,64.35,311.0
Jorapokhar,2018-11-06,64.35,229.0
Jorapokhar,2018-11-07,64.35,340.0
Jorapokhar,2018-11-08,64.35,445.0
Jorapokhar,2018-11-09,64.35,370.0
Jorapokhar,2018-11-10,64.35,279.0
Jorapokhar,2018-11-11,64.35,310.0
Jorapokhar,2018-11-12,64.35,308.0
Jorapokhar,2018-11-13,64.35,382.0
Jorapokhar,2018-11-14,64.35,377.0
Jorapokhar,2018-11-15,64.35,501.0
Jorapokhar,2018-11-16,64.35,414.0
Jorapokhar,2018-11-21,64.35,538.0
Jorapokhar,2018-11-22,64.35,351.0
Jorapokhar,2018-11-23,64.35,276.0
Jorapokhar,2018-11-24,64.35,292.0
Jorapokhar,2018-11-25,64.35,285.0
Jorapokhar,2018-11-26,64.35,400.0
Jorapokhar,2018-11-27,64.35,447.0
Jorapokhar,2018-11-28,64.35,379.0
Jorapokhar,2018-11-29,64.35,340.0
Jorapokhar,2018-11-30,64.35,313.0
Jorapokhar,2018-12-01,64.35,300.0
Jorapokhar,2018-12-02,64.35,396.0
Jorapokhar,2018-12-03,64.35,324.0
Jorapokhar,2018-12-04,64.35,292.0
Jorapokhar,2018-12-11,64.35,569.0
Jorapokhar,2018-12-12,64.35,460.0
Jorapokhar,2018-12-13,64.35,470.0
Jorapokhar,2018-12-14,64.35,560.0
Jorapokhar,2018-12-15,64.35,325.0
Jorapokhar,2018-12-16,64.35,250.0
Jorapokhar,2018-12-17,64.35,285.0
Jorapokhar,2018-12-18,64.35,196.0
Jorapokhar,2018-12-19,64.35,118.0
Jorapokhar,2018-12-20,64.35,420.0
Jorapokhar,2018-12-21,64.35,398.0
Jorapokhar,2018-12-22,64.35,345.0
Jorapokhar,2018-12-27,64.35,406.0
Jorapokhar,2018-12-28,64.35,271.0
Jorapokhar,2018-12-29,64.35,239.0
Jorapokhar,2018-12-30,64.35,295.0
Jorapokhar,2018-12-31,64.35,341.0
Jorapokhar,2019-01-01,64.35,440.0
Jorapokhar,2019-01-02,64.35,442.0
Jorapokhar,2019-01-03,64.35,463.0
Jorapokhar,2019-01-04,64.35,483.0
Jorapokhar,2019-01-05,64.35,604.0
Jorapokhar,2019-01-06,64.35,575.0
Jorapokhar,2019-01-07,64.35,569.0
Jorapokhar,2019-01-08,64.35,342.0
Jorapokhar,2019-01-09,217.13,277.0
Jorapokhar,2019-01-10,140.03,280.0
Jorapokhar,2019-01-11,155.38,335.0
Jorapokhar,2019-01-12,166.85,324.0
Jorapokhar,2019-01-13,179.51,345.0
Jorapokhar,2019-01-14,161.22,352.0
Jorapokhar,2019-01-15,97.48,273.0
Jorapokhar,2019-01-16,105.12,220.0
Jorapokhar,2019-01-17,120.37,288.0
Jorapokhar,2019-01-18,116.5,301.0
Jorapokhar,2019-01-19,115.44,272.0
Jorapokhar,2019-01-20,126.81,300.0
Jorapokhar,2019-01-21,113.6,296.0
Jorapokhar,2019-01-22,159.44,317.0
Jorapokhar,2019-01-23,129.29,316.0
Jorapokhar,2019-01-24,121.03,297.0
Jorapokhar,2019-01-25,101.74,277.0
Jorapokhar,2019-01-26,104.28,238.0
Jorapokhar,2019-01-27,74.06,202.0
Jorapokhar,2019-01-28,72.47,135.0
Jorapokhar,2019-01-29,58.89,128.0
Jorapokhar,2019-01-30,73.78,110.0
Jorapokhar,2019-01-31,128.32,262.0
Jorapokhar,2019-02-01,118.18,302.0
Jorapokhar,2019-02-02,91.4,247.0
Jorapokhar,2019-02-03,100.41,219.0
Jorapokhar,2019-02-04,96.46,233.0
Jorapokhar,2019-02-05,99.72,215.0
Jorapokhar,2019-02-06,96.14,215.0
Jorapokhar,2019-02-07,120.88,280.0
Jorapokhar,2019-02-08,120.88,289.0
Jorapokhar,2019-02-09,64.5,203.0
Jorapokhar,2019-02-10,69.83,127.0
Jorapokhar,2019-02-11,86.47,170.0
Jorapokhar,2019-02-12,88.14,178.0
Jorapokhar,2019-02-13,108.85,241.0
Jorapokhar,2019-02-14,101.31,257.0
Jorapokhar,2019-02-15,90.96,238.0
Jorapokhar,2019-02-16,24.75,93.0
Jorapokhar,2019-02-17,41.96,57.0
Jorapokhar,2019-02-18,60.04,93.0
Jorapokhar,2019-02-19,99.32,171.0
Jorapokhar,2019-02-20,91.77,251.0
Jorapokhar,2019-02-21,90.46,184.0
Jorapokhar,2019-02-22,117.15,250.0
Jorapokhar,2019-02-23,74.2,230.0
Jorapokhar,2019-02-24,57.84,111.0
Jorapokhar,2019-02-25,43.2,100.0
Jorapokhar,2019-02-26,58.96,84.0
Jorapokhar,2019-02-27,42.86,89.0
Jorapokhar,2019-02-28,25.2,115.0
Jorapokhar,2019-03-01,48.98,209.0
Jorapokhar,2019-03-02,80.78,135.0
Jorapokhar,2019-03-03,85.67,183.0
Jorapokhar,2019-03-04,72.84,150.0
Jorapokhar,2019-03-05,81.29,167.0
Jorapokhar,2019-03-06,84.66,177.0
Jorapokhar,2019-03-07,46.5,123.0
Jorapokhar,2019-03-08,58.39,96.0
Jorapokhar,2019-03-09,67.94,110.0
Jorapokhar,2019-03-10,106.54,199.0
Jorapokhar,2019-03-11,85.43,226.0
Jorapokhar,2019-03-12,87.37,176.0
Jorapokhar,2019-03-13,113.48,254.0
Jorapokhar,2019-03-14,69.31,272.0
Jorapokhar,2019-03-15,50.04,106.0
Jorapokhar,2019-03-16,40.09,80.0
Jorapokhar,2019-03-17,60.26,129.0
Jorapokhar,2019-03-18,38.16,77.0
Jorapokhar,2019-03-19,59.07,95.0
Jorapokhar,2019-03-20,68.47,128.0
Jorapokhar,2019-03-21,72.12,155.0
Jorapokhar,2019-03-22,38.02,107.0
Jorapokhar,2019-03-23,45.24,97.0
Jorapokhar,2019-03-24,61.9,115.0
Jorapokhar,2019-03-25,69.58,139.0
Jorapokhar,2019-03-26,85.68,170.0
Jorapokhar,2019-03-27,53.93,126.0
Jorapokhar,2019-03-28,69.81,128.0
Jorapokhar,2019-03-29,102.41,175.0
Jorapokhar,2019-04-02,52.97,100.0
Jorapokhar,2019-04-03,79.81,137.0
Jorapokhar,2019-04-04,60.03,126.0
Jorapokhar,2019-04-05,57.54,114.0
Jorapokhar,2019-04-06,57.57,112.0
Jorapokhar,2019-04-07,38.85,78.0
Jorapokhar,2019-04-08,41.67,80.0
Jorapokhar,2019-04-09,54.19,87.0
Jorapokhar,2019-04-10,48.46,92.0
Jorapokhar,2019-04-11,70.14,105.0
Jorapokhar,2019-04-12,61.71,124.0
Jorapokhar,2019-04-13,55.67,113.0
Jorapokhar,2019-04-14,49.75,104.0
Jorapokhar,2019-04-15,60.83,111.0
Jorapokhar,2019-04-16,71.94,139.0
Jorapokhar,2019-04-17,79.9,234.0
Jorapokhar,2019-04-18,43.59,137.0
Jorapokhar,2019-04-19,34.08,86.0
Jorapokhar,2019-04-20,34.25,98.0
Jorapokhar,2019-04-21,48.17,99.0
Jorapokhar,2019-04-22,46.56,87.0
Jorapokhar,2019-04-23,45.01,84.0
Jorapokhar,2019-04-24,64.35,90.0
Jorapokhar,2019-04-25,64.35,101.0
Jorapokhar,2019-04-26,64.35,118.0
Jorapokhar,2019-04-27,64.35,190.0
Jorapokhar,2019-04-28,64.35,148.0
Jorapokhar,2019-04-29,64.35,175.0
Jorapokhar,2019-04-30,64.35,146.0
Jorapokhar,2019-05-01,64.35,101.0
Jorapokhar,2019-05-02,64.35,109.0
Jorapokhar,2019-05-03,64.35,100.0
Jorapokhar,2019-05-04,64.35,88.0
Jorapokhar,2019-05-05,64.35,102.0
Jorapokhar,2019-05-06,64.35,115.0
Jorapokhar,2019-05-07,64.35,184.0
Jorapokhar,2019-05-08,64.35,161.0
Jorapokhar,2019-05-09,64.35,173.0
Jorapokhar,2019-05-10,64.35,166.0
Jorapokhar,2019-05-11,64.35,160.0
Jorapokhar,2019-05-12,64.35,187.0
Jorapokhar,2019-05-13,64.35,134.0
Jorapokhar,2019-05-14,64.35,131.0
Jorapokhar,2019-05-16,64.35,90.0
Jorapokhar,2019-05-18,64.35,102.0
Jorapokhar,2019-05-19,64.35,130.0
Jorapokhar,2019-05-20,64.35,154.0
Jorapokhar,2019-05-21,64.35,235.0
Jorapokhar,2019-05-22,64.35,148.0
Jorapokhar,2019-05-23,64.35,104.0
Jorapokhar,2019-05-24,64.35,112.0
Jorapokhar,2019-05-25,64.35,114.0
Jorapokhar,2019-05-28,64.35,105.0
Jorapokhar,2019-05-29,64.35,106.0
Jorapokhar,2019-05-30,64.35,96.0
Jorapokhar,2019-05-31,64.35,118.0
Jorapokhar,2019-07-13,64.35,82.0
Jorapokhar,2019-07-14,64.35,93.0
Jorapokhar,2019-07-15,64.35,85.0
Jorapokhar,2019-07-16,64.35,101.0
Jorapokhar,2019-07-17,64.35,107.0
Jorapokhar,2019-07-18,64.35,110.0
Jorapokhar,2019-07-19,64.35,87.0
Jorapokhar,2019-07-20,64.35,92.0
Jorapokhar,2019-07-21,64.35,80.0
Jorapokhar,2019-07-22,64.35,89.0
Jorapokhar,2019-07-23,64.35,98.0
Jorapokhar,2019-07-24,64.35,111.0
Jorapokhar,2019-07-25,64.35,134.0
Jorapokhar,2019-07-26,64.35,126.0
Jorapokhar,2019-07-27,64.35,136.0
Jorapokhar,2019-07-28,64.35,81.0
Jorapokhar,2019-07-29,64.35,168.0
Jorapokhar,2019-07-30,64.35,91.0
Jorapokhar,2019-07-31,64.35,82.0
Jorapokhar,2019-08-01,64.35,85.0
Jorapokhar,2019-08-02,64.35,97.0
Jorapokhar,2019-08-03,64.35,103.0
Jorapokhar,2019-08-04,64.35,102.0
Jorapokhar,2019-08-05,64.35,105.0
Jorapokhar,2019-08-06,64.35,123.0
Jorapokhar,2019-08-07,64.35,100.0
Jorapokhar,2019-08-08,64.35,109.0
Jorapokhar,2019-08-09,64.35,112.0
Jorapokhar,2019-08-10,64.35,130.0
Jorapokhar,2019-08-11,64.35,120.0
Jorapokhar,2019-08-12,64.35,88.0
Jorapokhar,2019-08-13,64.35,96.0
Jorapokhar,2019-08-14,64.35,103.0
Jorapokhar,2019-08-15,64.35,94.0
Jorapokhar,2019-08-16,64.35,111.0
Jorapokhar,2019-08-17,64.35,117.0
Jorapokhar,2019-08-18,64.35,119.0
Jorapokhar,2019-08-19,14.18,108.0
Jorapokhar,2019-08-20,14.0,110.0
Jorapokhar,2019-08-21,18.63,116.0
Jorapokhar,2019-08-22,18.0,115.0
Jorapokhar,2019-08-23,11.4,115.0
Jorapokhar,2019-08-24,11.0,112.0
Jorapokhar,2019-08-25,11.0,155.0
Jorapokhar,2019-08-26,11.0,107.0
Jorapokhar,2019-08-27,11.0,112.0
Jorapokhar,2019-08-28,11.0,110.0
Jorapokhar,2019-08-29,11.0,113.0
Jorapokhar,2019-08-30,11.0,100.0
Jorapokhar,2019-08-31,11.0,111.0
Jorapokhar,2019-09-01,11.0,117.0
Jorapokhar,2019-09-02,11.0,122.0
Jorapokhar,2019-09-03,11.0,117.0
Jorapokhar,2019-09-04,11.0,111.0
Jorapokhar,2019-09-05,11.0,106.0
Jorapokhar,2019-09-06,11.0,110.0
Jorapokhar,2019-09-07,11.0,99.0
Jorapokhar,2019-09-08,11.0,103.0
Jorapokhar,2019-09-09,12.17,92.0
Jorapokhar,2019-09-10,15.0,27.0
Jorapokhar,2019-09-11,15.0,110.0
Jorapokhar,2019-09-12,15.0,168.0
Jorapokhar,2019-09-13,15.0,38.0
Jorapokhar,2019-09-14,15.0,30.0
Jorapokhar,2019-09-15,15.0,30.0
Jorapokhar,2019-09-16,15.0,48.0
Jorapokhar,2019-09-17,16.56,110.0
Jorapokhar,2019-09-18,45.2,32.0
Jorapokhar,2019-09-24,45.2,83.0
Jorapokhar,2019-09-25,41.67,74.0
Jorapokhar,2019-09-26,36.02,64.0
Jorapokhar,2019-09-27,34.95,60.0
Jorapokhar,2019-09-28,38.95,62.0
Jorapokhar,2019-09-29,40.68,66.0
Jorapokhar,2019-09-30,27.67,59.0
Jorapokhar,2019-10-01,64.35,55.0
Jorapokhar,2019-10-04,42.99,70.0
Jorapokhar,2019-10-05,57.89,95.0
Jorapokhar,2019-10-06,56.7,102.0
Jorapokhar,2019-10-07,50.2,212.0
Jorapokhar,2019-10-08,41.38,92.0
Jorapokhar,2019-10-09,41.9,67.0
Jorapokhar,2019-10-10,42.01,71.0
Jorapokhar,2019-10-11,52.04,73.0
Jorapokhar,2019-10-12,59.98,93.0
Jorapokhar,2019-10-13,44.37,76.0
Jorapokhar,2019-10-18,50.11,84.0
Jorapokhar,2019-10-19,63.06,191.0
Jorapokhar,2019-10-20,43.39,144.0
Jorapokhar,2019-10-21,38.41,101.0
Jorapokhar,2019-10-22,51.9,92.0
Jorapokhar,2019-10-23,66.99,113.0
Jorapokhar,2019-10-24,33.44,103.0
Jorapokhar,2019-10-25,28.03,97.0
Jorapokhar,2019-10-26,24.21,90.0
Jorapokhar,2019-10-27,48.94,97.0
Jorapokhar,2019-10-28,54.86,98.0
Jorapokhar,2019-10-29,60.84,100.0
Jorapokhar,2019-10-30,54.31,126.0
Jorapokhar,2019-10-31,69.65,129.0
Jorapokhar,2019-11-01,69.63,136.0
Jorapokhar,2019-11-02,64.19,125.0
Jorapokhar,2019-11-03,84.44,140.0
Jorapokhar,2019-11-04,81.96,189.0
Jorapokhar,2019-11-05,78.73,155.0
Jorapokhar,2019-11-06,73.1,159.0
Jorapokhar,2019-11-07,87.87,173.0
Jorapokhar,2019-11-08,82.13,211.0
Jorapokhar,2019-11-09,45.74,117.0
Jorapokhar,2019-11-10,42.71,97.0
Jorapokhar,2019-11-11,55.88,104.0
Jorapokhar,2019-11-12,62.87,118.0
Jorapokhar,2019-11-13,80.47,134.0
Jorapokhar,2019-11-14,90.81,216.0
Jorapokhar,2019-11-15,82.54,170.0
Jorapokhar,2019-11-16,81.0,178.0
Jorapokhar,2019-11-17,74.97,156.0
Jorapokhar,2019-11-18,95.43,210.0
Jorapokhar,2019-11-19,82.1,170.0
Jorapokhar,2019-11-20,100.62,217.0
Jorapokhar,2019-11-21,150.71,251.0
Jorapokhar,2019-11-24,126.72,165.0
Jorapokhar,2019-11-25,141.93,260.0
Jorapokhar,2019-11-26,123.22,311.0
Jorapokhar,2019-11-27,136.04,306.0
Jorapokhar,2019-11-28,110.73,305.0
Jorapokhar,2019-11-29,101.64,238.0
Jorapokhar,2019-11-30,86.49,221.0
Jorapokhar,2019-12-01,75.02,167.0
Jorapokhar,2019-12-02,78.88,153.0
Jorapokhar,2019-12-03,88.18,185.0
Jorapokhar,2019-12-04,91.95,202.0
Jorapokhar,2019-12-05,86.48,187.0
Jorapokhar,2019-12-06,97.29,209.0
Jorapokhar,2019-12-07,97.86,234.0
Jorapokhar,2019-12-08,104.32,235.0
Jorapokhar,2019-12-09,91.18,206.0
Jorapokhar,2019-12-10,96.83,229.0
Jorapokhar,2019-12-11,105.64,230.0
Jorapokhar,2019-12-12,114.61,280.0
Jorapokhar,2019-12-13,140.04,300.0
Jorapokhar,2019-12-14,96.73,274.0
Jorapokhar,2019-12-15,79.29,211.0
Jorapokhar,2019-12-16,56.64,120.0
Jorapokhar,2019-12-17,60.75,106.0
Jorapokhar,2019-12-18,139.78,98.0
Jorapokhar,2019-12-19,63.54,196.0
Jorapokhar,2019-12-20,74.1,136.0
Jorapokhar,2019-12-21,69.56,168.0
Jorapokhar,2019-12-22,79.04,194.0
Jorapokhar,2019-12-23,93.46,235.0
Jorapokhar,2019-12-24,84.61,225.0
Jorapokhar,2019-12-25,74.47,216.0
Jorapokhar,2019-12-26,92.56,191.0
Jorapokhar,2019-12-27,79.43,203.0
Jorapokhar,2019-12-28,74.85,158.0
Jorapokhar,2019-12-29,63.67,151.0
Jorapokhar,2019-12-30,70.97,143.0
Jorapokhar,2019-12-31,79.71,166.0
Jorapokhar,2020-01-01,64.59,178.0
Jorapokhar,2020-01-02,61.48,137.0
Jorapokhar,2020-01-03,43.86,117.0
Jorapokhar,2020-01-04,53.06,109.0
Jorapokhar,2020-01-05,39.78,118.0
Jorapokhar,2020-01-06,53.52,116.0
Jorapokhar,2020-01-07,70.22,162.0
Jorapokhar,2020-01-08,84.12,204.0
Jorapokhar,2020-01-09,66.1,239.0
Jorapokhar,2020-01-10,47.62,210.0
Jorapokhar,2020-01-11,53.03,125.0
Jorapokhar,2020-01-12,50.35,127.0
Jorapokhar,2020-01-13,69.44,130.0
Jorapokhar,2020-01-14,80.32,173.0
Jorapokhar,2020-01-15,72.55,240.0
Jorapokhar,2020-01-16,75.36,242.0
Jorapokhar,2020-01-17,62.11,180.0
Jorapokhar,2020-01-18,59.65,177.0
Jorapokhar,2020-01-19,49.58,161.0
Jorapokhar,2020-01-20,46.85,110.0
Jorapokhar,2020-01-21,63.67,117.0
Jorapokhar,2020-01-22,80.76,192.0
Jorapokhar,2020-01-23,75.46,194.0
Jorapokhar,2020-01-24,49.17,133.0
Jorapokhar,2020-01-25,57.58,132.0
Jorapokhar,2020-01-26,48.99,142.0
Jorapokhar,2020-01-27,53.16,127.0
Jorapokhar,2020-01-28,75.91,189.0
Jorapokhar,2020-01-29,77.89,225.0
Jorapokhar,2020-01-30,73.8,183.0
Jorapokhar,2020-01-31,63.95,162.0
Jorapokhar,2020-02-01,65.93,139.0
Jorapokhar,2020-02-02,49.91,122.0
Jorapokhar,2020-02-03,52.27,117.0
Jorapokhar,2020-02-04,66.67,161.0
Jorapokhar,2020-02-05,62.9,174.0
Jorapokhar,2020-02-06,47.42,148.0
Jorapokhar,2020-02-07,74.59,141.0
Jorapokhar,2020-02-08,83.58,171.0
Jorapokhar,2020-02-11,87.29,188.0
Jorapokhar,2020-02-12,82.96,204.0
Jorapokhar,2020-02-13,94.45,155.0
Jorapokhar,2020-02-14,86.25,235.0
Jorapokhar,2020-02-15,55.96,140.0
Jorapokhar,2020-02-16,56.39,120.0
Jorapokhar,2020-02-17,77.24,139.0
Jorapokhar,2020-02-18,85.23,209.0
Jorapokhar,2020-02-19,99.05,230.0
Jorapokhar,2020-02-20,117.17,256.0
Jorapokhar,2020-02-21,94.88,269.0
Jorapokhar,2020-02-22,101.24,219.0
Jorapokhar,2020-02-23,75.34,184.0
Jorapokhar,2020-02-24,62.61,144.0
Jorapokhar,2020-02-25,58.77,116.0
Jorapokhar,2020-02-26,63.81,103.0
Jorapokhar,2020-02-27,59.71,124.0
Jorapokhar,2020-02-28,73.75,121.0
Jorapokhar,2020-02-29,91.52,180.0
Jorapokhar,2020-03-01,97.24,220.0
Jorapokhar,2020-03-02,96.88,217.0
Jorapokhar,2020-03-03,97.87,243.0
Jorapokhar,2020-03-04,54.15,155.0
Jorapokhar,2020-03-05,38.98,101.0
Jorapokhar,2020-03-06,52.5,84.0
Jorapokhar,2020-03-17,43.53,146.0
Jorapokhar,2020-03-18,29.31,176.0
Jorapokhar,2020-03-19,34.74,164.0
Jorapokhar,2020-03-20,56.29,143.0
Jorapokhar,2020-03-21,95.19,184.0
Jorapokhar,2020-03-31,57.22,125.0
Jorapokhar,2020-04-01,70.65,135.0
Jorapokhar,2020-04-02,81.31,193.0
Jorapokhar,2020-04-03,54.69,123.0
Jorapokhar,2020-04-04,71.96,148.0
Jorapokhar,2020-04-05,55.22,175.0
Jorapokhar,2020-04-06,60.45,115.0
Jorapokhar,2020-04-07,79.89,144.0
Jorapokhar,2020-04-08,57.34,133.0
Jorapokhar,2020-04-09,44.65,105.0
Jorapokhar,2020-04-10,77.66,124.0
Jorapokhar,2020-04-11,71.54,166.0
Jorapokhar,2020-04-12,59.27,124.0
Jorapokhar,2020-04-13,52.56,119.0
Jorapokhar,2020-04-14,50.88,118.0
Jorapokhar,2020-04-15,46.85,113.0
Jorapokhar,2020-04-16,27.64,124.0
Jorapokhar,2020-04-17,40.6,157.0
Jorapokhar,2020-04-18,43.36,117.0
Jorapokhar,2020-04-19,28.27,110.0
Jorapokhar,2020-04-20,24.83,106.0
Jorapokhar,2020-04-21,19.18,103.0
Jorapokhar,2020-04-22,14.36,92.0
Jorapokhar,2020-04-23,28.23,120.0
Jorapokhar,2020-04-24,16.54,101.0
Jorapokhar,2020-04-25,13.14,95.0
Jorapokhar,2020-04-26,20.29,100.0
Jorapokhar,2020-04-27,20.39,94.0
Jorapokhar,2020-04-28,11.75,92.0
Jorapokhar,2020-04-29,18.84,92.0
Jorapokhar,2020-04-30,40.24,104.0
Jorapokhar,2020-05-01,38.03,107.0
Jorapokhar,2020-05-02,27.08,98.0
Jorapokhar,2020-05-03,32.4,102.0
Jorapokhar,2020-05-04,34.5,112.0
Jorapokhar,2020-05-05,27.08,172.0
Jorapokhar,2020-05-06,10.04,121.0
Jorapokhar,2020-05-07,18.7,121.0
Jorapokhar,2020-05-08,31.7,123.0
Jorapokhar,2020-05-09,63.25,116.0
Jorapokhar,2020-05-10,49.33,220.0
Jorapokhar,2020-05-11,37.77,140.0
Jorapokhar,2020-05-12,60.69,127.0
Jorapokhar,2020-05-13,53.4,110.0
Jorapokhar,2020-05-14,58.71,117.0
Jorapokhar,2020-05-15,61.12,98.0
Jorapokhar,2020-05-16,74.26,149.0
Jorapokhar,2020-05-17,76.23,136.0
Jorapokhar,2020-05-18,85.15,187.0
Jorapokhar,2020-05-19,45.71,146.0
Jorapokhar,2020-05-20,45.54,138.0
Jorapokhar,2020-05-21,16.54,128.0
Jorapokhar,2020-05-22,36.21,129.0
Jorapokhar,2020-05-23,70.46,139.0
Jorapokhar,2020-05-24,68.23,142.0
Jorapokhar,2020-05-25,53.62,144.0
Jorapokhar,2020-05-26,55.68,141.0
Jorapokhar,2020-05-27,56.15,144.0
Jorapokhar,2020-05-28,48.21,142.0
Jorapokhar,2020-05-29,43.84,170.0
Jorapokhar,2020-05-30,46.69,145.0
Jorapokhar,2020-05-31,32.79,139.0
Jorapokhar,2020-06-01,30.4,145.0
Jorapokhar,2020-06-02,23.9,236.0
Jorapokhar,2020-06-03,64.35,168.0
Jorapokhar,2020-06-04,64.35,141.0
Jorapokhar,2020-06-05,64.35,138.0
Jorapokhar,2020-06-06,64.35,132.0
Jorapokhar,2020-06-07,64.35,146.0
Jorapokhar,2020-06-08,64.35,142.0
Jorapokhar,2020-06-09,64.35,148.0
Jorapokhar,2020-06-10,64.35,143.0
Jorapokhar,2020-06-11,64.35,140.0
Jorapokhar,2020-06-12,64.35,129.0
Jorapokhar,2020-06-13,64.35,105.0
Jorapokhar,2020-06-14,64.35,106.0
Jorapokhar,2020-06-15,64.35,107.0
Jorapokhar,2020-06-16,64.35,99.0
Jorapokhar,2020-06-17,64.35,99.0
Jorapokhar,2020-06-18,64.35,94.0
Jorapokhar,2020-06-19,64.35,98.0
Jorapokhar,2020-06-20,64.35,110.0
Jorapokhar,2020-06-21,64.35,114.0
Jorapokhar,2020-06-22,64.35,120.0
Jorapokhar,2020-06-23,64.35,180.0
Jorapokhar,2020-06-24,64.35,103.0
Jorapokhar,2020-06-25,64.35,110.0
Jorapokhar,2020-06-26,64.35,242.0
Jorapokhar,2020-06-27,64.35,203.0
Jorapokhar,2020-06-28,64.35,156.0
Jorapokhar,2020-06-29,64.35,135.0
Jorapokhar,2020-06-30,64.35,107.0
Jorapokhar,2020-07-01,64.35,86.0
Brajrajnagar,2017-12-08,126.67,304.0
Brajrajnagar,2017-12-09,105.11,291.0
Brajrajnagar,2017-12-10,65.25,189.0
Brajrajnagar,2017-12-13,153.61,320.0
Brajrajnagar,2017-12-14,129.38,319.0
Brajrajnagar,2017-12-15,115.35,302.0
Brajrajnagar,2017-12-16,102.0,267.0
Brajrajnagar,2017-12-17,76.19,191.0
Brajrajnagar,2017-12-18,72.55,138.0
Brajrajnagar,2017-12-19,70.49,155.0
Brajrajnagar,2018-02-02,131.83,308.0
Brajrajnagar,2018-02-03,106.75,282.0
Brajrajnagar,2018-02-04,114.74,285.0
Brajrajnagar,2018-02-05,129.1,267.0
Brajrajnagar,2018-02-06,138.58,310.0
Brajrajnagar,2018-02-07,122.68,316.0
Brajrajnagar,2018-02-08,141.36,300.0
Brajrajnagar,2018-02-09,107.02,307.0
Brajrajnagar,2018-02-10,76.89,179.0
Brajrajnagar,2018-02-11,75.71,160.0
Brajrajnagar,2018-02-12,64.48,145.0
Brajrajnagar,2018-02-13,38.64,125.0
Brajrajnagar,2018-02-14,32.99,124.0
Brajrajnagar,2018-02-15,74.1,127.0
Brajrajnagar,2018-02-16,76.03,133.0
Brajrajnagar,2018-02-17,84.71,191.0
Brajrajnagar,2018-02-18,109.21,196.0
Brajrajnagar,2018-02-19,133.97,303.0
Brajrajnagar,2018-02-20,109.11,302.0
Brajrajnagar,2018-02-21,82.44,214.0
Brajrajnagar,2018-02-22,88.45,176.0
Brajrajnagar,2018-02-23,132.04,265.0
Brajrajnagar,2018-02-24,111.8,300.0
Brajrajnagar,2018-02-25,113.7,282.0
Brajrajnagar,2018-02-26,74.27,184.0
Brajrajnagar,2018-02-27,66.41,175.0
Brajrajnagar,2018-02-28,79.47,129.0
Brajrajnagar,2018-03-01,97.62,194.0
Brajrajnagar,2018-03-02,107.49,249.0
Brajrajnagar,2018-03-03,138.61,298.0
Brajrajnagar,2018-03-04,138.76,312.0
Brajrajnagar,2018-03-05,105.42,312.0
Brajrajnagar,2018-03-06,107.43,208.0
Brajrajnagar,2018-03-07,101.91,241.0
Brajrajnagar,2018-03-08,74.6,238.0
Brajrajnagar,2018-03-09,101.02,135.0
Brajrajnagar,2018-03-10,111.29,301.0
Brajrajnagar,2018-03-11,191.33,316.0
Brajrajnagar,2018-03-12,175.92,355.0
Brajrajnagar,2018-03-13,142.27,325.0
Brajrajnagar,2018-03-14,165.82,325.0
Brajrajnagar,2018-03-15,165.11,341.0
Brajrajnagar,2018-03-16,70.35,245.0
Brajrajnagar,2018-03-17,84.67,149.0
Brajrajnagar,2018-03-18,98.35,217.0
Brajrajnagar,2018-03-19,84.18,195.0
Brajrajnagar,2018-03-20,123.81,237.0
Brajrajnagar,2018-03-21,142.71,321.0
Brajrajnagar,2018-03-22,81.95,243.0
Brajrajnagar,2018-03-23,109.51,246.0
Brajrajnagar,2018-03-24,104.98,247.0
Brajrajnagar,2018-03-25,112.66,232.0
Brajrajnagar,2018-03-26,102.38,272.0
Brajrajnagar,2018-03-27,138.98,296.0
Brajrajnagar,2018-03-28,190.61,334.0
Brajrajnagar,2018-03-29,170.06,337.0
Brajrajnagar,2018-03-30,152.57,345.0
Brajrajnagar,2018-03-31,110.16,284.0
Brajrajnagar,2018-04-01,59.95,210.0
Brajrajnagar,2018-04-02,60.56,125.0
Brajrajnagar,2018-04-03,82.22,133.0
Brajrajnagar,2018-04-04,60.63,180.0
Brajrajnagar,2018-04-05,62.08,124.0
Brajrajnagar,2018-04-06,53.48,123.0
Brajrajnagar,2018-04-07,47.96,121.0
Brajrajnagar,2018-04-08,65.81,120.0
Brajrajnagar,2018-04-09,48.4,136.0
Brajrajnagar,2018-04-10,51.76,118.0
Brajrajnagar,2018-04-11,62.35,122.0
Brajrajnagar,2018-04-12,53.98,131.0
Brajrajnagar,2018-04-13,66.41,119.0
Brajrajnagar,2018-04-14,72.11,165.0
Brajrajnagar,2018-04-15,59.53,137.0
Brajrajnagar,2018-04-16,66.7,128.0
Brajrajnagar,2018-04-17,71.55,162.0
Brajrajnagar,2018-04-18,63.99,120.0
Brajrajnagar,2018-04-19,90.1,160.0
Brajrajnagar,2018-04-20,80.52,226.0
Brajrajnagar,2018-04-21,59.15,120.0
Brajrajnagar,2018-04-22,84.31,162.0
Brajrajnagar,2018-04-23,63.4,152.0
Brajrajnagar,2018-04-24,66.68,131.0
Brajrajnagar,2018-04-25,84.36,149.0
Brajrajnagar,2018-04-26,84.04,235.0
Brajrajnagar,2018-04-27,70.22,146.0
Brajrajnagar,2018-04-28,43.2,125.0
Brajrajnagar,2018-04-29,27.32,116.0
Brajrajnagar,2018-05-01,49.8,118.0
Brajrajnagar,2018-05-02,30.34,117.0
Brajrajnagar,2018-05-03,40.96,115.0
Brajrajnagar,2018-05-04,56.56,119.0
Brajrajnagar,2018-05-05,64.78,124.0
Brajrajnagar,2018-05-06,67.12,134.0
Brajrajnagar,2018-05-07,66.6,139.0
Brajrajnagar,2018-05-08,80.49,182.0
Brajrajnagar,2018-05-09,92.4,141.0
Brajrajnagar,2018-05-10,65.29,155.0
Brajrajnagar,2018-05-11,61.67,132.0
Brajrajnagar,2018-05-12,49.68,118.0
Brajrajnagar,2018-05-13,52.02,119.0
Brajrajnagar,2018-05-14,35.89,116.0
Brajrajnagar,2018-05-15,45.36,116.0
Brajrajnagar,2018-05-16,53.9,116.0
Brajrajnagar,2018-05-17,56.8,116.0
Brajrajnagar,2018-05-18,52.0,125.0
Brajrajnagar,2018-05-19,53.83,114.0
Brajrajnagar,2018-05-20,61.45,130.0
Brajrajnagar,2018-05-21,50.51,113.0
Brajrajnagar,2018-05-22,72.02,118.0
Brajrajnagar,2018-05-23,56.13,154.0
Brajrajnagar,2018-05-24,46.32,113.0
Brajrajnagar,2018-05-25,51.03,113.0
Brajrajnagar,2018-05-26,50.59,113.0
Brajrajnagar,2018-05-27,41.71,112.0
Brajrajnagar,2018-05-28,53.87,114.0
Brajrajnagar,2018-05-29,41.89,114.0
Brajrajnagar,2018-05-30,45.66,112.0
Brajrajnagar,2018-05-31,38.05,113.0
Brajrajnagar,2018-06-05,50.06,107.0
Brajrajnagar,2018-06-06,55.84,105.0
Brajrajnagar,2018-06-07,42.67,106.0
Brajrajnagar,2018-06-08,49.76,106.0
Brajrajnagar,2018-06-09,55.9,108.0
Brajrajnagar,2018-06-10,47.22,111.0
Brajrajnagar,2018-06-11,41.95,108.0
Brajrajnagar,2018-06-12,32.83,107.0
Brajrajnagar,2018-06-13,39.46,107.0
Brajrajnagar,2018-06-14,66.26,109.0
Brajrajnagar,2018-06-15,88.97,158.0
Brajrajnagar,2018-06-16,87.78,217.0
Brajrajnagar,2018-06-17,74.96,167.0
Brajrajnagar,2018-06-18,62.05,126.0
Brajrajnagar,2018-06-19,38.68,108.0
Brajrajnagar,2018-06-20,46.46,107.0
Brajrajnagar,2018-06-21,47.81,110.0
Brajrajnagar,2018-06-22,35.95,109.0
Brajrajnagar,2018-06-23,44.95,108.0
Brajrajnagar,2018-06-24,43.18,109.0
Brajrajnagar,2018-06-25,30.19,108.0
Brajrajnagar,2018-06-26,30.66,107.0
Brajrajnagar,2018-06-27,22.36,108.0
Brajrajnagar,2018-06-28,18.95,108.0
Brajrajnagar,2018-06-29,32.68,107.0
Brajrajnagar,2018-06-30,46.65,109.0
Brajrajnagar,2018-07-01,45.42,111.0
Brajrajnagar,2018-07-02,30.04,106.0
Brajrajnagar,2018-07-03,38.52,111.0
Brajrajnagar,2018-07-04,36.48,108.0
Brajrajnagar,2018-07-05,31.92,103.0
Brajrajnagar,2018-07-06,37.85,103.0
Brajrajnagar,2018-07-07,49.42,104.0
Brajrajnagar,2018-07-08,31.45,103.0
Brajrajnagar,2018-07-09,29.41,102.0
Brajrajnagar,2018-07-10,27.87,104.0
Brajrajnagar,2018-07-11,29.38,104.0
Brajrajnagar,2018-07-12,30.48,105.0
Brajrajnagar,2018-07-13,29.94,105.0
Brajrajnagar,2018-07-14,25.35,102.0
Brajrajnagar,2018-07-15,13.0,101.0
Brajrajnagar,2018-07-16,17.13,101.0
Brajrajnagar,2018-07-17,21.11,104.0
Brajrajnagar,2018-07-18,28.94,102.0
Brajrajnagar,2018-07-19,30.5,103.0
Brajrajnagar,2018-07-20,35.52,100.0
Brajrajnagar,2018-07-21,19.23,71.0
Brajrajnagar,2018-07-22,18.05,34.0
Brajrajnagar,2018-07-23,19.71,29.0
Brajrajnagar,2018-07-24,28.03,43.0
Brajrajnagar,2018-07-25,33.52,56.0
Brajrajnagar,2018-07-26,24.83,54.0
Brajrajnagar,2018-07-27,42.07,52.0
Brajrajnagar,2018-07-28,42.07,77.0
Brajrajnagar,2018-07-29,42.02,73.0
Brajrajnagar,2018-07-30,52.31,84.0
Brajrajnagar,2018-07-31,45.8,85.0
Brajrajnagar,2018-08-01,37.79,74.0
Brajrajnagar,2018-08-02,52.27,73.0
Brajrajnagar,2018-08-03,70.94,122.0
Brajrajnagar,2018-08-04,87.09,151.0
Brajrajnagar,2018-08-05,52.13,164.0
Brajrajnagar,2018-08-06,51.65,109.0
Brajrajnagar,2018-08-07,28.62,81.0
Brajrajnagar,2018-08-08,17.97,31.0
Brajrajnagar,2018-08-09,33.1,41.0
Brajrajnagar,2018-08-10,49.75,68.0
Brajrajnagar,2018-08-11,58.33,96.0
Brajrajnagar,2018-08-12,50.37,89.0
Brajrajnagar,2018-08-13,29.61,71.0
Brajrajnagar,2018-08-14,29.5,54.0
Brajrajnagar,2018-08-15,12.71,39.0
Brajrajnagar,2018-08-16,13.45,22.0
Brajrajnagar,2018-08-17,25.56,29.0
Brajrajnagar,2018-08-18,29.74,54.0
Brajrajnagar,2018-08-19,28.27,54.0
Brajrajnagar,2018-08-20,18.07,82.0
Brajrajnagar,2018-08-21,18.22,38.0
Brajrajnagar,2018-08-22,18.75,79.0
Brajrajnagar,2018-08-23,36.16,76.0
Brajrajnagar,2018-08-24,32.24,75.0
Brajrajnagar,2018-08-25,36.63,88.0
Brajrajnagar,2018-08-26,27.29,70.0
Brajrajnagar,2018-08-27,32.51,72.0
Brajrajnagar,2018-08-28,32.66,63.0
Brajrajnagar,2018-08-29,38.0,65.0
Brajrajnagar,2018-08-30,40.63,82.0
Brajrajnagar,2018-10-18,63.9,135.0
Brajrajnagar,2018-10-19,63.9,133.0
Brajrajnagar,2018-10-20,63.9,128.0
Brajrajnagar,2018-10-21,63.9,112.0
Brajrajnagar,2018-10-22,63.9,120.0
Brajrajnagar,2018-10-23,63.9,112.0
Brajrajnagar,2018-10-24,6.6,141.0
Brajrajnagar,2018-10-25,9.59,107.0
Brajrajnagar,2018-10-26,63.9,110.0
Brajrajnagar,2018-10-27,63.9,103.0
Brajrajnagar,2018-10-28,63.9,112.0
Brajrajnagar,2018-10-29,63.9,100.0
Brajrajnagar,2018-10-30,73.58,99.0
Brajrajnagar,2018-10-31,28.82,79.0
Brajrajnagar,2018-11-01,50.79,59.0
Brajrajnagar,2018-11-02,70.44,101.0
Brajrajnagar,2018-11-03,69.02,165.0
Brajrajnagar,2018-11-04,73.08,130.0
Brajrajnagar,2018-11-05,70.58,141.0
Brajrajnagar,2018-11-06,81.34,171.0
Brajrajnagar,2018-11-07,122.91,187.0
Brajrajnagar,2018-11-08,114.48,305.0
Brajrajnagar,2018-11-09,92.79,279.0
Brajrajnagar,2018-11-10,102.24,213.0
Brajrajnagar,2018-11-11,101.38,231.0
Brajrajnagar,2018-11-12,93.46,222.0
Brajrajnagar,2018-11-13,92.06,194.0
Brajrajnagar,2018-11-14,99.58,220.0
Brajrajnagar,2018-11-15,86.54,237.0
Brajrajnagar,2018-12-06,128.42,308.0
Brajrajnagar,2018-12-07,106.56,286.0
Brajrajnagar,2018-12-08,92.9,214.0
Brajrajnagar,2018-12-09,107.16,229.0
Brajrajnagar,2018-12-10,101.21,255.0
Brajrajnagar,2018-12-11,95.17,228.0
Brajrajnagar,2018-12-12,110.42,235.0
Brajrajnagar,2018-12-13,119.8,284.0
Brajrajnagar,2018-12-14,119.32,306.0
Brajrajnagar,2018-12-15,88.44,233.0
Brajrajnagar,2018-12-16,63.54,158.0
Brajrajnagar,2018-12-17,37.47,94.0
Brajrajnagar,2018-12-18,36.58,63.0
Brajrajnagar,2018-12-19,87.16,111.0
Brajrajnagar,2018-12-20,86.88,177.0
Brajrajnagar,2018-12-21,102.7,228.0
Brajrajnagar,2018-12-22,91.97,224.0
Brajrajnagar,2018-12-23,62.66,192.0
Brajrajnagar,2018-12-24,79.99,119.0
Brajrajnagar,2018-12-25,104.88,227.0
Brajrajnagar,2018-12-26,105.37,240.0
Brajrajnagar,2018-12-27,92.57,238.0
Brajrajnagar,2018-12-28,65.79,178.0
Brajrajnagar,2018-12-29,87.11,132.0
Brajrajnagar,2018-12-30,91.29,200.0
Brajrajnagar,2018-12-31,113.28,236.0
Brajrajnagar,2019-01-01,122.13,297.0
Brajrajnagar,2019-01-02,134.63,297.0
Brajrajnagar,2019-01-03,144.01,323.0
Brajrajnagar,2019-01-04,114.33,297.0
Brajrajnagar,2019-01-05,111.2,269.0
Brajrajnagar,2019-01-06,111.65,286.0
Brajrajnagar,2019-01-07,115.3,278.0
Brajrajnagar,2019-01-08,120.05,303.0
Brajrajnagar,2019-01-09,115.84,284.0
Brajrajnagar,2019-01-10,107.48,248.0
Brajrajnagar,2019-01-11,129.34,267.0
Brajrajnagar,2019-01-12,144.95,316.0
Brajrajnagar,2019-01-13,157.16,329.0
Brajrajnagar,2019-01-14,158.4,334.0
Brajrajnagar,2019-01-15,101.16,295.0
Brajrajnagar,2019-01-16,97.91,212.0
Brajrajnagar,2019-01-17,130.42,240.0
Brajrajnagar,2019-01-18,131.1,319.0
Brajrajnagar,2019-01-19,100.96,266.0
Brajrajnagar,2019-01-20,103.75,241.0
Brajrajnagar,2019-01-21,111.26,250.0
Brajrajnagar,2019-01-22,118.98,301.0
Brajrajnagar,2019-01-23,111.07,280.0
Brajrajnagar,2019-01-24,131.46,295.0
Brajrajnagar,2019-01-25,78.32,270.0
Brajrajnagar,2019-01-26,53.22,126.0
Brajrajnagar,2019-01-27,68.67,115.0
Brajrajnagar,2019-01-28,93.22,199.0
Brajrajnagar,2019-01-29,63.39,174.0
Brajrajnagar,2019-01-30,95.81,128.0
Brajrajnagar,2019-01-31,75.25,220.0
Brajrajnagar,2019-02-01,109.4,186.0
Brajrajnagar,2019-02-02,112.37,283.0
Brajrajnagar,2019-02-03,108.57,275.0
Brajrajnagar,2019-02-04,103.6,246.0
Brajrajnagar,2019-02-05,112.37,268.0
Brajrajnagar,2019-02-06,128.36,293.0
Brajrajnagar,2019-02-07,114.28,295.0
Brajrajnagar,2019-02-08,84.99,250.0
Brajrajnagar,2019-02-09,56.43,130.0
Brajrajnagar,2019-02-10,66.92,118.0
Brajrajnagar,2019-02-11,84.77,138.0
Brajrajnagar,2019-02-12,99.22,226.0
Brajrajnagar,2019-02-13,137.43,275.0
Brajrajnagar,2019-02-14,158.01,324.0
Brajrajnagar,2019-02-15,90.34,302.0
Brajrajnagar,2019-02-16,45.7,131.0
Brajrajnagar,2019-02-17,64.14,121.0
Brajrajnagar,2019-02-19,99.7,168.0
Brajrajnagar,2019-02-20,91.34,231.0
Brajrajnagar,2019-02-21,89.38,179.0
Brajrajnagar,2019-02-22,122.22,284.0
Brajrajnagar,2019-02-23,82.11,219.0
Brajrajnagar,2019-02-24,89.27,156.0
Brajrajnagar,2019-02-25,63.97,180.0
Brajrajnagar,2019-02-26,66.18,115.0
Brajrajnagar,2019-02-27,55.94,117.0
Brajrajnagar,2019-02-28,52.12,113.0
Brajrajnagar,2019-03-01,62.4,112.0
Brajrajnagar,2019-03-02,94.98,152.0
Brajrajnagar,2019-03-03,97.36,277.0
Brajrajnagar,2019-03-04,96.13,216.0
Brajrajnagar,2019-03-05,79.77,185.0
Brajrajnagar,2019-03-06,64.82,133.0
Brajrajnagar,2019-03-07,68.97,128.0
Brajrajnagar,2019-03-08,76.1,135.0
Brajrajnagar,2019-03-09,90.91,157.0
Brajrajnagar,2019-03-10,104.21,261.0
Brajrajnagar,2019-03-11,92.27,191.0
Brajrajnagar,2019-03-12,90.05,239.0
Brajrajnagar,2019-03-13,94.33,197.0
Brajrajnagar,2019-03-14,64.14,189.0
Brajrajnagar,2019-03-15,48.23,113.0
Brajrajnagar,2019-03-16,82.61,116.0
Brajrajnagar,2019-03-17,78.65,248.0
Brajrajnagar,2019-03-18,46.94,114.0
Brajrajnagar,2019-03-19,74.06,118.0
Brajrajnagar,2019-03-20,83.75,185.0
Brajrajnagar,2019-03-21,53.78,124.0
Brajrajnagar,2019-03-22,62.33,113.0
Brajrajnagar,2019-03-23,71.83,116.0
Brajrajnagar,2019-03-24,106.07,201.0
Brajrajnagar,2019-03-25,122.45,296.0
Brajrajnagar,2019-03-26,102.7,276.0
Brajrajnagar,2019-03-27,83.56,143.0
Brajrajnagar,2019-03-28,83.68,236.0
Brajrajnagar,2019-03-29,116.02,248.0
Brajrajnagar,2019-03-30,119.74,284.0
Brajrajnagar,2019-03-31,112.65,290.0
Brajrajnagar,2019-04-01,78.38,190.0
Brajrajnagar,2019-04-02,89.29,193.0
Brajrajnagar,2019-04-03,123.03,268.0
Brajrajnagar,2019-04-04,130.81,307.0
Brajrajnagar,2019-04-05,63.9,305.0
Brajrajnagar,2019-04-12,76.89,155.0
Brajrajnagar,2019-04-13,72.91,131.0
Brajrajnagar,2019-04-14,87.47,187.0
Brajrajnagar,2019-04-15,131.29,247.0
Brajrajnagar,2019-04-20,33.0,106.0
Brajrajnagar,2019-04-25,57.72,109.0
Brajrajnagar,2019-04-26,63.83,116.0
Brajrajnagar,2019-04-27,90.77,162.0
Brajrajnagar,2019-04-28,95.05,210.0
Brajrajnagar,2019-04-29,123.52,255.0
Brajrajnagar,2019-04-30,25.63,108.0
Brajrajnagar,2019-05-01,23.37,106.0
Brajrajnagar,2019-05-02,10.79,105.0
Brajrajnagar,2019-05-04,63.9,109.0
Brajrajnagar,2019-05-05,13.62,99.0
Brajrajnagar,2019-05-07,76.68,172.0
Brajrajnagar,2019-05-08,83.95,161.0
Brajrajnagar,2019-05-09,77.54,192.0
Brajrajnagar,2019-05-10,117.28,154.0
Brajrajnagar,2019-05-11,67.45,224.0
Brajrajnagar,2019-05-12,59.41,130.0
Brajrajnagar,2019-05-13,61.29,117.0
Brajrajnagar,2019-05-14,47.47,120.0
Brajrajnagar,2019-05-15,68.52,121.0
Brajrajnagar,2019-05-16,45.67,117.0
Brajrajnagar,2019-05-17,56.61,84.0
Brajrajnagar,2019-05-18,75.78,157.0
Brajrajnagar,2019-05-19,78.6,143.0
Brajrajnagar,2019-05-20,66.08,172.0
Brajrajnagar,2019-05-21,70.12,114.0
Brajrajnagar,2019-05-22,44.97,131.0
Brajrajnagar,2019-05-23,45.14,114.0
Brajrajnagar,2019-05-24,39.41,117.0
Brajrajnagar,2019-05-25,44.87,124.0
Brajrajnagar,2019-05-26,46.98,119.0
Brajrajnagar,2019-05-27,58.45,136.0
Brajrajnagar,2019-05-28,47.05,117.0
Brajrajnagar,2019-05-29,36.04,84.0
Brajrajnagar,2019-05-31,40.9,114.0
Brajrajnagar,2019-06-02,33.62,116.0
Brajrajnagar,2019-06-04,32.78,117.0
Brajrajnagar,2019-06-05,51.53,117.0
Brajrajnagar,2019-06-06,36.15,112.0
Brajrajnagar,2019-06-07,26.6,115.0
Brajrajnagar,2019-06-08,8.32,115.0
Brajrajnagar,2019-06-09,48.94,107.0
Brajrajnagar,2019-06-10,58.33,115.0
Brajrajnagar,2019-06-12,26.52,105.0
Brajrajnagar,2019-06-14,18.76,88.0
Brajrajnagar,2019-06-15,20.0,91.0
Brajrajnagar,2019-06-16,18.48,94.0
Brajrajnagar,2019-06-17,26.35,95.0
Brajrajnagar,2019-06-18,29.42,97.0
Brajrajnagar,2019-06-19,39.47,100.0
Brajrajnagar,2019-06-20,28.0,94.0
Brajrajnagar,2019-06-21,26.98,100.0
Brajrajnagar,2019-06-22,43.88,101.0
Brajrajnagar,2019-06-23,42.01,98.0
Brajrajnagar,2019-06-24,41.34,101.0
Brajrajnagar,2019-06-25,32.02,100.0
Brajrajnagar,2019-06-26,24.51,95.0
Brajrajnagar,2019-06-27,38.5,102.0
Brajrajnagar,2019-06-28,29.03,100.0
Brajrajnagar,2019-06-29,21.27,95.0
Brajrajnagar,2019-06-30,18.41,102.0
Brajrajnagar,2019-07-02,15.25,99.0
Brajrajnagar,2019-07-03,15.74,99.0
Brajrajnagar,2019-07-04,24.34,102.0
Brajrajnagar,2019-07-06,12.09,100.0
Brajrajnagar,2019-07-07,8.11,94.0
Brajrajnagar,2019-07-08,18.49,66.0
Brajrajnagar,2019-07-09,15.75,100.0
Brajrajnagar,2019-07-11,23.11,98.0
Brajrajnagar,2019-07-12,24.81,101.0
Brajrajnagar,2019-07-13,33.21,102.0
Brajrajnagar,2019-07-14,22.63,99.0
Brajrajnagar,2019-07-15,18.88,98.0
Brajrajnagar,2019-07-16,38.78,102.0
Brajrajnagar,2019-07-17,31.14,98.0
Brajrajnagar,2019-07-18,32.95,98.0
Brajrajnagar,2019-07-19,25.71,80.0
Brajrajnagar,2019-07-20,27.82,97.0
Brajrajnagar,2019-07-21,24.73,93.0
Brajrajnagar,2019-07-22,20.24,94.0
Brajrajnagar,2019-07-23,20.5,99.0
Brajrajnagar,2019-07-24,16.9,84.0
Brajrajnagar,2019-07-25,21.23,98.0
Brajrajnagar,2019-07-26,16.79,99.0
Brajrajnagar,2019-07-27,18.61,95.0
Brajrajnagar,2019-07-28,28.1,35.0
Brajrajnagar,2019-07-29,11.49,71.0
Brajrajnagar,2019-07-30,11.72,96.0
Brajrajnagar,2019-07-31,11.3,99.0
Brajrajnagar,2019-08-01,15.83,103.0
Brajrajnagar,2019-08-02,17.03,100.0
Brajrajnagar,2019-08-03,11.68,100.0
Brajrajnagar,2019-08-04,9.51,96.0
Brajrajnagar,2019-08-07,9.9,101.0
Brajrajnagar,2019-08-15,26.93,103.0
Brajrajnagar,2019-08-16,28.16,103.0
Brajrajnagar,2019-08-17,43.12,102.0
Brajrajnagar,2019-08-18,23.19,107.0
Brajrajnagar,2019-08-21,32.15,100.0
Brajrajnagar,2019-08-22,39.35,101.0
Brajrajnagar,2019-08-24,32.21,102.0
Brajrajnagar,2019-08-25,37.79,102.0
Brajrajnagar,2019-08-26,21.99,102.0
Brajrajnagar,2019-08-27,34.35,102.0
Brajrajnagar,2019-08-28,30.32,102.0
Brajrajnagar,2019-08-29,35.6,103.0
Brajrajnagar,2019-08-30,29.62,100.0
Brajrajnagar,2019-08-31,45.24,81.0
Brajrajnagar,2019-09-01,33.73,97.0
Brajrajnagar,2019-09-02,17.73,102.0
Brajrajnagar,2019-09-03,25.45,51.0
Brajrajnagar,2019-09-04,31.95,81.0
Brajrajnagar,2019-09-05,17.5,101.0
Brajrajnagar,2019-09-06,20.52,102.0
Brajrajnagar,2019-09-07,15.34,101.0
Brajrajnagar,2019-09-08,18.58,70.0
Brajrajnagar,2019-09-09,21.44,69.0
Brajrajnagar,2019-09-10,16.98,102.0
Brajrajnagar,2019-09-11,25.9,102.0
Brajrajnagar,2019-09-12,33.44,97.0
Brajrajnagar,2019-09-13,19.52,100.0
Brajrajnagar,2019-09-14,27.59,102.0
Brajrajnagar,2019-09-15,33.54,101.0
Brajrajnagar,2019-09-16,33.37,102.0
Brajrajnagar,2019-09-17,37.4,103.0
Brajrajnagar,2019-09-18,32.19,102.0
Brajrajnagar,2019-09-19,15.64,102.0
Brajrajnagar,2019-09-20,22.3,102.0
Brajrajnagar,2019-09-21,34.26,104.0
Brajrajnagar,2019-09-22,35.88,103.0
Brajrajnagar,2019-09-23,23.5,102.0
Brajrajnagar,2019-09-24,13.3,49.0
Brajrajnagar,2019-09-25,19.4,91.0
Brajrajnagar,2019-09-26,16.66,101.0
Brajrajnagar,2019-09-27,15.27,102.0
Brajrajnagar,2019-09-28,14.78,103.0
Brajrajnagar,2019-09-29,16.93,102.0
Brajrajnagar,2019-09-30,26.05,103.0
Brajrajnagar,2019-10-01,32.16,104.0
Brajrajnagar,2019-10-02,28.96,104.0
Brajrajnagar,2019-10-03,27.41,103.0
Brajrajnagar,2019-10-04,51.42,98.0
Brajrajnagar,2019-10-05,34.76,105.0
Brajrajnagar,2019-10-06,30.55,104.0
Brajrajnagar,2019-10-07,25.13,103.0
Brajrajnagar,2019-10-08,25.41,103.0
Brajrajnagar,2019-10-09,55.0,103.0
Brajrajnagar,2019-10-10,26.48,78.0
Brajrajnagar,2019-10-11,32.77,90.0
Brajrajnagar,2019-10-12,28.89,104.0
Brajrajnagar,2019-10-13,30.73,103.0
Brajrajnagar,2019-10-14,39.96,103.0
Brajrajnagar,2019-10-15,61.88,106.0
Brajrajnagar,2019-10-16,53.11,116.0
Brajrajnagar,2019-10-17,54.85,110.0
Brajrajnagar,2019-10-18,32.62,106.0
Brajrajnagar,2019-10-19,35.99,104.0
Brajrajnagar,2019-10-20,41.21,104.0
Brajrajnagar,2019-10-21,20.53,104.0
Brajrajnagar,2019-10-22,31.58,105.0
Brajrajnagar,2019-10-23,32.15,105.0
Brajrajnagar,2019-10-24,24.43,104.0
Brajrajnagar,2019-10-25,23.14,104.0
Brajrajnagar,2019-10-26,34.74,104.0
Brajrajnagar,2019-10-27,29.75,103.0
Brajrajnagar,2019-11-01,84.24,179.0
Brajrajnagar,2019-11-02,77.18,188.0
Brajrajnagar,2019-11-03,83.03,146.0
Brajrajnagar,2019-11-04,107.54,236.0
Brajrajnagar,2019-11-05,89.4,222.0
Brajrajnagar,2019-11-06,83.14,200.0
Brajrajnagar,2019-11-07,81.1,174.0
Brajrajnagar,2019-11-08,62.63,141.0
Brajrajnagar,2019-11-09,38.64,122.0
Brajrajnagar,2019-11-10,43.3,99.0
Brajrajnagar,2019-11-11,42.37,102.0
Brajrajnagar,2019-11-12,60.96,115.0
Brajrajnagar,2019-11-13,57.49,126.0
Brajrajnagar,2019-11-14,57.19,123.0
Brajrajnagar,2019-11-15,58.09,125.0
Brajrajnagar,2019-11-16,51.52,113.0
Brajrajnagar,2019-11-17,79.1,126.0
Brajrajnagar,2019-11-18,76.72,184.0
Brajrajnagar,2019-11-19,50.88,133.0
Brajrajnagar,2019-11-20,57.47,120.0
Brajrajnagar,2019-11-21,69.64,131.0
Brajrajnagar,2019-11-22,88.71,152.0
Brajrajnagar,2019-11-23,86.71,211.0
Brajrajnagar,2019-11-24,66.14,156.0
Brajrajnagar,2019-11-26,88.94,180.0
Brajrajnagar,2019-11-27,47.74,185.0
Brajrajnagar,2019-11-29,102.32,223.0
Brajrajnagar,2019-11-30,78.96,201.0
Brajrajnagar,2019-12-01,70.08,147.0
Brajrajnagar,2019-12-02,63.24,126.0
Brajrajnagar,2019-12-03,75.53,129.0
Brajrajnagar,2019-12-04,64.22,155.0
Brajrajnagar,2019-12-05,54.83,111.0
Brajrajnagar,2019-12-06,62.64,120.0
Brajrajnagar,2019-12-07,64.84,128.0
Brajrajnagar,2019-12-08,68.89,128.0
Brajrajnagar,2019-12-09,75.5,140.0
Brajrajnagar,2019-12-10,82.35,151.0
Brajrajnagar,2019-12-11,118.77,220.0
Brajrajnagar,2019-12-12,91.52,290.0
Brajrajnagar,2019-12-13,65.57,157.0
Brajrajnagar,2019-12-14,61.59,118.0
Brajrajnagar,2019-12-15,50.72,118.0
Brajrajnagar,2019-12-16,37.19,73.0
Brajrajnagar,2019-12-17,66.14,98.0
Brajrajnagar,2019-12-18,43.22,109.0
Brajrajnagar,2019-12-19,38.79,88.0
Brajrajnagar,2019-12-20,62.63,98.0
Brajrajnagar,2019-12-21,64.93,126.0
Brajrajnagar,2019-12-22,55.2,125.0
Brajrajnagar,2019-12-23,48.17,108.0
Brajrajnagar,2019-12-24,90.37,123.0
Brajrajnagar,2019-12-25,109.25,257.0
Brajrajnagar,2019-12-26,99.98,255.0
Brajrajnagar,2019-12-27,64.98,199.0
Brajrajnagar,2019-12-28,39.99,91.0
Brajrajnagar,2019-12-29,82.67,111.0
Brajrajnagar,2019-12-30,66.67,171.0
Brajrajnagar,2019-12-31,63.03,118.0
Brajrajnagar,2020-01-01,42.75,114.0
Brajrajnagar,2020-01-02,28.9,69.0
Brajrajnagar,2020-01-03,34.82,70.0
Brajrajnagar,2020-01-04,58.33,77.0
Brajrajnagar,2020-01-05,67.62,128.0
Brajrajnagar,2020-01-06,49.74,108.0
Brajrajnagar,2020-01-07,68.28,115.0
Brajrajnagar,2020-01-08,69.26,146.0
Brajrajnagar,2020-01-09,76.66,112.0
Brajrajnagar,2020-01-10,56.23,166.0
Brajrajnagar,2020-01-15,115.69,296.0
Brajrajnagar,2020-01-16,108.99,285.0
Brajrajnagar,2020-01-17,101.29,250.0
Brajrajnagar,2020-01-18,83.82,188.0
Brajrajnagar,2020-01-19,89.78,206.0
Brajrajnagar,2020-01-20,69.42,160.0
Brajrajnagar,2020-01-21,83.39,146.0
Brajrajnagar,2020-01-22,104.47,210.0
Brajrajnagar,2020-01-23,91.23,259.0
Brajrajnagar,2020-01-24,68.34,160.0
Brajrajnagar,2020-01-25,61.65,116.0
Brajrajnagar,2020-01-26,60.24,138.0
Brajrajnagar,2020-01-27,70.6,112.0
Brajrajnagar,2020-01-28,74.93,139.0
Brajrajnagar,2020-01-29,78.91,189.0
Brajrajnagar,2020-01-30,59.9,137.0
Brajrajnagar,2020-01-31,55.53,103.0
Brajrajnagar,2020-02-01,54.18,116.0
Brajrajnagar,2020-02-02,52.62,119.0
Brajrajnagar,2020-02-04,69.43,191.0
Brajrajnagar,2020-02-05,65.97,118.0
Brajrajnagar,2020-02-06,71.77,127.0
Brajrajnagar,2020-02-07,52.91,126.0
Brajrajnagar,2020-02-08,44.57,97.0
Brajrajnagar,2020-02-09,57.83,98.0
Brajrajnagar,2020-02-10,64.57,129.0
Brajrajnagar,2020-02-11,84.2,155.0
Brajrajnagar,2020-02-12,79.59,174.0
Brajrajnagar,2020-02-13,78.7,177.0
Brajrajnagar,2020-02-14,81.63,157.0
Brajrajnagar,2020-02-15,69.93,162.0
Brajrajnagar,2020-02-16,53.86,118.0
Brajrajnagar,2020-02-17,62.05,119.0
Brajrajnagar,2020-02-18,66.86,136.0
Brajrajnagar,2020-02-19,79.45,141.0
Brajrajnagar,2020-02-20,82.41,172.0
Brajrajnagar,2020-02-21,70.64,168.0
Brajrajnagar,2020-02-22,91.15,140.0
Brajrajnagar,2020-02-23,76.21,233.0
Brajrajnagar,2020-02-25,33.53,82.0
Brajrajnagar,2020-02-26,50.29,67.0
Brajrajnagar,2020-02-27,55.53,108.0
Brajrajnagar,2020-02-28,67.21,94.0
Brajrajnagar,2020-02-29,84.52,158.0
Brajrajnagar,2020-03-01,94.73,202.0
Brajrajnagar,2020-03-02,101.48,229.0
Brajrajnagar,2020-03-03,74.94,199.0
Brajrajnagar,2020-03-04,63.9,83.0
Brajrajnagar,2020-03-05,63.9,60.0
Brajrajnagar,2020-03-06,63.9,46.0
Brajrajnagar,2020-03-07,63.9,51.0
Brajrajnagar,2020-03-08,63.9,44.0
Brajrajnagar,2020-03-09,66.18,91.0
Brajrajnagar,2020-03-10,25.66,66.0
Brajrajnagar,2020-03-18,64.95,161.0
Brajrajnagar,2020-03-19,57.92,141.0
Brajrajnagar,2020-03-20,63.9,115.0
Brajrajnagar,2020-03-25,72.91,169.0
Brajrajnagar,2020-03-26,66.01,145.0
Brajrajnagar,2020-03-27,83.66,156.0
Brajrajnagar,2020-03-28,52.6,139.0
Brajrajnagar,2020-03-29,52.58,128.0
Brajrajnagar,2020-03-30,49.81,129.0
Brajrajnagar,2020-03-31,65.44,128.0
Brajrajnagar,2020-04-01,59.92,148.0
Brajrajnagar,2020-04-02,74.14,160.0
Brajrajnagar,2020-04-03,71.91,158.0
Brajrajnagar,2020-04-04,64.28,164.0
Brajrajnagar,2020-04-05,56.63,139.0
Brajrajnagar,2020-04-06,92.54,129.0
Brajrajnagar,2020-04-10,90.45,236.0
Brajrajnagar,2020-04-11,93.45,222.0
Brajrajnagar,2020-04-12,86.2,206.0
Brajrajnagar,2020-04-13,76.67,176.0
Brajrajnagar,2020-04-14,89.36,174.0
Brajrajnagar,2020-04-15,76.63,201.0
Brajrajnagar,2020-04-16,61.41,126.0
Brajrajnagar,2020-04-17,98.12,194.0
Brajrajnagar,2020-04-18,77.66,207.0
Brajrajnagar,2020-04-19,55.82,120.0
Brajrajnagar,2020-04-20,84.94,142.0
Brajrajnagar,2020-04-21,33.32,122.0
Brajrajnagar,2020-04-22,27.93,54.0
Brajrajnagar,2020-04-23,38.58,78.0
Brajrajnagar,2020-04-24,32.86,79.0
Brajrajnagar,2020-04-26,18.0,55.0
Brajrajnagar,2020-04-27,28.56,50.0
Brajrajnagar,2020-04-28,36.72,75.0
Brajrajnagar,2020-04-29,35.97,91.0
Brajrajnagar,2020-04-30,53.76,80.0
Brajrajnagar,2020-05-01,59.5,141.0
Brajrajnagar,2020-05-02,63.9,158.0
Brajrajnagar,2020-05-03,75.61,188.0
Brajrajnagar,2020-05-04,31.59,138.0
Brajrajnagar,2020-05-05,46.37,114.0
Brajrajnagar,2020-05-06,42.05,133.0
Brajrajnagar,2020-05-07,25.98,103.0
Brajrajnagar,2020-05-08,32.29,93.0
Brajrajnagar,2020-05-09,39.19,116.0
Brajrajnagar,2020-05-10,44.57,117.0
Brajrajnagar,2020-05-14,70.23,178.0
Brajrajnagar,2020-05-15,50.05,131.0
Brajrajnagar,2020-05-16,48.78,134.0
Brajrajnagar,2020-05-17,46.31,120.0
Brajrajnagar,2020-05-31,30.4,73.0
Brajrajnagar,2020-06-02,57.78,131.0
Brajrajnagar,2020-06-03,63.28,98.0
Brajrajnagar,2020-06-05,22.8,168.0
Brajrajnagar,2020-06-09,65.01,132.0
Brajrajnagar,2020-06-11,45.07,99.0
Brajrajnagar,2020-06-12,34.71,76.0
Visakhapatnam,2016-07-07,35.33,81.0
Visakhapatnam,2016-07-08,40.64,112.0
Visakhapatnam,2016-07-09,33.25,81.0
Visakhapatnam,2016-07-10,26.64,81.0
Visakhapatnam,2016-07-11,23.92,79.0
Visakhapatnam,2016-07-12,28.42,79.0
Visakhapatnam,2016-07-13,35.71,90.0
Visakhapatnam,2016-07-14,37.09,93.0
Visakhapatnam,2016-07-15,43.67,112.0
Visakhapatnam,2016-07-16,44.76,104.0
Visakhapatnam,2016-07-17,41.11,102.0
Visakhapatnam,2016-07-18,46.5,95.0
Visakhapatnam,2016-07-19,33.54,127.0
Visakhapatnam,2016-07-20,11.98,135.0
Visakhapatnam,2016-07-23,27.32,105.0
Visakhapatnam,2016-07-25,22.75,84.0
Visakhapatnam,2016-07-26,23.34,155.0
Visakhapatnam,2016-07-27,24.49,138.0
Visakhapatnam,2016-07-28,21.85,78.0
Visakhapatnam,2016-07-29,23.4,79.0
Visakhapatnam,2016-07-30,29.12,95.0
Visakhapatnam,2016-07-31,22.44,90.0
Visakhapatnam,2016-08-01,23.82,105.0
Visakhapatnam,2016-08-02,16.53,67.0
Visakhapatnam,2016-08-03,18.76,73.0
Visakhapatnam,2016-08-04,23.64,79.0
Visakhapatnam,2016-08-05,27.8,89.0
Visakhapatnam,2016-08-06,24.73,95.0
Visakhapatnam,2016-08-07,25.74,89.0
Visakhapatnam,2016-08-08,30.37,94.0
Visakhapatnam,2016-08-09,36.85,103.0
Visakhapatnam,2016-08-10,23.77,101.0
Visakhapatnam,2016-08-11,23.39,93.0
Visakhapatnam,2016-08-12,39.42,85.0
Visakhapatnam,2016-08-13,34.14,106.0
Visakhapatnam,2016-08-14,28.14,101.0
Visakhapatnam,2016-08-15,27.92,89.0
Visakhapatnam,2016-08-16,25.7,83.0
Visakhapatnam,2016-08-17,28.17,90.0
Visakhapatnam,2016-08-18,26.93,102.0
Visakhapatnam,2016-08-19,33.79,102.0
Visakhapatnam,2016-08-20,33.73,102.0
Visakhapatnam,2016-08-21,38.2,111.0
Visakhapatnam,2016-08-22,47.01,108.0
Visakhapatnam,2016-08-23,31.59,102.0
Visakhapatnam,2016-08-24,30.39,93.0
Visakhapatnam,2016-08-25,30.35,87.0
Visakhapatnam,2016-08-26,32.44,87.0
Visakhapatnam,2016-08-27,17.78,66.0
Visakhapatnam,2016-08-28,9.53,63.0
Visakhapatnam,2016-08-29,8.91,53.0
Visakhapatnam,2016-08-30,10.56,60.0
Visakhapatnam,2016-08-31,26.85,77.0
Visakhapatnam,2016-09-01,29.45,77.0
Visakhapatnam,2016-09-02,26.88,71.0
Visakhapatnam,2016-09-03,26.75,68.0
Visakhapatnam,2016-09-04,37.11,67.0
Visakhapatnam,2016-09-06,42.4,102.0
Visakhapatnam,2016-09-07,42.73,101.0
Visakhapatnam,2016-09-08,42.7,98.0
Visakhapatnam,2016-09-09,46.08,96.0
Visakhapatnam,2016-09-10,63.33,98.0
Visakhapatnam,2016-09-11,52.77,160.0
Visakhapatnam,2016-09-12,41.43,188.0
Visakhapatnam,2016-09-13,22.89,73.0
Visakhapatnam,2016-09-14,28.28,64.0
Visakhapatnam,2016-09-15,13.46,71.0
Visakhapatnam,2016-09-16,24.93,65.0
Visakhapatnam,2016-09-17,33.68,65.0
Visakhapatnam,2016-09-18,39.38,86.0
Visakhapatnam,2016-09-19,36.02,151.0
Visakhapatnam,2016-09-21,13.75,49.0
Visakhapatnam,2016-09-22,12.67,55.0
Visakhapatnam,2016-09-23,19.93,90.0
Visakhapatnam,2016-09-24,27.57,78.0
Visakhapatnam,2016-09-25,23.78,85.0
Visakhapatnam,2016-09-26,36.71,89.0
Visakhapatnam,2016-09-27,62.52,108.0
Visakhapatnam,2016-09-28,72.4,130.0
Visakhapatnam,2016-09-29,60.73,113.0
Visakhapatnam,2016-09-30,54.76,104.0
Visakhapatnam,2016-10-01,40.24,94.0
Visakhapatnam,2016-10-02,71.57,132.0
Visakhapatnam,2016-10-03,42.06,133.0
Visakhapatnam,2016-10-04,44.1,104.0
Visakhapatnam,2016-10-05,53.43,100.0
Visakhapatnam,2016-10-06,51.42,105.0
Visakhapatnam,2016-10-07,37.61,85.0
Visakhapatnam,2016-10-08,50.36,95.0
Visakhapatnam,2016-10-09,43.12,97.0
Visakhapatnam,2016-10-10,45.73,90.0
Visakhapatnam,2016-10-11,43.88,108.0
Visakhapatnam,2016-10-14,89.96,110.0
Visakhapatnam,2016-10-18,65.83,123.0
Visakhapatnam,2016-10-19,66.14,121.0
Visakhapatnam,2016-10-20,64.67,116.0
Visakhapatnam,2016-10-21,64.92,118.0
Visakhapatnam,2016-10-22,66.93,122.0
Visakhapatnam,2016-10-23,62.97,109.0
Visakhapatnam,2016-10-24,63.12,126.0
Visakhapatnam,2016-10-25,60.85,142.0
Visakhapatnam,2016-10-26,63.31,110.0
Visakhapatnam,2016-10-27,47.62,104.0
Visakhapatnam,2016-10-28,44.65,147.0
Visakhapatnam,2016-10-29,44.44,91.0
Visakhapatnam,2016-10-30,44.81,76.0
Visakhapatnam,2016-10-31,58.43,89.0
Visakhapatnam,2016-11-01,64.91,117.0
Visakhapatnam,2016-11-02,37.5,82.0
Visakhapatnam,2016-11-03,29.34,67.0
Visakhapatnam,2016-11-04,12.94,55.0
Visakhapatnam,2016-11-05,18.14,56.0
Visakhapatnam,2016-11-06,48.11,83.0
Visakhapatnam,2016-11-07,71.88,113.0
Visakhapatnam,2016-11-08,67.16,133.0
Visakhapatnam,2016-11-09,63.98,114.0
Visakhapatnam,2016-11-10,60.85,112.0
Visakhapatnam,2016-11-11,68.5,114.0
Visakhapatnam,2016-11-12,56.0,132.0
Visakhapatnam,2016-11-13,78.65,129.0
Visakhapatnam,2016-11-14,77.51,163.0
Visakhapatnam,2016-11-15,68.7,150.0
Visakhapatnam,2016-11-16,72.89,127.0
Visakhapatnam,2016-11-17,76.4,151.0
Visakhapatnam,2016-11-18,71.11,148.0
Visakhapatnam,2016-11-19,64.44,120.0
Visakhapatnam,2016-11-20,66.78,119.0
Visakhapatnam,2016-11-21,66.07,125.0
Visakhapatnam,2016-11-22,63.54,116.0
Visakhapatnam,2016-11-23,60.96,112.0
Visakhapatnam,2016-11-24,61.68,108.0
Visakhapatnam,2016-11-25,61.23,109.0
Visakhapatnam,2016-11-26,63.17,110.0
Visakhapatnam,2016-11-27,61.53,116.0
Visakhapatnam,2016-11-28,68.77,125.0
Visakhapatnam,2016-11-29,63.62,121.0
Visakhapatnam,2016-11-30,66.66,126.0
Visakhapatnam,2016-12-01,66.92,144.0
Visakhapatnam,2016-12-02,41.55,93.0
Visakhapatnam,2016-12-03,32.6,82.0
Visakhapatnam,2016-12-04,52.58,106.0
Visakhapatnam,2016-12-05,74.8,131.0
Visakhapatnam,2016-12-06,43.18,113.0
Visakhapatnam,2016-12-07,50.53,91.0
Visakhapatnam,2016-12-08,64.4,105.0
Visakhapatnam,2016-12-09,65.44,123.0
Visakhapatnam,2016-12-10,57.84,120.0
Visakhapatnam,2016-12-11,46.03,113.0
Visakhapatnam,2016-12-12,40.99,105.0
Visakhapatnam,2016-12-13,48.07,117.0
Visakhapatnam,2016-12-14,62.66,107.0
Visakhapatnam,2016-12-15,71.8,139.0
Visakhapatnam,2016-12-16,52.28,119.0
Visakhapatnam,2016-12-17,69.5,119.0
Visakhapatnam,2016-12-18,59.38,120.0
Visakhapatnam,2016-12-19,64.2,119.0
Visakhapatnam,2016-12-20,61.85,122.0
Visakhapatnam,2016-12-21,63.14,133.0
Visakhapatnam,2016-12-22,67.26,120.0
Visakhapatnam,2016-12-23,65.86,124.0
Visakhapatnam,2016-12-24,79.29,122.0
Visakhapatnam,2016-12-25,63.52,126.0
Visakhapatnam,2016-12-27,66.59,133.0
Visakhapatnam,2016-12-28,56.0,127.0
Visakhapatnam,2016-12-29,56.0,116.0
Visakhapatnam,2016-12-30,56.0,116.0
Visakhapatnam,2016-12-31,71.19,107.0
Visakhapatnam,2017-01-01,63.51,147.0
Visakhapatnam,2017-01-02,38.25,102.0
Visakhapatnam,2017-01-03,62.3,98.0
Visakhapatnam,2017-01-04,66.77,117.0
Visakhapatnam,2017-01-05,68.9,121.0
Visakhapatnam,2017-01-06,69.58,146.0
Visakhapatnam,2017-01-07,47.15,110.0
Visakhapatnam,2017-01-08,57.31,108.0
Visakhapatnam,2017-01-09,56.08,103.0
Visakhapatnam,2017-01-10,61.58,108.0
Visakhapatnam,2017-01-11,55.21,102.0
Visakhapatnam,2017-01-12,66.21,107.0
Visakhapatnam,2017-01-13,71.24,121.0
Visakhapatnam,2017-01-14,73.17,144.0
Visakhapatnam,2017-01-15,76.86,148.0
Visakhapatnam,2017-01-16,67.81,136.0
Visakhapatnam,2017-01-17,68.03,137.0
Visakhapatnam,2017-01-18,62.88,124.0
Visakhapatnam,2017-01-19,77.1,139.0
Visakhapatnam,2017-01-20,80.78,166.0
Visakhapatnam,2017-01-21,80.65,236.0
Visakhapatnam,2017-01-22,74.57,156.0
Visakhapatnam,2017-01-23,63.88,126.0
Visakhapatnam,2017-01-24,55.47,108.0
Visakhapatnam,2017-01-25,68.84,101.0
Visakhapatnam,2017-01-26,82.19,173.0
Visakhapatnam,2017-01-27,68.09,190.0
Visakhapatnam,2017-01-28,90.15,178.0
Visakhapatnam,2017-01-29,68.13,183.0
Visakhapatnam,2017-01-30,84.78,177.0
Visakhapatnam,2017-01-31,95.17,214.0
Visakhapatnam,2017-02-01,93.11,221.0
Visakhapatnam,2017-02-02,64.85,158.0
Visakhapatnam,2017-02-03,95.92,177.0
Visakhapatnam,2017-02-04,96.96,255.0
Visakhapatnam,2017-02-05,98.42,227.0
Visakhapatnam,2017-02-06,90.31,214.0
Visakhapatnam,2017-02-07,86.33,137.0
Visakhapatnam,2017-02-08,97.24,198.0
Visakhapatnam,2017-02-09,108.49,265.0
Visakhapatnam,2017-02-10,90.15,228.0
Visakhapatnam,2017-02-11,72.66,168.0
Visakhapatnam,2017-02-12,50.1,107.0
Visakhapatnam,2017-02-13,47.32,118.0
Visakhapatnam,2017-02-14,54.3,146.0
Visakhapatnam,2017-02-15,74.8,158.0
Visakhapatnam,2017-02-16,103.57,219.0
Visakhapatnam,2017-02-17,69.93,196.0
Visakhapatnam,2017-02-18,90.56,191.0
Visakhapatnam,2017-02-19,78.47,166.0
Visakhapatnam,2017-02-20,78.02,184.0
Visakhapatnam,2017-02-21,61.52,158.0
Visakhapatnam,2017-02-22,48.68,144.0
Visakhapatnam,2017-02-23,50.3,141.0
Visakhapatnam,2017-02-24,51.17,138.0
Visakhapatnam,2017-02-25,54.92,129.0
Visakhapatnam,2017-02-26,72.35,122.0
Visakhapatnam,2017-02-27,68.0,160.0
Visakhapatnam,2017-02-28,67.1,151.0
Visakhapatnam,2017-03-01,84.69,175.0
Visakhapatnam,2017-03-02,72.19,151.0
Visakhapatnam,2017-03-03,76.47,172.0
Visakhapatnam,2017-03-04,52.09,159.0
Visakhapatnam,2017-03-05,29.71,86.0
Visakhapatnam,2017-03-06,22.3,117.0
Visakhapatnam,2017-03-07,24.57,118.0
Visakhapatnam,2017-03-08,19.72,108.0
Visakhapatnam,2017-03-09,22.26,106.0
Visakhapatnam,2017-03-10,26.23,62.0
Visakhapatnam,2017-03-11,28.4,122.0
Visakhapatnam,2017-03-12,45.77,67.0
Visakhapatnam,2017-03-13,50.47,90.0
Visakhapatnam,2017-03-14,42.41,169.0
Visakhapatnam,2017-03-15,36.17,112.0
Visakhapatnam,2017-03-16,36.92,114.0
Visakhapatnam,2017-03-17,40.35,126.0
Visakhapatnam,2017-03-18,47.45,129.0
Visakhapatnam,2017-03-19,51.6,106.0
Visakhapatnam,2017-03-20,56.22,147.0
Visakhapatnam,2017-03-21,48.4,136.0
Visakhapatnam,2017-03-22,47.43,127.0
Visakhapatnam,2017-03-23,48.72,97.0
Visakhapatnam,2017-03-24,52.68,144.0
Visakhapatnam,2017-03-25,33.5,115.0
Visakhapatnam,2017-03-29,30.71,94.0
Visakhapatnam,2017-03-30,30.48,134.0
Visakhapatnam,2017-03-31,30.66,140.0
Visakhapatnam,2017-04-01,33.98,140.0
Visakhapatnam,2017-04-02,32.45,106.0
Visakhapatnam,2017-04-03,28.03,98.0
Visakhapatnam,2017-04-04,30.18,128.0
Visakhapatnam,2017-04-05,39.15,136.0
Visakhapatnam,2017-04-06,46.38,142.0
Visakhapatnam,2017-04-07,45.34,152.0
Visakhapatnam,2017-04-08,45.08,149.0
Visakhapatnam,2017-04-09,30.88,94.0
Visakhapatnam,2017-04-11,28.6,131.0
Visakhapatnam,2017-10-31,55.84,116.0
Visakhapatnam,2017-11-01,47.12,149.0
Visakhapatnam,2017-11-02,54.15,144.0
Visakhapatnam,2017-11-03,39.54,141.0
Visakhapatnam,2017-11-04,27.6,86.0
Visakhapatnam,2017-11-05,23.59,82.0
Visakhapatnam,2017-11-06,22.41,70.0
Visakhapatnam,2017-11-07,28.03,94.0
Visakhapatnam,2017-11-08,29.4,85.0
Visakhapatnam,2017-11-09,42.25,90.0
Visakhapatnam,2017-11-10,54.75,99.0
Visakhapatnam,2017-11-11,60.62,148.0
Visakhapatnam,2017-11-12,56.4,150.0
Visakhapatnam,2017-11-13,33.02,130.0
Visakhapatnam,2017-11-14,30.55,93.0
Visakhapatnam,2017-11-15,13.1,85.0
Visakhapatnam,2017-11-16,6.48,64.0
Visakhapatnam,2017-11-17,7.8,63.0
Visakhapatnam,2017-11-18,10.89,58.0
Visakhapatnam,2017-11-19,15.12,52.0
Visakhapatnam,2017-11-20,13.71,74.0
Visakhapatnam,2017-11-21,38.17,62.0
Visakhapatnam,2017-11-22,61.5,95.0
Visakhapatnam,2017-11-23,67.51,120.0
Visakhapatnam,2017-11-24,72.41,161.0
Visakhapatnam,2017-11-25,69.52,174.0
Visakhapatnam,2017-11-26,70.0,175.0
Visakhapatnam,2017-11-27,62.29,153.0
Visakhapatnam,2017-11-28,82.35,158.0
Visakhapatnam,2017-11-29,51.25,138.0
Visakhapatnam,2017-11-30,56.05,116.0
Visakhapatnam,2017-12-01,61.99,122.0
Visakhapatnam,2017-12-02,71.27,165.0
Visakhapatnam,2017-12-03,69.02,157.0
Visakhapatnam,2017-12-04,75.65,162.0
Visakhapatnam,2017-12-05,98.32,207.0
Visakhapatnam,2017-12-06,101.28,230.0
Visakhapatnam,2017-12-07,83.65,195.0
Visakhapatnam,2017-12-08,60.98,155.0
Visakhapatnam,2017-12-09,55.61,104.0
Visakhapatnam,2017-12-10,77.81,148.0
Visakhapatnam,2017-12-11,72.49,132.0
Visakhapatnam,2017-12-12,76.95,159.0
Visakhapatnam,2017-12-13,80.72,169.0
Visakhapatnam,2017-12-14,66.31,128.0
Visakhapatnam,2017-12-15,66.12,125.0
Visakhapatnam,2017-12-16,83.31,155.0
Visakhapatnam,2017-12-17,92.11,206.0
Visakhapatnam,2017-12-18,72.64,158.0
Visakhapatnam,2017-12-19,55.81,131.0
Visakhapatnam,2017-12-20,72.83,124.0
Visakhapatnam,2017-12-21,67.7,142.0
Visakhapatnam,2017-12-22,89.92,164.0
Visakhapatnam,2017-12-23,113.04,251.0
Visakhapatnam,2017-12-24,117.2,268.0
Visakhapatnam,2017-12-25,115.56,292.0
Visakhapatnam,2017-12-26,123.9,296.0
Visakhapatnam,2017-12-27,101.93,290.0
Visakhapatnam,2017-12-28,88.29,203.0
Visakhapatnam,2017-12-29,52.25,160.0
Visakhapatnam,2017-12-30,58.56,99.0
Visakhapatnam,2017-12-31,67.75,129.0
Visakhapatnam,2018-01-01,59.73,131.0
Visakhapatnam,2018-01-02,64.22,125.0
Visakhapatnam,2018-01-03,72.28,132.0
Visakhapatnam,2018-01-04,112.67,231.0
Visakhapatnam,2018-01-05,89.89,233.0
Visakhapatnam,2018-01-06,106.06,231.0
Visakhapatnam,2018-01-07,92.74,230.0
Visakhapatnam,2018-01-08,100.71,229.0
Visakhapatnam,2018-01-09,63.83,150.0
Visakhapatnam,2018-01-10,98.05,192.0
Visakhapatnam,2018-01-11,123.81,279.0
Visakhapatnam,2018-01-12,128.34,305.0
Visakhapatnam,2018-01-13,117.2,293.0
Visakhapatnam,2018-01-14,199.94,334.0
Visakhapatnam,2018-01-15,113.89,320.0
Visakhapatnam,2018-01-16,123.38,284.0
Visakhapatnam,2018-01-17,104.12,297.0
Visakhapatnam,2018-01-18,83.42,189.0
Visakhapatnam,2018-01-19,85.14,180.0
Visakhapatnam,2018-01-20,103.95,229.0
Visakhapatnam,2018-01-21,90.25,224.0
Visakhapatnam,2018-01-22,93.18,200.0
Visakhapatnam,2018-01-23,108.47,226.0
Visakhapatnam,2018-01-28,83.94,182.0
Visakhapatnam,2018-01-29,87.12,176.0
Visakhapatnam,2018-01-30,95.29,219.0
Visakhapatnam,2018-01-31,92.94,215.0
Visakhapatnam,2018-02-01,73.77,179.0
Visakhapatnam,2018-02-02,81.05,172.0
Visakhapatnam,2018-02-03,78.53,164.0
Visakhapatnam,2018-02-04,63.4,169.0
Visakhapatnam,2018-02-05,65.06,162.0
Visakhapatnam,2018-02-06,69.68,150.0
Visakhapatnam,2018-02-07,62.76,136.0
Visakhapatnam,2018-02-08,51.09,116.0
Visakhapatnam,2018-02-09,49.31,112.0
Visakhapatnam,2018-02-10,52.48,99.0
Visakhapatnam,2018-02-11,72.97,140.0
Visakhapatnam,2018-02-12,72.05,136.0
Visakhapatnam,2018-02-13,65.12,144.0
Visakhapatnam,2018-02-14,52.38,121.0
Visakhapatnam,2018-02-15,67.26,134.0
Visakhapatnam,2018-02-16,72.41,137.0
Visakhapatnam,2018-02-17,82.74,169.0
Visakhapatnam,2018-02-18,66.72,136.0
Visakhapatnam,2018-02-19,78.83,148.0
Visakhapatnam,2018-02-20,81.56,174.0
Visakhapatnam,2018-02-21,72.27,156.0
Visakhapatnam,2018-02-22,71.19,160.0
Visakhapatnam,2018-02-23,76.45,157.0
Visakhapatnam,2018-02-24,86.82,195.0
Visakhapatnam,2018-02-25,61.99,232.0
Visakhapatnam,2018-02-26,58.94,182.0
Visakhapatnam,2018-02-27,48.33,131.0
Visakhapatnam,2018-02-28,50.69,128.0
Visakhapatnam,2018-03-01,56.85,142.0
Visakhapatnam,2018-03-02,54.86,124.0
Visakhapatnam,2018-03-03,37.05,118.0
Visakhapatnam,2018-03-04,31.85,115.0
Visakhapatnam,2018-03-05,47.48,121.0
Visakhapatnam,2018-03-06,48.65,124.0
Visakhapatnam,2018-03-07,64.04,115.0
Visakhapatnam,2018-03-08,50.73,124.0
Visakhapatnam,2018-03-09,45.48,85.0
Visakhapatnam,2018-03-10,60.64,114.0
Visakhapatnam,2018-03-11,63.92,126.0
Visakhapatnam,2018-03-12,57.28,120.0
Visakhapatnam,2018-03-13,48.89,112.0
Visakhapatnam,2018-03-14,39.85,117.0
Visakhapatnam,2018-03-15,42.34,109.0
Visakhapatnam,2018-03-16,42.47,99.0
Visakhapatnam,2018-03-17,96.1,148.0
Visakhapatnam,2018-03-18,93.98,224.0
Visakhapatnam,2018-03-19,67.56,168.0
Visakhapatnam,2018-03-20,55.97,105.0
Visakhapatnam,2018-03-21,60.63,107.0
Visakhapatnam,2018-03-22,51.64,110.0
Visakhapatnam,2018-03-23,55.66,121.0
Visakhapatnam,2018-03-24,54.05,116.0
Visakhapatnam,2018-03-25,45.64,106.0
Visakhapatnam,2018-03-26,51.89,99.0
Visakhapatnam,2018-03-27,48.2,110.0
Visakhapatnam,2018-03-28,30.53,88.0
Visakhapatnam,2018-03-29,27.49,71.0
Visakhapatnam,2018-03-30,29.82,73.0
Visakhapatnam,2018-03-31,38.7,82.0
Visakhapatnam,2018-04-01,36.96,101.0
Visakhapatnam,2018-04-02,29.16,95.0
Visakhapatnam,2018-04-03,22.21,62.0
Visakhapatnam,2018-04-04,23.84,70.0
Visakhapatnam,2018-04-05,27.42,72.0
Visakhapatnam,2018-04-06,38.43,89.0
Visakhapatnam,2018-04-07,36.88,95.0
Visakhapatnam,2018-04-08,23.42,84.0
Visakhapatnam,2018-04-09,39.79,75.0
Visakhapatnam,2018-04-10,47.17,90.0
Visakhapatnam,2018-04-11,29.43,85.0
Visakhapatnam,2018-04-12,22.09,59.0
Visakhapatnam,2018-04-13,28.25,81.0
Visakhapatnam,2018-04-14,18.89,54.0
Visakhapatnam,2018-04-15,15.53,66.0
Visakhapatnam,2018-04-16,17.15,55.0
Visakhapatnam,2018-04-17,27.23,78.0
Visakhapatnam,2018-04-18,19.46,71.0
Visakhapatnam,2018-04-19,17.86,66.0
Visakhapatnam,2018-04-20,16.36,65.0
Visakhapatnam,2018-04-21,21.74,80.0
Visakhapatnam,2018-04-22,15.93,76.0
Visakhapatnam,2018-04-24,29.64,98.0
Visakhapatnam,2018-04-25,25.81,86.0
Visakhapatnam,2018-04-26,21.97,76.0
Visakhapatnam,2018-04-27,16.34,77.0
Visakhapatnam,2018-04-28,13.9,49.0
Visakhapatnam,2018-04-29,17.59,60.0
Visakhapatnam,2018-04-30,14.44,67.0
Visakhapatnam,2018-05-01,14.65,65.0
Visakhapatnam,2018-05-02,31.6,91.0
Visakhapatnam,2018-05-04,22.42,84.0
Visakhapatnam,2018-05-05,18.79,77.0
Visakhapatnam,2018-05-06,14.83,70.0
Visakhapatnam,2018-05-07,16.6,81.0
Visakhapatnam,2018-05-08,19.95,84.0
Visakhapatnam,2018-05-09,19.27,102.0
Visakhapatnam,2018-05-10,20.57,90.0
Visakhapatnam,2018-05-11,9.35,77.0
Visakhapatnam,2018-05-12,81.14,119.0
Visakhapatnam,2018-05-13,16.11,130.0
Visakhapatnam,2018-05-15,25.41,81.0
Visakhapatnam,2018-05-16,17.96,76.0
Visakhapatnam,2018-05-17,12.0,79.0
Visakhapatnam,2018-05-18,20.89,69.0
Visakhapatnam,2018-05-19,20.64,101.0
Visakhapatnam,2018-05-20,16.73,76.0
Visakhapatnam,2018-05-22,14.85,75.0
Visakhapatnam,2018-05-23,11.81,60.0
Visakhapatnam,2018-05-24,13.64,47.0
Visakhapatnam,2018-05-25,11.32,44.0
Visakhapatnam,2018-05-26,13.25,40.0
Visakhapatnam,2018-05-27,14.42,38.0
Visakhapatnam,2018-05-28,25.1,56.0
Visakhapatnam,2018-05-29,27.11,87.0
Visakhapatnam,2018-05-30,37.85,98.0
Visakhapatnam,2018-05-31,34.18,103.0
Visakhapatnam,2018-06-01,39.17,107.0
Visakhapatnam,2018-06-02,30.78,89.0
Visakhapatnam,2018-06-03,38.25,90.0
Visakhapatnam,2018-06-05,57.79,124.0
Visakhapatnam,2018-06-06,35.24,101.0
Visakhapatnam,2018-06-07,28.43,82.0
Visakhapatnam,2018-06-09,36.75,95.0
Visakhapatnam,2018-06-10,28.69,81.0
Visakhapatnam,2018-06-11,30.94,82.0
Visakhapatnam,2018-06-12,35.48,83.0
Visakhapatnam,2018-06-13,35.64,105.0
Visakhapatnam,2018-06-14,38.98,126.0
Visakhapatnam,2018-06-15,53.56,151.0
Visakhapatnam,2018-06-16,50.78,158.0
Visakhapatnam,2018-06-17,47.62,147.0
Visakhapatnam,2018-06-21,27.7,112.0
Visakhapatnam,2018-06-22,27.05,92.0
Visakhapatnam,2018-06-23,26.17,79.0
Visakhapatnam,2018-06-24,30.25,101.0
Visakhapatnam,2018-06-25,30.0,97.0
Visakhapatnam,2018-06-27,33.04,111.0
Visakhapatnam,2018-06-28,27.29,84.0
Visakhapatnam,2018-06-29,32.92,76.0
Visakhapatnam,2018-06-30,33.78,85.0
Visakhapatnam,2018-07-01,32.22,79.0
Visakhapatnam,2018-07-02,31.92,95.0
Visakhapatnam,2018-07-03,38.8,80.0
Visakhapatnam,2018-07-04,33.39,90.0
Visakhapatnam,2018-07-05,24.36,100.0
Visakhapatnam,2018-07-06,27.25,85.0
Visakhapatnam,2018-07-07,35.14,87.0
Visakhapatnam,2018-07-08,33.26,88.0
Visakhapatnam,2018-07-09,34.32,81.0
Visakhapatnam,2018-07-10,30.08,91.0
Visakhapatnam,2018-07-11,31.55,83.0
Visakhapatnam,2018-07-12,25.83,84.0
Visakhapatnam,2018-07-13,28.16,68.0
Visakhapatnam,2018-07-14,36.57,91.0
Visakhapatnam,2018-07-15,21.84,68.0
Visakhapatnam,2018-07-16,28.49,70.0
Visakhapatnam,2018-07-17,22.82,89.0
Visakhapatnam,2018-07-18,29.86,82.0
Visakhapatnam,2018-07-19,22.54,69.0
Visakhapatnam,2018-07-20,27.9,63.0
Visakhapatnam,2018-07-21,27.85,67.0
Visakhapatnam,2018-07-22,32.61,81.0
Visakhapatnam,2018-07-23,36.78,104.0
Visakhapatnam,2018-07-24,41.99,127.0
Visakhapatnam,2018-07-25,43.56,123.0
Visakhapatnam,2018-07-26,44.48,130.0
Visakhapatnam,2018-07-27,35.02,125.0
Visakhapatnam,2018-07-28,35.58,113.0
Visakhapatnam,2018-07-29,40.33,114.0
Visakhapatnam,2018-07-30,43.0,118.0
Visakhapatnam,2018-08-02,40.26,117.0
Visakhapatnam,2018-08-03,52.43,130.0
Visakhapatnam,2018-08-04,53.49,142.0
Visakhapatnam,2018-08-05,47.62,128.0
Visakhapatnam,2018-08-06,48.5,109.0
Visakhapatnam,2018-08-07,45.4,106.0
Visakhapatnam,2018-08-08,39.1,73.0
Visakhapatnam,2018-08-09,44.7,100.0
Visakhapatnam,2018-08-10,53.32,107.0
Visakhapatnam,2018-08-11,34.35,93.0
Visakhapatnam,2018-08-12,21.86,76.0
Visakhapatnam,2018-08-17,25.69,87.0
Visakhapatnam,2018-08-18,32.84,72.0
Visakhapatnam,2018-08-19,17.9,63.0
Visakhapatnam,2018-08-21,20.96,54.0
Visakhapatnam,2018-08-22,30.03,61.0
Visakhapatnam,2018-08-23,31.38,74.0
Visakhapatnam,2018-08-24,47.62,72.0
Visakhapatnam,2018-08-28,41.97,122.0
Visakhapatnam,2018-08-29,48.18,118.0
Visakhapatnam,2018-08-30,43.89,114.0
Visakhapatnam,2018-08-31,51.3,116.0
Visakhapatnam,2018-09-01,35.33,108.0
Visakhapatnam,2018-09-02,39.86,87.0
Visakhapatnam,2018-09-03,45.16,97.0
Visakhapatnam,2018-09-04,41.12,107.0
Visakhapatnam,2018-09-05,39.34,96.0
Visakhapatnam,2018-09-06,48.18,106.0
Visakhapatnam,2018-09-07,41.28,118.0
Visakhapatnam,2018-09-08,47.03,110.0
Visakhapatnam,2018-09-09,65.02,141.0
Visakhapatnam,2018-09-10,48.09,129.0
Visakhapatnam,2018-09-11,47.34,105.0
Visakhapatnam,2018-09-12,56.6,106.0
Visakhapatnam,2018-09-13,64.77,121.0
Visakhapatnam,2018-09-14,62.18,100.0
Visakhapatnam,2018-09-15,62.22,138.0
Visakhapatnam,2018-09-16,67.61,154.0
Visakhapatnam,2018-09-17,33.98,96.0
Visakhapatnam,2018-09-18,41.23,100.0
Visakhapatnam,2018-09-19,47.77,119.0
Visakhapatnam,2018-09-20,71.26,110.0
Visakhapatnam,2018-09-21,37.58,102.0
Visakhapatnam,2018-09-22,38.53,77.0
Visakhapatnam,2018-09-23,38.46,114.0
Visakhapatnam,2018-09-24,29.18,78.0
Visakhapatnam,2018-09-25,28.61,86.0
Visakhapatnam,2018-09-26,34.19,98.0
Visakhapatnam,2018-09-27,36.81,99.0
Visakhapatnam,2018-09-28,18.71,66.0
Visakhapatnam,2018-09-29,28.19,70.0
Visakhapatnam,2018-09-30,52.09,104.0
Visakhapatnam,2018-10-01,73.3,157.0
Visakhapatnam,2018-10-02,64.0,122.0
Visakhapatnam,2018-10-03,31.64,107.0
Visakhapatnam,2018-10-04,62.23,117.0
Visakhapatnam,2018-10-05,57.35,130.0
Visakhapatnam,2018-10-06,78.54,149.0
Visakhapatnam,2018-10-07,69.29,153.0
Visakhapatnam,2018-10-08,54.88,107.0
Visakhapatnam,2018-10-09,42.4,112.0
Visakhapatnam,2018-10-10,31.74,112.0
Visakhapatnam,2018-10-11,49.33,106.0
Visakhapatnam,2018-10-12,43.88,115.0
Visakhapatnam,2018-10-13,69.73,122.0
Visakhapatnam,2018-10-14,58.04,114.0
Visakhapatnam,2018-10-15,49.55,98.0
Visakhapatnam,2018-10-16,40.69,98.0
Visakhapatnam,2018-10-17,53.01,80.0
Visakhapatnam,2018-10-18,86.27,144.0
Visakhapatnam,2018-10-19,145.0,181.0
Visakhapatnam,2018-10-20,69.05,168.0
Visakhapatnam,2018-10-21,99.12,199.0
Visakhapatnam,2018-10-22,107.88,236.0
Visakhapatnam,2018-10-23,111.32,288.0
Visakhapatnam,2018-10-24,90.26,228.0
Visakhapatnam,2018-10-25,78.89,177.0
Visakhapatnam,2018-10-26,52.93,152.0
Visakhapatnam,2018-10-27,63.16,160.0
Visakhapatnam,2018-10-28,44.31,182.0
Visakhapatnam,2018-10-29,34.42,118.0
Visakhapatnam,2018-10-30,37.5,95.0
Visakhapatnam,2018-10-31,22.75,63.0
Visakhapatnam,2018-11-01,11.04,47.0
Visakhapatnam,2018-11-02,11.34,44.0
Visakhapatnam,2018-11-03,7.47,38.0
Visakhapatnam,2018-11-04,8.24,40.0
Visakhapatnam,2018-11-05,11.35,44.0
Visakhapatnam,2018-11-06,30.77,74.0
Visakhapatnam,2018-11-07,101.79,112.0
Visakhapatnam,2018-11-08,198.38,387.0
Visakhapatnam,2018-11-09,48.16,142.0
Visakhapatnam,2018-11-10,66.51,127.0
Visakhapatnam,2018-11-11,87.49,147.0
Visakhapatnam,2018-11-12,90.03,214.0
Visakhapatnam,2018-11-13,56.29,170.0
Visakhapatnam,2018-11-14,72.47,170.0
Visakhapatnam,2018-11-15,57.22,139.0
Visakhapatnam,2018-11-16,54.95,103.0
Visakhapatnam,2018-11-17,57.21,131.0
Visakhapatnam,2018-11-18,40.27,107.0
Visakhapatnam,2018-11-19,42.25,86.0
Visakhapatnam,2018-11-20,47.82,96.0
Visakhapatnam,2018-12-01,61.71,112.0
Visakhapatnam,2018-12-05,89.61,187.0
Visakhapatnam,2018-12-06,96.08,213.0
Visakhapatnam,2018-12-07,105.85,231.0
Visakhapatnam,2018-12-09,114.86,274.0
Visakhapatnam,2018-12-10,86.25,282.0
Visakhapatnam,2018-12-11,74.06,233.0
Visakhapatnam,2018-12-12,69.72,176.0
Visakhapatnam,2018-12-13,82.35,160.0
Visakhapatnam,2018-12-14,80.16,145.0
Visakhapatnam,2018-12-15,78.08,171.0
Visakhapatnam,2018-12-16,53.03,130.0
Visakhapatnam,2018-12-17,24.85,79.0
Visakhapatnam,2018-12-18,5.89,61.0
Visakhapatnam,2018-12-19,8.6,49.0
Visakhapatnam,2018-12-20,23.79,53.0
Visakhapatnam,2018-12-21,43.75,75.0
Visakhapatnam,2018-12-22,63.48,91.0
Visakhapatnam,2018-12-23,86.99,158.0
Visakhapatnam,2018-12-24,87.29,198.0
Visakhapatnam,2018-12-25,104.71,230.0
Visakhapatnam,2018-12-26,118.3,291.0
Visakhapatnam,2018-12-27,111.24,276.0
Visakhapatnam,2018-12-28,100.63,255.0
Visakhapatnam,2018-12-29,77.43,220.0
Visakhapatnam,2018-12-30,70.2,152.0
Visakhapatnam,2019-01-01,131.6,278.0
Visakhapatnam,2019-01-02,132.69,298.0
Visakhapatnam,2019-01-03,148.04,319.0
Visakhapatnam,2019-01-04,139.55,315.0
Visakhapatnam,2019-01-05,116.68,299.0
Visakhapatnam,2019-01-06,132.1,304.0
Visakhapatnam,2019-01-07,119.16,307.0
Visakhapatnam,2019-01-08,136.86,296.0
Visakhapatnam,2019-01-09,137.45,320.0
Visakhapatnam,2019-01-10,135.46,309.0
Visakhapatnam,2019-01-11,106.66,279.0
Visakhapatnam,2019-01-12,115.8,291.0
Visakhapatnam,2019-01-13,120.2,280.0
Visakhapatnam,2019-01-14,203.05,343.0
Visakhapatnam,2019-01-15,76.5,281.0
Visakhapatnam,2019-01-16,47.62,226.0
Visakhapatnam,2019-01-17,102.42,199.0
Visakhapatnam,2019-01-18,126.4,274.0
Visakhapatnam,2019-01-19,125.44,305.0
Visakhapatnam,2019-01-20,125.76,307.0
Visakhapatnam,2019-01-21,143.69,313.0
Visakhapatnam,2019-01-22,129.7,315.0
Visakhapatnam,2019-01-23,118.46,302.0
Visakhapatnam,2019-01-24,115.56,281.0
Visakhapatnam,2019-01-25,100.56,257.0
Visakhapatnam,2019-01-26,45.94,113.0
Visakhapatnam,2019-01-27,80.45,101.0
Visakhapatnam,2019-01-28,85.77,196.0
Visakhapatnam,2019-01-29,79.75,172.0
Visakhapatnam,2019-01-30,71.88,160.0
Visakhapatnam,2019-01-31,57.58,117.0
Visakhapatnam,2019-02-01,53.84,116.0
Visakhapatnam,2019-02-02,99.81,205.0
Visakhapatnam,2019-02-03,85.53,205.0
Visakhapatnam,2019-02-04,71.09,147.0
Visakhapatnam,2019-02-05,111.01,228.0
Visakhapatnam,2019-02-06,113.48,272.0
Visakhapatnam,2019-02-07,118.36,283.0
Visakhapatnam,2019-02-08,98.9,277.0
Visakhapatnam,2019-02-09,76.34,165.0
Visakhapatnam,2019-02-10,76.17,147.0
Visakhapatnam,2019-02-11,59.05,126.0
Visakhapatnam,2019-02-12,54.84,114.0
Visakhapatnam,2019-02-13,59.6,122.0
Visakhapatnam,2019-02-14,94.42,182.0
Visakhapatnam,2019-02-15,55.03,144.0
Visakhapatnam,2019-02-16,67.33,115.0
Visakhapatnam,2019-02-17,50.92,109.0
Visakhapatnam,2019-02-18,51.74,109.0
Visakhapatnam,2019-02-19,33.27,84.0
Visakhapatnam,2019-02-20,39.61,82.0
Visakhapatnam,2019-02-21,51.81,98.0
Visakhapatnam,2019-02-22,52.8,103.0
Visakhapatnam,2019-02-23,51.41,118.0
Visakhapatnam,2019-02-24,41.71,124.0
Visakhapatnam,2019-02-25,48.26,137.0
Visakhapatnam,2019-02-26,52.58,148.0
Visakhapatnam,2019-03-02,15.89,48.0
Visakhapatnam,2019-03-03,26.93,63.0
Visakhapatnam,2019-03-04,27.8,78.0
Visakhapatnam,2019-03-05,22.27,92.0
Visakhapatnam,2019-03-06,42.23,102.0
Visakhapatnam,2019-03-07,30.85,104.0
Visakhapatnam,2019-03-08,33.92,81.0
Visakhapatnam,2019-03-09,27.95,80.0
Visakhapatnam,2019-03-10,19.08,79.0
Visakhapatnam,2019-03-11,21.22,74.0
Visakhapatnam,2019-03-12,30.96,105.0
Visakhapatnam,2019-03-13,42.54,121.0
Visakhapatnam,2019-03-14,50.39,131.0
Visakhapatnam,2019-03-15,43.56,130.0
Visakhapatnam,2019-03-16,28.18,107.0
Visakhapatnam,2019-03-17,34.35,98.0
Visakhapatnam,2019-03-18,30.15,98.0
Visakhapatnam,2019-03-19,32.39,100.0
Visakhapatnam,2019-03-20,27.53,78.0
Visakhapatnam,2019-03-21,23.36,74.0
Visakhapatnam,2019-03-22,36.33,91.0
Visakhapatnam,2019-03-23,31.12,114.0
Visakhapatnam,2019-03-24,31.06,101.0
Visakhapatnam,2019-03-25,36.77,99.0
Visakhapatnam,2019-03-26,24.49,81.0
Visakhapatnam,2019-03-27,24.5,71.0
Visakhapatnam,2019-03-28,30.49,87.0
Visakhapatnam,2019-03-29,31.8,91.0
Visakhapatnam,2019-03-30,37.15,103.0
Visakhapatnam,2019-03-31,44.75,110.0
Visakhapatnam,2019-04-01,43.25,126.0
Visakhapatnam,2019-04-02,28.42,108.0
Visakhapatnam,2019-04-03,27.5,101.0
Visakhapatnam,2019-04-04,27.02,91.0
Visakhapatnam,2019-04-05,23.63,96.0
Visakhapatnam,2019-04-06,32.96,86.0
Visakhapatnam,2019-04-07,25.61,105.0
Visakhapatnam,2019-04-08,22.42,81.0
Visakhapatnam,2019-04-09,23.73,80.0
Visakhapatnam,2019-04-10,33.69,100.0
Visakhapatnam,2019-04-11,47.62,86.0
Visakhapatnam,2019-04-13,27.28,96.0
Visakhapatnam,2019-04-14,20.65,99.0
Visakhapatnam,2019-04-15,28.84,89.0
Visakhapatnam,2019-04-16,31.45,110.0
Visakhapatnam,2019-04-17,35.3,114.0
Visakhapatnam,2019-04-18,31.25,111.0
Visakhapatnam,2019-04-19,22.48,88.0
Visakhapatnam,2019-04-20,21.76,71.0
Visakhapatnam,2019-04-21,25.62,79.0
Visakhapatnam,2019-04-22,29.58,85.0
Visakhapatnam,2019-04-23,26.19,72.0
Visakhapatnam,2019-04-24,21.88,63.0
Visakhapatnam,2019-04-25,37.51,83.0
Visakhapatnam,2019-04-26,38.9,116.0
Visakhapatnam,2019-04-27,29.45,113.0
Visakhapatnam,2019-04-28,25.92,102.0
Visakhapatnam,2019-04-29,18.89,85.0
Visakhapatnam,2019-04-30,12.9,56.0
Visakhapatnam,2019-05-01,13.18,46.0
Visakhapatnam,2019-05-02,15.1,50.0
Visakhapatnam,2019-05-03,59.67,97.0
Visakhapatnam,2019-05-04,52.61,175.0
Visakhapatnam,2019-05-05,65.23,160.0
Visakhapatnam,2019-05-06,67.2,190.0
Visakhapatnam,2019-05-07,56.08,163.0
Visakhapatnam,2019-05-08,54.82,166.0
Visakhapatnam,2019-05-09,61.23,151.0
Visakhapatnam,2019-05-10,56.23,163.0
Visakhapatnam,2019-05-11,49.08,140.0
Visakhapatnam,2019-05-12,44.74,138.0
Visakhapatnam,2019-05-13,43.14,135.0
Visakhapatnam,2019-05-14,37.06,129.0
Visakhapatnam,2019-05-15,45.0,116.0
Visakhapatnam,2019-05-16,29.21,111.0
Visakhapatnam,2019-05-17,35.01,125.0
Visakhapatnam,2019-05-18,40.21,117.0
Visakhapatnam,2019-05-19,38.02,127.0
Visakhapatnam,2019-05-21,31.98,108.0
Visakhapatnam,2019-05-22,32.84,115.0
Visakhapatnam,2019-05-23,26.16,106.0
Visakhapatnam,2019-05-24,29.8,101.0
Visakhapatnam,2019-05-25,39.15,109.0
Visakhapatnam,2019-05-26,57.41,126.0
Visakhapatnam,2019-05-27,31.75,120.0
Visakhapatnam,2019-05-28,39.54,106.0
Visakhapatnam,2019-05-29,33.95,114.0
Visakhapatnam,2019-05-30,33.91,111.0
Visakhapatnam,2019-05-31,37.1,103.0
Visakhapatnam,2019-06-01,45.29,103.0
Visakhapatnam,2019-06-02,50.58,87.0
Visakhapatnam,2019-06-03,29.74,97.0
Visakhapatnam,2019-06-04,42.08,109.0
Visakhapatnam,2019-06-05,50.27,88.0
Visakhapatnam,2019-06-06,38.91,117.0
Visakhapatnam,2019-06-07,45.26,121.0
Visakhapatnam,2019-06-08,37.51,109.0
Visakhapatnam,2019-06-09,55.58,119.0
Visakhapatnam,2019-06-10,47.28,122.0
Visakhapatnam,2019-06-11,37.53,99.0
Visakhapatnam,2019-06-12,47.62,119.0
Visakhapatnam,2019-06-13,27.89,112.0
Visakhapatnam,2019-06-14,39.18,101.0
Visakhapatnam,2019-06-15,37.35,122.0
Visakhapatnam,2019-06-16,40.03,135.0
Visakhapatnam,2019-06-17,33.4,109.0
Visakhapatnam,2019-06-18,40.58,100.0
Visakhapatnam,2019-06-19,59.13,153.0
Visakhapatnam,2019-06-20,37.62,126.0
Visakhapatnam,2019-06-21,28.8,86.0
Visakhapatnam,2019-06-22,56.84,104.0
Visakhapatnam,2019-06-23,39.46,98.0
Visakhapatnam,2019-06-24,35.47,75.0
Visakhapatnam,2019-06-25,22.96,60.0
Visakhapatnam,2019-06-26,30.65,73.0
Visakhapatnam,2019-06-27,40.18,98.0
Visakhapatnam,2019-06-28,30.4,100.0
Visakhapatnam,2019-06-29,25.84,105.0
Visakhapatnam,2019-06-30,20.4,80.0
Visakhapatnam,2019-07-02,29.39,88.0
Visakhapatnam,2019-07-03,33.41,107.0
Visakhapatnam,2019-07-04,33.55,132.0
Visakhapatnam,2019-07-05,33.67,110.0
Visakhapatnam,2019-07-06,25.58,80.0
Visakhapatnam,2019-07-07,30.74,107.0
Visakhapatnam,2019-07-08,26.75,128.0
Visakhapatnam,2019-07-10,31.12,129.0
Visakhapatnam,2019-07-11,25.62,108.0
Visakhapatnam,2019-07-12,20.88,102.0
Visakhapatnam,2019-07-13,34.28,110.0
Visakhapatnam,2019-07-14,28.47,106.0
Visakhapatnam,2019-07-16,41.9,106.0
Visakhapatnam,2019-07-17,57.36,143.0
Visakhapatnam,2019-07-18,40.74,117.0
Visakhapatnam,2019-07-19,58.92,106.0
Visakhapatnam,2019-07-20,34.17,89.0
Visakhapatnam,2019-07-21,20.21,57.0
Visakhapatnam,2019-07-22,20.03,46.0
Visakhapatnam,2019-07-23,16.74,49.0
Visakhapatnam,2019-07-24,29.76,75.0
Visakhapatnam,2019-07-25,29.61,100.0
Visakhapatnam,2019-07-26,19.61,78.0
Visakhapatnam,2019-07-27,17.07,52.0
Visakhapatnam,2019-07-28,27.38,71.0
Visakhapatnam,2019-07-29,24.48,53.0
Visakhapatnam,2019-07-30,26.17,85.0
Visakhapatnam,2019-07-31,32.33,104.0
Visakhapatnam,2019-08-01,26.12,113.0
Visakhapatnam,2019-08-02,17.8,75.0
Visakhapatnam,2019-08-03,25.11,68.0
Visakhapatnam,2019-08-04,29.95,83.0
Visakhapatnam,2019-08-05,21.59,88.0
Visakhapatnam,2019-08-06,22.25,82.0
Visakhapatnam,2019-08-07,14.45,52.0
Visakhapatnam,2019-08-08,24.41,63.0
Visakhapatnam,2019-08-09,30.46,90.0
Visakhapatnam,2019-08-10,36.4,98.0
Visakhapatnam,2019-08-11,29.25,102.0
Visakhapatnam,2019-08-12,42.33,90.0
Visakhapatnam,2019-08-13,38.76,101.0
Visakhapatnam,2019-08-14,38.11,108.0
Visakhapatnam,2019-08-15,44.17,113.0
Visakhapatnam,2019-08-17,46.96,96.0
Visakhapatnam,2019-08-18,39.9,113.0
Visakhapatnam,2019-08-19,49.19,112.0
Visakhapatnam,2019-08-20,51.98,108.0
Visakhapatnam,2019-08-21,36.68,112.0
Visakhapatnam,2019-08-22,29.83,77.0
Visakhapatnam,2019-08-23,45.17,109.0
Visakhapatnam,2019-08-24,30.77,97.0
Visakhapatnam,2019-08-25,26.34,82.0
Visakhapatnam,2019-08-27,35.18,108.0
Visakhapatnam,2019-08-28,32.64,109.0
Visakhapatnam,2019-08-29,47.62,102.0
Visakhapatnam,2019-09-06,20.11,62.0
Visakhapatnam,2019-09-07,18.05,56.0
Visakhapatnam,2019-09-08,23.49,64.0
Visakhapatnam,2019-09-09,29.19,98.0
Visakhapatnam,2019-09-10,33.74,111.0
Visakhapatnam,2019-09-11,35.28,104.0
Visakhapatnam,2019-09-12,33.52,93.0
Visakhapatnam,2019-09-13,34.27,96.0
Visakhapatnam,2019-09-14,39.35,107.0
Visakhapatnam,2019-09-15,37.09,86.0
Visakhapatnam,2019-09-16,42.98,83.0
Visakhapatnam,2019-09-17,35.14,91.0
Visakhapatnam,2019-09-18,14.11,60.0
Visakhapatnam,2019-09-19,9.76,43.0
Visakhapatnam,2019-09-20,14.75,53.0
Visakhapatnam,2019-09-21,15.09,77.0
Visakhapatnam,2019-09-22,6.64,44.0
Visakhapatnam,2019-09-23,6.63,42.0
Visakhapatnam,2019-09-24,12.12,64.0
Visakhapatnam,2019-09-25,15.48,84.0
Visakhapatnam,2019-09-26,23.9,106.0
Visakhapatnam,2019-09-27,35.29,131.0
Visakhapatnam,2019-09-29,27.57,89.0
Visakhapatnam,2019-09-30,32.77,98.0
Visakhapatnam,2019-10-01,27.7,93.0
Visakhapatnam,2019-10-02,26.46,97.0
Visakhapatnam,2019-10-03,42.61,117.0
Visakhapatnam,2019-10-06,26.99,109.0
Visakhapatnam,2019-10-07,30.49,74.0
Visakhapatnam,2019-10-08,57.44,114.0
Visakhapatnam,2019-10-10,25.84,81.0
Visakhapatnam,2019-10-11,24.45,100.0
Visakhapatnam,2019-10-12,27.58,101.0
Visakhapatnam,2019-10-13,28.92,133.0
Visakhapatnam,2019-10-14,28.02,147.0
Visakhapatnam,2019-10-15,45.56,75.0
Visakhapatnam,2019-10-16,32.93,83.0
Visakhapatnam,2019-10-17,7.02,48.0
Visakhapatnam,2019-10-18,8.55,45.0
Visakhapatnam,2019-10-19,10.32,52.0
Visakhapatnam,2019-10-20,5.29,64.0
Visakhapatnam,2019-10-21,10.5,44.0
Visakhapatnam,2019-10-22,15.67,62.0
Visakhapatnam,2019-10-23,5.08,74.0
Visakhapatnam,2019-10-25,37.82,121.0
Visakhapatnam,2019-10-26,18.29,93.0
Visakhapatnam,2019-10-27,116.65,132.0
Visakhapatnam,2019-10-28,40.46,284.0
Visakhapatnam,2019-10-29,31.24,60.0
Visakhapatnam,2019-10-30,41.58,81.0
Visakhapatnam,2019-10-31,63.19,101.0
Visakhapatnam,2019-11-01,78.9,163.0
Visakhapatnam,2019-11-02,86.71,134.0
Visakhapatnam,2019-11-03,144.72,281.0
Visakhapatnam,2019-11-04,109.46,307.0
Visakhapatnam,2019-11-05,114.41,271.0
Visakhapatnam,2019-11-06,116.67,266.0
Visakhapatnam,2019-11-07,97.75,275.0
Visakhapatnam,2019-11-08,77.22,169.0
Visakhapatnam,2019-11-09,57.05,158.0
Visakhapatnam,2019-11-10,38.34,111.0
Visakhapatnam,2019-11-11,37.12,105.0
Visakhapatnam,2019-11-12,36.97,103.0
Visakhapatnam,2019-11-13,41.18,98.0
Visakhapatnam,2019-11-14,55.7,107.0
Visakhapatnam,2019-11-15,59.7,110.0
Visakhapatnam,2019-11-16,57.56,109.0
Visakhapatnam,2019-11-17,46.69,96.0
Visakhapatnam,2019-11-18,46.28,82.0
Visakhapatnam,2019-11-19,73.45,105.0
Visakhapatnam,2019-11-20,69.65,152.0
Visakhapatnam,2019-11-21,51.21,114.0
Visakhapatnam,2019-11-22,53.08,106.0
Visakhapatnam,2019-11-23,68.83,112.0
Visakhapatnam,2019-11-24,90.0,136.0
Visakhapatnam,2019-11-26,93.79,226.0
Visakhapatnam,2019-11-27,72.71,169.0
Visakhapatnam,2019-11-28,44.67,111.0
Visakhapatnam,2019-11-29,61.52,87.0
Visakhapatnam,2019-11-30,64.34,134.0
Visakhapatnam,2019-12-01,56.81,102.0
Visakhapatnam,2019-12-02,65.08,106.0
Visakhapatnam,2019-12-03,71.12,132.0
Visakhapatnam,2019-12-04,63.36,125.0
Visakhapatnam,2019-12-05,76.4,137.0
Visakhapatnam,2019-12-06,58.41,129.0
Visakhapatnam,2019-12-07,36.8,92.0
Visakhapatnam,2019-12-08,17.03,64.0
Visakhapatnam,2019-12-09,12.79,63.0
Visakhapatnam,2019-12-10,24.02,91.0
Visakhapatnam,2019-12-11,27.82,97.0
Visakhapatnam,2019-12-12,34.71,106.0
Visakhapatnam,2019-12-13,37.07,105.0
Visakhapatnam,2019-12-14,36.82,85.0
Visakhapatnam,2019-12-15,27.12,69.0
Visakhapatnam,2019-12-16,46.59,76.0
Visakhapatnam,2019-12-17,75.61,128.0
Visakhapatnam,2019-12-18,75.54,143.0
Visakhapatnam,2019-12-19,74.33,153.0
Visakhapatnam,2019-12-20,68.72,140.0
Visakhapatnam,2019-12-21,72.61,136.0
Visakhapatnam,2019-12-22,71.04,137.0
Visakhapatnam,2019-12-23,80.01,154.0
Visakhapatnam,2019-12-24,94.38,186.0
Visakhapatnam,2019-12-25,81.26,224.0
Visakhapatnam,2019-12-26,62.22,120.0
Visakhapatnam,2019-12-27,51.79,101.0
Visakhapatnam,2019-12-28,74.53,110.0
Visakhapatnam,2019-12-29,41.0,133.0
Visakhapatnam,2019-12-31,52.33,92.0
Visakhapatnam,2020-01-01,66.6,111.0
Visakhapatnam,2020-01-02,49.66,94.0
Visakhapatnam,2020-01-03,53.48,97.0
Visakhapatnam,2020-01-04,22.7,74.0
Visakhapatnam,2020-01-05,16.07,61.0
Visakhapatnam,2020-01-06,48.21,72.0
Visakhapatnam,2020-01-07,54.65,100.0
Visakhapatnam,2020-01-08,49.43,99.0
Visakhapatnam,2020-01-09,73.62,153.0
Visakhapatnam,2020-01-10,48.07,110.0
Visakhapatnam,2020-01-11,85.85,134.0
Visakhapatnam,2020-01-12,73.83,181.0
Visakhapatnam,2020-01-13,100.48,178.0
Visakhapatnam,2020-01-14,177.2,326.0
Visakhapatnam,2020-01-15,89.81,258.0
Visakhapatnam,2020-01-16,71.06,160.0
Visakhapatnam,2020-01-17,43.36,128.0
Visakhapatnam,2020-01-18,42.17,79.0
Visakhapatnam,2020-01-19,39.3,93.0
Visakhapatnam,2020-01-20,30.99,81.0
Visakhapatnam,2020-01-21,25.31,51.0
Visakhapatnam,2020-01-22,59.54,84.0
Visakhapatnam,2020-01-23,74.94,138.0
Visakhapatnam,2020-01-24,74.82,156.0
Visakhapatnam,2020-01-25,61.94,140.0
Visakhapatnam,2020-01-26,53.3,113.0
Visakhapatnam,2020-01-28,52.42,115.0
Visakhapatnam,2020-01-29,45.66,122.0
Visakhapatnam,2020-01-30,45.58,105.0
Visakhapatnam,2020-01-31,56.11,122.0
Visakhapatnam,2020-02-01,43.35,98.0
Visakhapatnam,2020-02-02,32.75,67.0
Visakhapatnam,2020-02-03,39.45,76.0
Visakhapatnam,2020-02-04,43.56,82.0
Visakhapatnam,2020-02-05,55.76,112.0
Visakhapatnam,2020-02-06,31.28,94.0
Visakhapatnam,2020-02-07,31.23,94.0
Visakhapatnam,2020-02-08,29.14,61.0
Visakhapatnam,2020-02-09,26.04,56.0
Visakhapatnam,2020-02-10,33.44,50.0
Visakhapatnam,2020-02-11,58.03,84.0
Visakhapatnam,2020-02-12,62.0,101.0
Visakhapatnam,2020-02-13,84.11,150.0
Visakhapatnam,2020-02-14,71.21,159.0
Visakhapatnam,2020-02-15,68.69,140.0
Visakhapatnam,2020-02-16,52.52,120.0
Visakhapatnam,2020-02-17,40.92,110.0
Visakhapatnam,2020-02-18,42.44,111.0
Visakhapatnam,2020-02-19,46.15,95.0
Visakhapatnam,2020-02-20,39.52,77.0
Visakhapatnam,2020-02-21,30.9,67.0
Visakhapatnam,2020-02-23,48.43,117.0
Visakhapatnam,2020-02-24,54.71,134.0
Visakhapatnam,2020-02-25,36.68,90.0
Visakhapatnam,2020-02-26,43.59,102.0
Visakhapatnam,2020-02-27,29.42,74.0
Visakhapatnam,2020-02-28,46.6,97.0
Visakhapatnam,2020-02-29,51.92,119.0
Visakhapatnam,2020-03-01,47.98,106.0
Visakhapatnam,2020-03-03,65.64,127.0
Visakhapatnam,2020-03-04,50.36,127.0
Visakhapatnam,2020-03-05,20.02,69.0
Visakhapatnam,2020-03-06,15.11,51.0
Visakhapatnam,2020-03-07,14.16,45.0
Visakhapatnam,2020-03-08,17.77,69.0
Visakhapatnam,2020-03-09,19.48,82.0
Visakhapatnam,2020-03-10,16.23,69.0
Visakhapatnam,2020-03-11,19.9,64.0
Visakhapatnam,2020-03-12,23.84,61.0
Visakhapatnam,2020-03-13,21.5,57.0
Visakhapatnam,2020-03-14,29.97,82.0
Visakhapatnam,2020-03-15,34.29,97.0
Visakhapatnam,2020-03-16,50.96,103.0
Visakhapatnam,2020-03-17,31.25,104.0
Visakhapatnam,2020-03-18,33.01,105.0
Visakhapatnam,2020-03-19,43.21,134.0
Visakhapatnam,2020-03-20,23.97,91.0
Visakhapatnam,2020-03-21,20.57,66.0
Visakhapatnam,2020-03-22,23.57,62.0
Visakhapatnam,2020-03-23,19.59,72.0
Visakhapatnam,2020-03-24,39.49,98.0
Visakhapatnam,2020-03-25,23.9,123.0
Visakhapatnam,2020-03-26,21.29,69.0
Visakhapatnam,2020-03-27,32.71,91.0
Visakhapatnam,2020-03-28,31.72,90.0
Visakhapatnam,2020-03-29,22.17,86.0
Visakhapatnam,2020-03-30,21.62,69.0
Visakhapatnam,2020-03-31,18.77,84.0
Visakhapatnam,2020-04-01,30.43,64.0
Visakhapatnam,2020-04-02,23.81,73.0
Visakhapatnam,2020-04-03,30.06,68.0
Visakhapatnam,2020-04-04,25.97,71.0
Visakhapatnam,2020-04-05,22.3,54.0
Visakhapatnam,2020-04-06,16.62,51.0
Visakhapatnam,2020-04-07,14.48,46.0
Visakhapatnam,2020-04-08,8.64,37.0
Visakhapatnam,2020-04-09,20.49,49.0
Visakhapatnam,2020-04-10,23.62,69.0
Visakhapatnam,2020-04-11,16.38,51.0
Visakhapatnam,2020-04-12,15.05,43.0
Visakhapatnam,2020-04-13,20.44,55.0
Visakhapatnam,2020-04-14,18.97,68.0
Visakhapatnam,2020-04-15,21.07,66.0
Visakhapatnam,2020-04-16,21.89,76.0
Visakhapatnam,2020-04-17,15.84,74.0
Visakhapatnam,2020-04-18,9.21,59.0
Visakhapatnam,2020-04-19,14.61,55.0
Visakhapatnam,2020-04-20,9.08,47.0
Visakhapatnam,2020-04-21,10.32,48.0
Visakhapatnam,2020-04-22,8.61,37.0
Visakhapatnam,2020-04-23,8.41,36.0
Visakhapatnam,2020-04-24,47.62,36.0
Visakhapatnam,2020-04-27,10.47,31.0
Visakhapatnam,2020-04-28,12.81,47.0
Visakhapatnam,2020-04-29,7.81,49.0
Visakhapatnam,2020-04-30,18.16,61.0
Visakhapatnam,2020-05-01,11.91,56.0
Visakhapatnam,2020-05-02,23.14,62.0
Visakhapatnam,2020-05-03,18.91,90.0
Visakhapatnam,2020-05-04,17.54,65.0
Visakhapatnam,2020-05-05,8.93,55.0
Visakhapatnam,2020-05-06,9.03,41.0
Visakhapatnam,2020-05-07,11.3,51.0
Visakhapatnam,2020-05-08,12.14,48.0
Visakhapatnam,2020-05-09,9.53,51.0
Visakhapatnam,2020-05-10,16.51,46.0
Visakhapatnam,2020-05-11,14.04,61.0
Visakhapatnam,2020-05-12,6.9,45.0
Visakhapatnam,2020-05-13,8.42,49.0
Visakhapatnam,2020-05-14,11.88,50.0
Visakhapatnam,2020-05-15,11.07,44.0
Visakhapatnam,2020-05-16,2.0,32.0
Visakhapatnam,2020-05-17,6.3,23.0
Visakhapatnam,2020-05-18,11.18,26.0
Visakhapatnam,2020-05-19,26.88,52.0
Visakhapatnam,2020-05-20,66.22,141.0
Visakhapatnam,2020-05-21,45.53,145.0
Visakhapatnam,2020-05-22,24.8,117.0
Visakhapatnam,2020-05-23,15.91,79.0
Visakhapatnam,2020-05-24,10.99,80.0
Visakhapatnam,2020-05-25,18.69,74.0
Visakhapatnam,2020-05-26,12.35,67.0
Visakhapatnam,2020-05-27,26.6,54.0
Visakhapatnam,2020-05-28,26.94,100.0
Visakhapatnam,2020-05-29,16.71,87.0
Visakhapatnam,2020-05-30,28.1,81.0
Visakhapatnam,2020-05-31,21.22,40.0
Visakhapatnam,2020-06-01,15.68,85.0
Visakhapatnam,2020-06-02,9.91,50.0
Visakhapatnam,2020-06-03,17.94,88.0
Visakhapatnam,2020-06-04,19.14,71.0
Visakhapatnam,2020-06-05,29.71,93.0
Visakhapatnam,2020-06-06,21.66,101.0
Visakhapatnam,2020-06-07,29.69,82.0
Visakhapatnam,2020-06-08,31.14,115.0
Visakhapatnam,2020-06-09,31.84,96.0
Visakhapatnam,2020-06-10,32.55,92.0
Visakhapatnam,2020-06-11,37.71,90.0
Visakhapatnam,2020-06-12,37.67,84.0
Visakhapatnam,2020-06-13,22.75,81.0
Visakhapatnam,2020-06-14,21.33,88.0
Visakhapatnam,2020-06-15,24.66,92.0
Visakhapatnam,2020-06-16,21.06,83.0
Visakhapatnam,2020-06-17,17.05,90.0
Visakhapatnam,2020-06-18,21.16,71.0
Visakhapatnam,2020-06-19,14.41,110.0
Visakhapatnam,2020-06-20,26.67,74.0
Visakhapatnam,2020-06-21,25.96,92.0
Visakhapatnam,2020-06-22,33.17,95.0
Visakhapatnam,2020-06-23,25.4,100.0
Visakhapatnam,2020-06-24,34.36,86.0
Visakhapatnam,2020-06-25,13.45,77.0
Visakhapatnam,2020-06-26,7.63,47.0
Visakhapatnam,2020-06-27,15.02,41.0
Visakhapatnam,2020-06-28,24.38,70.0
Visakhapatnam,2020-06-29,22.91,68.0
Visakhapatnam,2020-06-30,16.64,54.0
Visakhapatnam,2020-07-01,15.0,50.0
Thiruvananthapuram,2017-06-23,15.08,47.0
Thiruvananthapuram,2017-06-24,11.15,44.0
Thiruvananthapuram,2017-06-25,12.25,38.0
Thiruvananthapuram,2017-06-26,10.06,37.0
Thiruvananthapuram,2017-06-27,13.03,46.0
Thiruvananthapuram,2017-06-28,14.19,45.0
Thiruvananthapuram,2017-06-29,15.81,48.0
Thiruvananthapuram,2017-06-30,14.91,45.0
Thiruvananthapuram,2017-07-01,14.69,49.0
Thiruvananthapuram,2017-07-02,10.59,39.0
Thiruvananthapuram,2017-07-03,10.4,39.0
Thiruvananthapuram,2017-07-04,19.2,40.0
Thiruvananthapuram,2017-07-05,22.43,60.0
Thiruvananthapuram,2017-07-06,19.08,63.0
Thiruvananthapuram,2017-07-07,18.61,52.0
Thiruvananthapuram,2017-07-08,33.78,54.0
Thiruvananthapuram,2017-07-09,14.47,53.0
Thiruvananthapuram,2017-07-10,15.94,47.0
Thiruvananthapuram,2017-07-11,8.74,41.0
Thiruvananthapuram,2017-07-12,17.33,39.0
Thiruvananthapuram,2017-07-13,17.62,48.0
Thiruvananthapuram,2017-07-14,14.44,43.0
Thiruvananthapuram,2017-07-15,19.42,59.0
Thiruvananthapuram,2017-07-16,18.97,52.0
Thiruvananthapuram,2017-07-17,19.72,48.0
Thiruvananthapuram,2017-07-18,17.01,54.0
Thiruvananthapuram,2017-07-19,14.38,47.0
Thiruvananthapuram,2017-07-20,13.47,43.0
Thiruvananthapuram,2017-07-21,7.42,37.0
Thiruvananthapuram,2017-07-25,16.93,55.0
Thiruvananthapuram,2017-07-26,23.75,66.0
Thiruvananthapuram,2017-07-27,20.52,55.0
Thiruvananthapuram,2017-07-28,15.53,46.0
Thiruvananthapuram,2017-07-29,15.07,41.0
Thiruvananthapuram,2017-07-30,24.12,47.0
Thiruvananthapuram,2017-07-31,23.5,62.0
Thiruvananthapuram,2017-08-01,18.25,68.0
Thiruvananthapuram,2017-08-02,15.15,62.0
Thiruvananthapuram,2017-08-03,15.12,63.0
Thiruvananthapuram,2017-08-04,13.43,62.0
Thiruvananthapuram,2017-08-05,10.74,59.0
Thiruvananthapuram,2017-08-06,13.58,54.0
Thiruvananthapuram,2017-08-07,20.1,61.0
Thiruvananthapuram,2017-08-08,13.97,63.0
Thiruvananthapuram,2017-08-09,19.93,63.0
Thiruvananthapuram,2017-08-10,18.52,61.0
Thiruvananthapuram,2017-08-11,11.07,64.0
Thiruvananthapuram,2017-08-12,21.49,56.0
Thiruvananthapuram,2017-08-13,31.15,58.0
Thiruvananthapuram,2017-08-14,31.42,74.0
Thiruvananthapuram,2017-08-15,26.05,82.0
Thiruvananthapuram,2017-08-16,20.75,58.0
Thiruvananthapuram,2017-08-17,22.3,60.0
Thiruvananthapuram,2017-08-18,13.49,57.0
Thiruvananthapuram,2017-08-19,12.91,56.0
Thiruvananthapuram,2017-08-20,12.49,55.0
Thiruvananthapuram,2017-08-21,10.66,58.0
Thiruvananthapuram,2017-08-22,11.18,54.0
Thiruvananthapuram,2017-08-23,17.58,54.0
Thiruvananthapuram,2017-08-24,24.04,93.0
Thiruvananthapuram,2017-08-25,20.15,68.0
Thiruvananthapuram,2017-08-26,13.5,62.0
Thiruvananthapuram,2017-08-27,8.98,55.0
Thiruvananthapuram,2017-08-28,9.04,57.0
Thiruvananthapuram,2017-08-29,9.19,64.0
Thiruvananthapuram,2017-08-30,12.52,58.0
Thiruvananthapuram,2017-08-31,17.94,60.0
Thiruvananthapuram,2017-09-01,18.93,54.0
Thiruvananthapuram,2017-09-02,14.23,60.0
Thiruvananthapuram,2017-09-03,16.04,52.0
Thiruvananthapuram,2017-09-04,20.62,53.0
Thiruvananthapuram,2017-09-05,18.4,55.0
Thiruvananthapuram,2017-09-06,8.76,52.0
Thiruvananthapuram,2017-09-07,16.14,64.0
Thiruvananthapuram,2017-09-08,10.8,66.0
Thiruvananthapuram,2017-09-09,12.77,65.0
Thiruvananthapuram,2017-09-10,11.01,53.0
Thiruvananthapuram,2017-09-11,12.56,61.0
Thiruvananthapuram,2017-09-12,8.51,58.0
Thiruvananthapuram,2017-09-13,8.73,59.0
Thiruvananthapuram,2017-09-14,9.23,54.0
Thiruvananthapuram,2017-09-15,15.46,60.0
Thiruvananthapuram,2017-09-16,12.07,71.0
Thiruvananthapuram,2017-09-17,8.79,60.0
Thiruvananthapuram,2017-09-18,11.3,69.0
Thiruvananthapuram,2017-09-19,11.08,65.0
Thiruvananthapuram,2017-09-20,9.43,59.0
Thiruvananthapuram,2017-09-21,11.33,55.0
Thiruvananthapuram,2017-09-22,17.54,56.0
Thiruvananthapuram,2017-09-23,21.19,57.0
Thiruvananthapuram,2017-09-24,19.5,55.0
Thiruvananthapuram,2017-09-25,27.77,61.0
Thiruvananthapuram,2017-09-26,19.74,63.0
Thiruvananthapuram,2017-09-27,14.03,57.0
Thiruvananthapuram,2017-09-28,12.72,61.0
Thiruvananthapuram,2017-09-29,11.84,69.0
Thiruvananthapuram,2017-09-30,10.28,57.0
Thiruvananthapuram,2017-10-01,6.15,36.0
Thiruvananthapuram,2017-10-31,26.32,72.0
Thiruvananthapuram,2017-11-01,24.01,67.0
Thiruvananthapuram,2017-11-02,22.38,65.0
Thiruvananthapuram,2017-11-03,25.48,69.0
Thiruvananthapuram,2017-11-04,30.17,77.0
Thiruvananthapuram,2017-11-05,19.39,67.0
Thiruvananthapuram,2017-11-06,26.15,76.0
Thiruvananthapuram,2017-11-07,19.07,70.0
Thiruvananthapuram,2017-11-08,13.15,83.0
Thiruvananthapuram,2017-11-09,16.32,64.0
Thiruvananthapuram,2017-11-10,29.27,86.0
Thiruvananthapuram,2017-11-11,30.27,74.0
Thiruvananthapuram,2017-11-12,42.35,72.0
Thiruvananthapuram,2017-11-13,62.55,102.0
Thiruvananthapuram,2017-11-14,53.64,100.0
Thiruvananthapuram,2017-11-15,57.66,97.0
Thiruvananthapuram,2017-11-16,49.5,91.0
Thiruvananthapuram,2017-11-17,59.27,99.0
Thiruvananthapuram,2017-11-18,61.57,114.0
Thiruvananthapuram,2017-11-19,39.43,81.0
Thiruvananthapuram,2017-11-20,27.4,69.0
Thiruvananthapuram,2017-11-21,17.99,63.0
Thiruvananthapuram,2017-11-22,27.16,80.0
Thiruvananthapuram,2017-11-23,40.15,91.0
Thiruvananthapuram,2017-11-24,62.96,87.0
Thiruvananthapuram,2017-11-25,93.79,162.0
Thiruvananthapuram,2017-11-26,80.06,230.0
Thiruvananthapuram,2017-11-27,36.21,103.0
Thiruvananthapuram,2017-11-28,32.04,83.0
Thiruvananthapuram,2017-11-29,32.23,86.0
Thiruvananthapuram,2017-11-30,4.23,58.0
Thiruvananthapuram,2017-12-01,9.7,57.0
Thiruvananthapuram,2017-12-02,8.62,60.0
Thiruvananthapuram,2017-12-03,28.24,76.0
Thiruvananthapuram,2017-12-04,28.24,86.0
Thiruvananthapuram,2017-12-08,44.97,84.0
Thiruvananthapuram,2017-12-09,33.94,68.0
Thiruvananthapuram,2017-12-10,54.94,85.0
Thiruvananthapuram,2017-12-11,68.46,105.0
Thiruvananthapuram,2017-12-12,66.61,139.0
Thiruvananthapuram,2017-12-13,40.99,83.0
Thiruvananthapuram,2017-12-14,48.17,81.0
Thiruvananthapuram,2017-12-15,68.66,124.0
Thiruvananthapuram,2017-12-16,49.07,87.0
Thiruvananthapuram,2017-12-17,52.59,94.0
Thiruvananthapuram,2017-12-18,53.21,79.0
Thiruvananthapuram,2017-12-19,47.43,125.0
Thiruvananthapuram,2017-12-20,33.58,71.0
Thiruvananthapuram,2017-12-21,39.14,78.0
Thiruvananthapuram,2017-12-22,26.11,68.0
Thiruvananthapuram,2017-12-23,40.41,76.0
Thiruvananthapuram,2017-12-24,33.34,66.0
Thiruvananthapuram,2017-12-25,47.76,76.0
Thiruvananthapuram,2017-12-26,60.35,94.0
Thiruvananthapuram,2017-12-27,64.68,103.0
Thiruvananthapuram,2017-12-28,72.44,129.0
Thiruvananthapuram,2017-12-29,61.44,112.0
Thiruvananthapuram,2017-12-30,73.02,145.0
Thiruvananthapuram,2017-12-31,59.05,118.0
Thiruvananthapuram,2018-01-01,64.62,106.0
Thiruvananthapuram,2018-01-02,64.43,119.0
Thiruvananthapuram,2018-01-03,57.45,99.0
Thiruvananthapuram,2018-01-04,67.0,106.0
Thiruvananthapuram,2018-01-05,76.69,145.0
Thiruvananthapuram,2018-01-06,83.73,155.0
Thiruvananthapuram,2018-01-07,78.68,186.0
Thiruvananthapuram,2018-01-08,69.38,127.0
Thiruvananthapuram,2018-01-09,83.7,137.0
Thiruvananthapuram,2018-01-10,81.02,169.0
Thiruvananthapuram,2018-01-11,51.42,123.0
Thiruvananthapuram,2018-01-12,53.08,157.0
Thiruvananthapuram,2018-01-13,47.04,127.0
Thiruvananthapuram,2018-01-14,38.06,120.0
Thiruvananthapuram,2018-01-15,50.17,162.0
Thiruvananthapuram,2018-01-16,72.69,108.0
Thiruvananthapuram,2018-01-17,80.8,182.0
Thiruvananthapuram,2018-01-18,72.59,163.0
Thiruvananthapuram,2018-01-19,67.73,120.0
Thiruvananthapuram,2018-01-20,81.25,125.0
Thiruvananthapuram,2018-01-21,88.14,204.0
Thiruvananthapuram,2018-01-22,83.84,183.0
Thiruvananthapuram,2018-01-23,84.45,183.0
Thiruvananthapuram,2018-01-24,79.84,170.0
Thiruvananthapuram,2018-01-25,57.42,132.0
Thiruvananthapuram,2018-01-26,55.36,92.0
Thiruvananthapuram,2018-01-27,61.78,99.0
Thiruvananthapuram,2018-01-28,49.7,93.0
Thiruvananthapuram,2018-01-29,70.43,112.0
Thiruvananthapuram,2018-01-30,68.26,121.0
Thiruvananthapuram,2018-01-31,65.86,130.0
Thiruvananthapuram,2018-02-01,75.74,144.0
Thiruvananthapuram,2018-02-02,64.95,132.0
Thiruvananthapuram,2018-02-03,54.76,124.0
Thiruvananthapuram,2018-02-04,56.47,111.0
Thiruvananthapuram,2018-02-05,55.14,100.0
Thiruvananthapuram,2018-02-06,52.43,96.0
Thiruvananthapuram,2018-02-07,41.4,80.0
Thiruvananthapuram,2018-02-08,30.24,66.0
Thiruvananthapuram,2018-02-09,42.41,80.0
Thiruvananthapuram,2018-02-10,42.91,71.0
Thiruvananthapuram,2018-02-11,41.06,72.0
Thiruvananthapuram,2018-02-13,55.79,92.0
Thiruvananthapuram,2018-02-14,62.38,94.0
Thiruvananthapuram,2018-02-15,41.22,99.0
Thiruvananthapuram,2018-02-16,45.86,82.0
Thiruvananthapuram,2018-02-17,52.27,88.0
Thiruvananthapuram,2018-02-18,54.22,105.0
Thiruvananthapuram,2018-02-19,60.38,107.0
Thiruvananthapuram,2018-02-20,58.11,105.0
Thiruvananthapuram,2018-02-21,62.07,112.0
Thiruvananthapuram,2018-02-22,47.75,96.0
Thiruvananthapuram,2018-02-23,41.55,94.0
Thiruvananthapuram,2018-02-24,51.15,93.0
Thiruvananthapuram,2018-02-25,28.24,84.0
Thiruvananthapuram,2018-02-27,36.46,77.0
Thiruvananthapuram,2018-02-28,30.47,78.0
Thiruvananthapuram,2018-03-01,27.73,70.0
Thiruvananthapuram,2018-03-02,36.2,79.0
Thiruvananthapuram,2018-03-03,39.89,85.0
Thiruvananthapuram,2018-03-04,57.24,98.0
Thiruvananthapuram,2018-03-05,46.58,95.0
Thiruvananthapuram,2018-03-06,56.15,94.0
Thiruvananthapuram,2018-03-07,57.18,97.0
Thiruvananthapuram,2018-03-08,52.59,90.0
Thiruvananthapuram,2018-03-09,56.09,91.0
Thiruvananthapuram,2018-03-10,52.85,92.0
Thiruvananthapuram,2018-03-11,60.8,112.0
Thiruvananthapuram,2018-03-12,44.16,95.0
Thiruvananthapuram,2018-03-13,25.16,89.0
Thiruvananthapuram,2018-03-14,18.74,69.0
Thiruvananthapuram,2018-03-15,13.15,55.0
Thiruvananthapuram,2018-03-16,17.31,60.0
Thiruvananthapuram,2018-03-17,20.51,62.0
Thiruvananthapuram,2018-03-18,27.78,65.0
Thiruvananthapuram,2018-03-19,22.23,74.0
Thiruvananthapuram,2018-03-20,40.89,78.0
Thiruvananthapuram,2018-03-21,42.91,78.0
Thiruvananthapuram,2018-03-22,30.46,71.0
Thiruvananthapuram,2018-03-23,31.97,68.0
Thiruvananthapuram,2018-03-24,30.17,82.0
Thiruvananthapuram,2018-03-25,41.77,82.0
Thiruvananthapuram,2018-03-26,44.52,97.0
Thiruvananthapuram,2018-03-27,43.41,90.0
Thiruvananthapuram,2018-03-28,24.17,105.0
Thiruvananthapuram,2018-03-29,35.1,91.0
Thiruvananthapuram,2018-03-30,40.45,104.0
Thiruvananthapuram,2018-03-31,38.5,130.0
Thiruvananthapuram,2018-04-01,27.92,74.0
Thiruvananthapuram,2018-04-02,28.27,64.0
Thiruvananthapuram,2018-04-03,33.99,93.0
Thiruvananthapuram,2018-04-04,32.84,137.0
Thiruvananthapuram,2018-04-05,43.66,72.0
Thiruvananthapuram,2018-04-07,42.99,121.0
Thiruvananthapuram,2018-04-08,25.7,122.0
Thiruvananthapuram,2018-04-09,20.2,126.0
Thiruvananthapuram,2018-04-10,15.2,73.0
Thiruvananthapuram,2018-04-11,19.23,160.0
Thiruvananthapuram,2018-04-12,18.61,62.0
Thiruvananthapuram,2018-04-13,15.54,84.0
Thiruvananthapuram,2018-04-14,9.71,61.0
Thiruvananthapuram,2018-04-15,17.78,58.0
Thiruvananthapuram,2018-04-16,17.81,60.0
Thiruvananthapuram,2018-04-17,21.46,62.0
Thiruvananthapuram,2018-04-18,30.07,71.0
Thiruvananthapuram,2018-04-19,19.84,66.0
Thiruvananthapuram,2018-04-20,16.04,61.0
Thiruvananthapuram,2018-04-21,26.07,66.0
Thiruvananthapuram,2018-04-22,28.02,58.0
Thiruvananthapuram,2018-04-23,26.83,65.0
Thiruvananthapuram,2018-04-24,21.79,62.0
Thiruvananthapuram,2018-04-25,24.34,60.0
Thiruvananthapuram,2018-04-26,29.15,62.0
Thiruvananthapuram,2018-04-27,35.06,83.0
Thiruvananthapuram,2018-04-28,35.77,70.0
Thiruvananthapuram,2018-04-29,46.14,78.0
Thiruvananthapuram,2018-04-30,29.38,65.0
Thiruvananthapuram,2018-05-01,23.65,61.0
Thiruvananthapuram,2018-05-02,64.52,65.0
Thiruvananthapuram,2018-05-03,22.42,65.0
Thiruvananthapuram,2018-05-04,28.82,70.0
Thiruvananthapuram,2018-05-05,26.48,82.0
Thiruvananthapuram,2018-05-06,18.29,58.0
Thiruvananthapuram,2018-05-07,16.81,60.0
Thiruvananthapuram,2018-05-08,13.97,55.0
Thiruvananthapuram,2018-05-09,23.21,67.0
Thiruvananthapuram,2018-05-10,11.28,54.0
Thiruvananthapuram,2018-05-11,12.24,62.0
Thiruvananthapuram,2018-05-12,9.12,54.0
Thiruvananthapuram,2018-05-13,9.35,54.0
Thiruvananthapuram,2018-05-14,10.52,56.0
Thiruvananthapuram,2018-05-15,26.65,64.0
Thiruvananthapuram,2018-05-16,28.45,70.0
Thiruvananthapuram,2018-05-17,21.54,60.0
Thiruvananthapuram,2018-05-18,8.96,56.0
Thiruvananthapuram,2018-05-19,13.25,61.0
Thiruvananthapuram,2018-05-20,10.25,53.0
Thiruvananthapuram,2018-05-21,15.69,74.0
Thiruvananthapuram,2018-05-22,18.72,65.0
Thiruvananthapuram,2018-05-23,22.04,67.0
Thiruvananthapuram,2018-05-24,25.68,67.0
Thiruvananthapuram,2018-05-25,12.04,84.0
Thiruvananthapuram,2018-05-26,22.6,78.0
Thiruvananthapuram,2018-05-27,10.94,69.0
Thiruvananthapuram,2018-05-28,13.24,83.0
Thiruvananthapuram,2018-05-29,14.46,59.0
Thiruvananthapuram,2018-05-30,14.78,59.0
Thiruvananthapuram,2018-05-31,18.75,59.0
Thiruvananthapuram,2018-06-01,17.99,66.0
Thiruvananthapuram,2018-06-02,13.59,59.0
Thiruvananthapuram,2018-06-03,11.68,49.0
Thiruvananthapuram,2018-06-04,16.7,58.0
Thiruvananthapuram,2018-06-05,17.04,78.0
Thiruvananthapuram,2018-06-06,17.49,70.0
Thiruvananthapuram,2018-06-07,15.77,64.0
Thiruvananthapuram,2018-06-08,13.57,60.0
Thiruvananthapuram,2018-06-09,10.75,51.0
Thiruvananthapuram,2018-06-10,5.19,44.0
Thiruvananthapuram,2018-06-11,13.23,48.0
Thiruvananthapuram,2018-06-12,13.4,53.0
Thiruvananthapuram,2018-06-13,13.5,59.0
Thiruvananthapuram,2018-06-14,13.45,49.0
Thiruvananthapuram,2018-06-15,12.81,46.0
Thiruvananthapuram,2018-06-16,12.34,54.0
Thiruvananthapuram,2018-06-17,11.32,47.0
Thiruvananthapuram,2018-06-18,13.09,56.0
Thiruvananthapuram,2018-06-19,15.52,66.0
Thiruvananthapuram,2018-06-20,16.72,59.0
Thiruvananthapuram,2018-06-21,20.49,57.0
Thiruvananthapuram,2018-06-22,19.2,66.0
Thiruvananthapuram,2018-06-23,17.08,53.0
Thiruvananthapuram,2018-06-24,15.29,51.0
Thiruvananthapuram,2018-06-25,13.66,44.0
Thiruvananthapuram,2018-06-26,15.12,55.0
Thiruvananthapuram,2018-06-27,13.41,51.0
Thiruvananthapuram,2018-06-28,14.5,51.0
Thiruvananthapuram,2018-06-29,17.1,49.0
Thiruvananthapuram,2018-06-30,15.49,52.0
Thiruvananthapuram,2018-07-01,17.82,48.0
Thiruvananthapuram,2018-07-02,19.23,46.0
Thiruvananthapuram,2018-07-03,23.0,53.0
Thiruvananthapuram,2018-07-04,18.41,56.0
Thiruvananthapuram,2018-07-05,19.07,51.0
Thiruvananthapuram,2018-07-06,18.6,51.0
Thiruvananthapuram,2018-07-07,16.08,53.0
Thiruvananthapuram,2018-07-08,7.0,46.0
Thiruvananthapuram,2018-07-09,15.77,50.0
Thiruvananthapuram,2018-07-10,10.73,65.0
Thiruvananthapuram,2018-07-11,17.48,53.0
Thiruvananthapuram,2018-07-12,16.18,60.0
Thiruvananthapuram,2018-07-13,17.58,65.0
Thiruvananthapuram,2018-07-14,11.88,50.0
Thiruvananthapuram,2018-07-15,9.01,42.0
Thiruvananthapuram,2018-07-16,10.5,43.0
Thiruvananthapuram,2018-07-17,11.1,43.0
Thiruvananthapuram,2018-07-18,15.43,44.0
Thiruvananthapuram,2018-07-19,13.54,52.0
Thiruvananthapuram,2018-07-20,14.45,53.0
Thiruvananthapuram,2018-07-21,18.23,57.0
Thiruvananthapuram,2018-07-22,28.24,64.0
Thiruvananthapuram,2018-07-23,18.71,58.0
Thiruvananthapuram,2018-07-24,13.41,56.0
Thiruvananthapuram,2018-07-25,12.69,49.0
Thiruvananthapuram,2018-07-26,14.85,53.0
Thiruvananthapuram,2018-07-27,16.1,50.0
Thiruvananthapuram,2018-07-28,18.51,62.0
Thiruvananthapuram,2018-07-29,17.59,61.0
Thiruvananthapuram,2018-07-30,13.55,58.0
Thiruvananthapuram,2018-07-31,13.44,64.0
Thiruvananthapuram,2018-08-01,14.91,70.0
Thiruvananthapuram,2018-08-02,14.62,62.0
Thiruvananthapuram,2018-08-03,18.7,62.0
Thiruvananthapuram,2018-08-04,19.14,67.0
Thiruvananthapuram,2018-08-05,11.14,62.0
Thiruvananthapuram,2018-08-06,9.04,62.0
Thiruvananthapuram,2018-08-07,9.51,63.0
Thiruvananthapuram,2018-08-08,11.16,69.0
Thiruvananthapuram,2018-08-09,9.21,73.0
Thiruvananthapuram,2018-08-10,8.67,66.0
Thiruvananthapuram,2018-08-11,11.88,69.0
Thiruvananthapuram,2018-08-12,10.35,74.0
Thiruvananthapuram,2018-08-13,10.5,81.0
Thiruvananthapuram,2018-08-14,6.88,92.0
Thiruvananthapuram,2018-08-15,6.0,68.0
Thiruvananthapuram,2018-08-16,12.86,106.0
Thiruvananthapuram,2018-08-17,6.92,69.0
Thiruvananthapuram,2018-08-18,10.26,81.0
Thiruvananthapuram,2018-08-19,9.45,84.0
Thiruvananthapuram,2018-08-20,11.81,93.0
Thiruvananthapuram,2018-08-21,12.68,108.0
Thiruvananthapuram,2018-08-22,17.56,73.0
Thiruvananthapuram,2018-08-23,14.31,62.0
Thiruvananthapuram,2018-08-24,21.91,69.0
Thiruvananthapuram,2018-08-25,15.88,92.0
Thiruvananthapuram,2018-08-26,16.86,112.0
Thiruvananthapuram,2018-08-27,15.94,114.0
Thiruvananthapuram,2018-08-28,9.94,112.0
Thiruvananthapuram,2018-08-29,10.58,57.0
Thiruvananthapuram,2018-08-30,20.16,51.0
Thiruvananthapuram,2018-08-31,18.13,53.0
Thiruvananthapuram,2018-09-01,23.44,61.0
Thiruvananthapuram,2018-09-02,19.24,56.0
Thiruvananthapuram,2018-09-03,20.49,54.0
Thiruvananthapuram,2018-09-04,20.0,58.0
Thiruvananthapuram,2018-09-05,22.06,59.0
Thiruvananthapuram,2018-09-06,16.12,58.0
Thiruvananthapuram,2018-09-07,17.55,58.0
Thiruvananthapuram,2018-09-08,17.14,55.0
Thiruvananthapuram,2018-09-09,28.24,63.0
Thiruvananthapuram,2018-09-11,22.24,63.0
Thiruvananthapuram,2018-09-12,24.4,70.0
Thiruvananthapuram,2018-09-13,25.5,68.0
Thiruvananthapuram,2018-09-14,28.03,76.0
Thiruvananthapuram,2018-09-15,28.44,73.0
Thiruvananthapuram,2018-09-16,19.46,62.0
Thiruvananthapuram,2018-09-17,18.96,50.0
Thiruvananthapuram,2018-09-18,12.38,55.0
Thiruvananthapuram,2018-09-19,17.14,53.0
Thiruvananthapuram,2018-09-20,14.31,54.0
Thiruvananthapuram,2018-09-21,20.42,55.0
Thiruvananthapuram,2018-09-22,21.49,67.0
Thiruvananthapuram,2018-09-23,13.45,53.0
Thiruvananthapuram,2018-09-24,16.64,52.0
Thiruvananthapuram,2018-09-25,24.56,62.0
Thiruvananthapuram,2018-09-26,24.19,57.0
Thiruvananthapuram,2018-09-27,22.38,66.0
Thiruvananthapuram,2018-09-28,26.0,62.0
Thiruvananthapuram,2018-09-29,15.29,58.0
Thiruvananthapuram,2018-09-30,21.93,57.0
Thiruvananthapuram,2018-10-01,23.75,64.0
Thiruvananthapuram,2018-10-02,17.33,59.0
Thiruvananthapuram,2018-10-03,18.9,67.0
Thiruvananthapuram,2018-10-04,14.12,72.0
Thiruvananthapuram,2018-10-05,20.59,54.0
Thiruvananthapuram,2018-10-06,30.33,82.0
Thiruvananthapuram,2018-10-07,12.48,62.0
Thiruvananthapuram,2018-10-08,13.27,78.0
Thiruvananthapuram,2018-10-09,15.1,64.0
Thiruvananthapuram,2018-10-10,15.43,70.0
Thiruvananthapuram,2018-10-11,35.94,71.0
Thiruvananthapuram,2018-10-12,38.58,71.0
Thiruvananthapuram,2018-10-13,36.93,67.0
Thiruvananthapuram,2018-10-14,30.14,61.0
Thiruvananthapuram,2018-10-15,31.75,59.0
Thiruvananthapuram,2018-10-16,19.06,63.0
Thiruvananthapuram,2018-10-17,12.74,64.0
Thiruvananthapuram,2018-10-18,16.07,60.0
Thiruvananthapuram,2018-10-19,12.9,54.0
Thiruvananthapuram,2018-10-20,13.8,69.0
Thiruvananthapuram,2018-10-21,11.42,47.0
Thiruvananthapuram,2018-10-22,19.09,68.0
Thiruvananthapuram,2018-10-23,17.97,58.0
Thiruvananthapuram,2018-10-24,30.73,70.0
Thiruvananthapuram,2018-10-25,45.62,85.0
Thiruvananthapuram,2018-10-26,54.28,101.0
Thiruvananthapuram,2018-10-27,66.15,101.0
Thiruvananthapuram,2018-10-28,57.1,119.0
Thiruvananthapuram,2018-10-29,49.67,87.0
Thiruvananthapuram,2018-10-30,51.29,87.0
Thiruvananthapuram,2018-10-31,46.33,90.0
Thiruvananthapuram,2018-11-01,42.05,74.0
Thiruvananthapuram,2018-11-02,43.92,99.0
Thiruvananthapuram,2018-11-03,11.3,88.0
Thiruvananthapuram,2018-11-04,26.4,76.0
Thiruvananthapuram,2018-11-05,54.98,87.0
Thiruvananthapuram,2018-11-06,64.48,123.0
Thiruvananthapuram,2018-11-07,46.01,99.0
Thiruvananthapuram,2018-11-08,49.17,95.0
Thiruvananthapuram,2018-11-09,40.86,93.0
Thiruvananthapuram,2018-11-10,35.16,93.0
Thiruvananthapuram,2018-11-11,36.27,83.0
Thiruvananthapuram,2018-11-12,44.3,84.0
Thiruvananthapuram,2018-11-13,43.66,82.0
Thiruvananthapuram,2018-11-14,61.59,94.0
Thiruvananthapuram,2018-11-15,71.71,130.0
Thiruvananthapuram,2018-11-16,55.78,103.0
Thiruvananthapuram,2018-11-17,51.3,88.0
Thiruvananthapuram,2018-11-18,46.81,93.0
Thiruvananthapuram,2018-11-19,32.55,78.0
Thiruvananthapuram,2018-11-20,19.99,74.0
Thiruvananthapuram,2018-11-21,22.19,75.0
Thiruvananthapuram,2018-11-22,31.18,84.0
Thiruvananthapuram,2018-11-23,31.22,75.0
Thiruvananthapuram,2018-11-24,19.58,73.0
Thiruvananthapuram,2018-11-25,27.44,76.0
Thiruvananthapuram,2018-11-26,58.93,82.0
Thiruvananthapuram,2018-11-27,77.51,149.0
Thiruvananthapuram,2018-11-28,85.73,177.0
Thiruvananthapuram,2018-11-29,75.89,183.0
Thiruvananthapuram,2018-11-30,36.23,106.0
Thiruvananthapuram,2018-12-01,59.39,104.0
Thiruvananthapuram,2018-12-02,28.24,95.0
Thiruvananthapuram,2018-12-03,42.7,97.0
Thiruvananthapuram,2018-12-04,63.22,105.0
Thiruvananthapuram,2018-12-05,52.66,106.0
Thiruvananthapuram,2018-12-06,41.77,103.0
Thiruvananthapuram,2018-12-07,35.04,99.0
Thiruvananthapuram,2018-12-08,28.12,100.0
Thiruvananthapuram,2018-12-09,57.4,103.0
Thiruvananthapuram,2018-12-10,76.54,128.0
Thiruvananthapuram,2018-12-11,92.78,178.0
Thiruvananthapuram,2018-12-12,82.74,220.0
Thiruvananthapuram,2018-12-13,58.89,121.0
Thiruvananthapuram,2018-12-14,50.27,105.0
Thiruvananthapuram,2018-12-15,62.32,108.0
Thiruvananthapuram,2018-12-16,67.93,113.0
Thiruvananthapuram,2018-12-17,51.07,106.0
Thiruvananthapuram,2018-12-18,76.05,116.0
Thiruvananthapuram,2018-12-19,81.61,181.0
Thiruvananthapuram,2018-12-20,72.14,149.0
Thiruvananthapuram,2018-12-21,69.3,134.0
Thiruvananthapuram,2018-12-22,72.7,118.0
Thiruvananthapuram,2018-12-23,41.69,142.0
Thiruvananthapuram,2018-12-24,40.21,115.0
Thiruvananthapuram,2018-12-25,35.68,114.0
Thiruvananthapuram,2018-12-26,47.01,108.0
Thiruvananthapuram,2018-12-27,52.53,117.0
Thiruvananthapuram,2018-12-28,50.31,139.0
Thiruvananthapuram,2018-12-29,52.06,156.0
Thiruvananthapuram,2018-12-30,52.29,160.0
Thiruvananthapuram,2018-12-31,60.68,146.0
Thiruvananthapuram,2019-01-01,62.38,180.0
Thiruvananthapuram,2019-01-02,61.89,124.0
Thiruvananthapuram,2019-01-03,58.41,128.0
Thiruvananthapuram,2019-01-04,44.94,124.0
Thiruvananthapuram,2019-01-05,46.48,104.0
Thiruvananthapuram,2019-01-06,46.64,109.0
Thiruvananthapuram,2019-01-07,54.81,102.0
Thiruvananthapuram,2019-01-08,59.72,108.0
Thiruvananthapuram,2019-01-09,65.74,137.0
Thiruvananthapuram,2019-01-10,55.81,141.0
Thiruvananthapuram,2019-01-11,63.93,127.0
Thiruvananthapuram,2019-01-12,68.12,126.0
Thiruvananthapuram,2019-01-13,60.71,125.0
Thiruvananthapuram,2019-01-14,73.06,131.0
Thiruvananthapuram,2019-01-15,70.43,132.0
Thiruvananthapuram,2019-01-16,76.85,160.0
Thiruvananthapuram,2019-01-17,62.24,147.0
Thiruvananthapuram,2019-01-18,76.8,126.0
Thiruvananthapuram,2019-01-19,76.27,164.0
Thiruvananthapuram,2019-01-20,82.99,159.0
Thiruvananthapuram,2019-01-21,79.17,176.0
Thiruvananthapuram,2019-01-22,61.19,132.0
Thiruvananthapuram,2019-01-23,70.86,135.0
Thiruvananthapuram,2019-01-24,73.6,164.0
Thiruvananthapuram,2019-01-25,59.53,121.0
Thiruvananthapuram,2019-01-26,52.82,95.0
Thiruvananthapuram,2019-01-27,40.59,94.0
Thiruvananthapuram,2019-01-28,41.14,94.0
Thiruvananthapuram,2019-01-29,34.56,100.0
Thiruvananthapuram,2019-01-30,39.99,90.0
Thiruvananthapuram,2019-01-31,39.49,118.0
Thiruvananthapuram,2019-02-01,40.29,119.0
Thiruvananthapuram,2019-02-02,48.82,107.0
Thiruvananthapuram,2019-02-03,39.42,92.0
Thiruvananthapuram,2019-02-04,46.75,82.0
Thiruvananthapuram,2019-02-05,42.5,81.0
Thiruvananthapuram,2019-02-06,37.67,86.0
Thiruvananthapuram,2019-02-07,46.17,88.0
Thiruvananthapuram,2019-02-08,56.66,110.0
Thiruvananthapuram,2019-02-09,56.59,104.0
Thiruvananthapuram,2019-02-10,37.03,76.0
Thiruvananthapuram,2019-02-11,32.65,71.0
Thiruvananthapuram,2019-02-12,36.0,78.0
Thiruvananthapuram,2019-02-13,38.32,96.0
Thiruvananthapuram,2019-02-14,45.27,91.0
Thiruvananthapuram,2019-02-15,44.81,98.0
Thiruvananthapuram,2019-02-16,36.43,96.0
Thiruvananthapuram,2019-02-17,32.9,78.0
Thiruvananthapuram,2019-02-18,31.41,80.0
Thiruvananthapuram,2019-02-19,27.75,65.0
Thiruvananthapuram,2019-02-20,35.35,77.0
Thiruvananthapuram,2019-02-21,22.44,79.0
Thiruvananthapuram,2019-02-22,23.74,78.0
Thiruvananthapuram,2019-02-23,28.5,90.0
Thiruvananthapuram,2019-02-24,27.97,104.0
Thiruvananthapuram,2019-02-25,37.34,95.0
Thiruvananthapuram,2019-02-26,40.97,93.0
Thiruvananthapuram,2019-02-27,33.72,78.0
Thiruvananthapuram,2019-02-28,31.09,84.0
Thiruvananthapuram,2019-03-01,31.38,88.0
Thiruvananthapuram,2019-03-02,30.46,90.0
Thiruvananthapuram,2019-03-03,35.12,85.0
Thiruvananthapuram,2019-03-04,44.45,86.0
Thiruvananthapuram,2019-03-05,21.33,80.0
Thiruvananthapuram,2019-03-06,19.0,66.0
Thiruvananthapuram,2019-03-07,58.12,116.0
Thiruvananthapuram,2019-03-08,40.41,137.0
Thiruvananthapuram,2019-03-09,29.82,106.0
Thiruvananthapuram,2019-03-10,26.06,83.0
Thiruvananthapuram,2019-03-11,29.97,77.0
Thiruvananthapuram,2019-03-12,36.67,99.0
Thiruvananthapuram,2019-03-13,48.85,74.0
Thiruvananthapuram,2019-03-14,42.82,142.0
Thiruvananthapuram,2019-03-15,39.88,88.0
Thiruvananthapuram,2019-03-16,44.04,94.0
Thiruvananthapuram,2019-03-17,46.07,101.0
Thiruvananthapuram,2019-03-18,35.14,88.0
Thiruvananthapuram,2019-03-19,33.45,80.0
Thiruvananthapuram,2019-03-20,31.39,69.0
Thiruvananthapuram,2019-03-21,30.52,79.0
Thiruvananthapuram,2019-03-22,32.33,94.0
Thiruvananthapuram,2019-03-23,32.25,81.0
Thiruvananthapuram,2019-03-24,28.49,80.0
Thiruvananthapuram,2019-03-25,32.02,79.0
Thiruvananthapuram,2019-03-26,30.55,82.0
Thiruvananthapuram,2019-03-27,28.72,89.0
Thiruvananthapuram,2019-03-28,35.69,74.0
Thiruvananthapuram,2019-03-29,33.98,79.0
Thiruvananthapuram,2019-03-30,34.94,82.0
Thiruvananthapuram,2019-03-31,37.82,86.0
Thiruvananthapuram,2019-04-01,39.22,79.0
Thiruvananthapuram,2019-04-02,44.11,80.0
Thiruvananthapuram,2019-04-03,40.78,83.0
Thiruvananthapuram,2019-04-04,25.46,74.0
Thiruvananthapuram,2019-04-05,19.34,65.0
Thiruvananthapuram,2019-04-06,22.06,61.0
Thiruvananthapuram,2019-04-07,29.36,66.0
Thiruvananthapuram,2019-04-08,29.4,69.0
Thiruvananthapuram,2019-04-09,29.84,70.0
Thiruvananthapuram,2019-04-10,29.96,68.0
Thiruvananthapuram,2019-04-11,27.02,83.0
Thiruvananthapuram,2019-04-12,28.08,68.0
Thiruvananthapuram,2019-04-13,29.0,72.0
Thiruvananthapuram,2019-04-14,29.11,72.0
Thiruvananthapuram,2019-04-15,27.8,64.0
Thiruvananthapuram,2019-04-16,25.36,65.0
Thiruvananthapuram,2019-04-17,27.7,61.0
Thiruvananthapuram,2019-04-18,23.75,66.0
Thiruvananthapuram,2019-04-19,19.82,63.0
Thiruvananthapuram,2019-04-20,6.75,65.0
Thiruvananthapuram,2019-04-21,28.24,70.0
Thiruvananthapuram,2019-04-22,20.85,73.0
Thiruvananthapuram,2019-04-23,14.08,70.0
Thiruvananthapuram,2019-04-24,20.29,79.0
Thiruvananthapuram,2019-04-25,22.56,70.0
Thiruvananthapuram,2019-04-26,23.4,69.0
Thiruvananthapuram,2019-04-27,24.68,69.0
Thiruvananthapuram,2019-04-28,24.35,64.0
Thiruvananthapuram,2019-04-29,23.93,70.0
Thiruvananthapuram,2019-04-30,21.05,70.0
Thiruvananthapuram,2019-05-01,20.83,78.0
Thiruvananthapuram,2019-05-02,31.21,76.0
Thiruvananthapuram,2019-05-03,34.33,100.0
Thiruvananthapuram,2019-05-04,33.84,102.0
Thiruvananthapuram,2019-05-05,29.95,96.0
Thiruvananthapuram,2019-05-06,35.81,105.0
Thiruvananthapuram,2019-05-07,28.5,100.0
Thiruvananthapuram,2019-05-08,24.2,76.0
Thiruvananthapuram,2019-05-09,22.41,66.0
Thiruvananthapuram,2019-05-10,21.15,64.0
Thiruvananthapuram,2019-05-11,19.17,59.0
Thiruvananthapuram,2019-05-12,17.72,69.0
Thiruvananthapuram,2019-05-13,15.1,59.0
Thiruvananthapuram,2019-05-14,15.51,59.0
Thiruvananthapuram,2019-05-15,15.45,82.0
Thiruvananthapuram,2019-05-16,20.14,112.0
Thiruvananthapuram,2019-05-17,22.57,121.0
Thiruvananthapuram,2019-05-18,22.07,111.0
Thiruvananthapuram,2019-05-19,15.62,54.0
Thiruvananthapuram,2019-05-20,27.99,54.0
Thiruvananthapuram,2019-05-21,31.07,71.0
Thiruvananthapuram,2019-05-22,26.95,67.0
Thiruvananthapuram,2019-05-23,19.94,59.0
Thiruvananthapuram,2019-05-24,15.06,54.0
Thiruvananthapuram,2019-05-25,9.71,62.0
Thiruvananthapuram,2019-05-26,12.44,50.0
Thiruvananthapuram,2019-05-27,17.4,44.0
Thiruvananthapuram,2019-05-28,29.1,66.0
Thiruvananthapuram,2019-05-29,27.92,84.0
Thiruvananthapuram,2019-05-30,25.3,68.0
Thiruvananthapuram,2019-05-31,20.1,70.0
Thiruvananthapuram,2019-06-01,22.08,57.0
Thiruvananthapuram,2019-06-02,13.33,49.0
Thiruvananthapuram,2019-06-04,9.27,44.0
Thiruvananthapuram,2019-06-05,10.76,52.0
Thiruvananthapuram,2019-06-06,19.83,47.0
Thiruvananthapuram,2019-06-07,13.93,60.0
Thiruvananthapuram,2019-06-08,6.51,51.0
Thiruvananthapuram,2019-06-09,7.83,44.0
Thiruvananthapuram,2019-06-10,9.9,53.0
Thiruvananthapuram,2019-06-11,28.24,39.0
Thiruvananthapuram,2019-06-19,10.26,50.0
Thiruvananthapuram,2019-06-20,5.75,51.0
Thiruvananthapuram,2019-06-26,23.62,55.0
Thiruvananthapuram,2019-06-27,13.04,53.0
Thiruvananthapuram,2019-06-28,13.43,48.0
Thiruvananthapuram,2019-06-29,17.03,49.0
Thiruvananthapuram,2019-06-30,8.74,46.0
Thiruvananthapuram,2019-07-01,9.89,48.0
Thiruvananthapuram,2019-07-02,11.09,46.0
Thiruvananthapuram,2019-07-03,12.48,50.0
Thiruvananthapuram,2019-07-04,6.33,88.0
Thiruvananthapuram,2019-07-05,11.48,52.0
Thiruvananthapuram,2019-07-06,15.2,53.0
Thiruvananthapuram,2019-07-07,13.47,41.0
Thiruvananthapuram,2019-07-08,8.94,37.0
Thiruvananthapuram,2019-07-09,10.82,53.0
Thiruvananthapuram,2019-07-10,11.84,53.0
Thiruvananthapuram,2019-07-11,24.32,62.0
Thiruvananthapuram,2019-07-12,23.27,66.0
Thiruvananthapuram,2019-07-13,17.42,45.0
Thiruvananthapuram,2019-07-14,10.78,44.0
Thiruvananthapuram,2019-07-15,9.3,50.0
Thiruvananthapuram,2019-07-16,10.93,70.0
Thiruvananthapuram,2019-07-17,8.52,55.0
Thiruvananthapuram,2019-07-18,4.25,49.0
Thiruvananthapuram,2019-07-19,7.19,41.0
Thiruvananthapuram,2019-07-20,7.22,49.0
Thiruvananthapuram,2019-07-21,6.05,43.0
Thiruvananthapuram,2019-07-22,7.62,52.0
Thiruvananthapuram,2019-07-23,10.07,51.0
Thiruvananthapuram,2019-07-24,13.25,55.0
Thiruvananthapuram,2019-07-25,17.72,52.0
Thiruvananthapuram,2019-07-26,12.16,57.0
Thiruvananthapuram,2019-07-27,19.32,61.0
Thiruvananthapuram,2019-07-28,14.56,56.0
Thiruvananthapuram,2019-07-29,12.96,70.0
Thiruvananthapuram,2019-07-30,10.63,78.0
Thiruvananthapuram,2019-07-31,11.22,139.0
Thiruvananthapuram,2019-08-01,15.15,46.0
Thiruvananthapuram,2019-08-02,9.24,54.0
Thiruvananthapuram,2019-08-03,13.06,56.0
Thiruvananthapuram,2019-08-04,11.41,45.0
Thiruvananthapuram,2019-08-05,14.64,55.0
Thiruvananthapuram,2019-08-06,10.62,52.0
Thiruvananthapuram,2019-08-07,9.83,55.0
Thiruvananthapuram,2019-08-08,8.62,90.0
Thiruvananthapuram,2019-08-09,8.51,53.0
Thiruvananthapuram,2019-08-10,4.8,59.0
Thiruvananthapuram,2019-08-11,4.44,45.0
Thiruvananthapuram,2019-08-12,5.56,43.0
Thiruvananthapuram,2019-08-13,9.0,54.0
Thiruvananthapuram,2019-08-14,7.9,50.0
Thiruvananthapuram,2019-08-15,15.08,51.0
Thiruvananthapuram,2019-08-16,10.74,51.0
Thiruvananthapuram,2019-08-17,21.0,52.0
Thiruvananthapuram,2019-08-18,21.45,52.0
Thiruvananthapuram,2019-08-19,19.93,51.0
Thiruvananthapuram,2019-08-20,20.37,48.0
Thiruvananthapuram,2019-08-21,13.58,42.0
Thiruvananthapuram,2019-08-22,8.02,48.0
Thiruvananthapuram,2019-08-23,7.98,45.0
Thiruvananthapuram,2019-08-24,12.11,49.0
Thiruvananthapuram,2019-08-25,6.82,50.0
Thiruvananthapuram,2019-08-26,6.9,51.0
Thiruvananthapuram,2019-08-27,9.75,53.0
Thiruvananthapuram,2019-08-28,27.82,58.0
Thiruvananthapuram,2019-08-29,15.48,48.0
Thiruvananthapuram,2019-08-30,14.76,55.0
Thiruvananthapuram,2019-08-31,13.65,47.0
Thiruvananthapuram,2019-09-01,10.55,44.0
Thiruvananthapuram,2019-09-02,9.84,51.0
Thiruvananthapuram,2019-09-03,11.17,59.0
Thiruvananthapuram,2019-09-04,15.35,52.0
Thiruvananthapuram,2019-09-05,11.81,55.0
Thiruvananthapuram,2019-09-06,9.23,53.0
Thiruvananthapuram,2019-09-07,13.71,58.0
Thiruvananthapuram,2019-09-08,12.5,54.0
Thiruvananthapuram,2019-09-09,14.83,52.0
Thiruvananthapuram,2019-09-10,11.86,48.0
Thiruvananthapuram,2019-09-11,13.06,44.0
Thiruvananthapuram,2019-09-13,17.36,46.0
Thiruvananthapuram,2019-09-14,14.02,49.0
Thiruvananthapuram,2019-09-15,13.42,53.0
Thiruvananthapuram,2019-09-16,19.32,56.0
Thiruvananthapuram,2019-09-17,18.6,57.0
Thiruvananthapuram,2019-09-18,9.92,57.0
Thiruvananthapuram,2019-09-19,8.66,58.0
Thiruvananthapuram,2019-09-20,17.5,56.0
Thiruvananthapuram,2019-09-21,15.18,51.0
Thiruvananthapuram,2019-09-22,11.18,50.0
Thiruvananthapuram,2019-09-23,10.28,58.0
Thiruvananthapuram,2019-09-24,4.78,68.0
Thiruvananthapuram,2019-09-25,10.07,74.0
Thiruvananthapuram,2019-09-26,13.82,80.0
Thiruvananthapuram,2019-09-27,15.46,78.0
Thiruvananthapuram,2019-09-28,18.97,64.0
Thiruvananthapuram,2019-09-29,15.58,76.0
Thiruvananthapuram,2019-09-30,10.55,153.0
Thiruvananthapuram,2019-10-01,11.16,109.0
Thiruvananthapuram,2019-10-02,16.49,63.0
Thiruvananthapuram,2019-10-03,17.66,63.0
Thiruvananthapuram,2019-10-04,15.35,60.0
Thiruvananthapuram,2019-10-05,16.49,56.0
Thiruvananthapuram,2019-10-06,13.44,62.0
Thiruvananthapuram,2019-10-07,7.42,48.0
Thiruvananthapuram,2019-10-08,7.99,57.0
Thiruvananthapuram,2019-10-09,15.64,55.0
Thiruvananthapuram,2019-10-10,18.4,67.0
Thiruvananthapuram,2019-10-11,12.32,58.0
Thiruvananthapuram,2019-10-12,8.51,63.0
Thiruvananthapuram,2019-10-13,9.63,54.0
Thiruvananthapuram,2019-10-14,17.32,64.0
Thiruvananthapuram,2019-10-15,16.53,67.0
Thiruvananthapuram,2019-10-16,17.68,71.0
Thiruvananthapuram,2019-10-17,8.59,56.0
Thiruvananthapuram,2019-10-18,27.8,59.0
Thiruvananthapuram,2019-10-19,14.56,61.0
Thiruvananthapuram,2019-10-20,28.24,56.0
Thiruvananthapuram,2019-10-21,28.24,51.0
Thiruvananthapuram,2019-10-22,16.05,60.0
Thiruvananthapuram,2019-10-23,8.03,60.0
Thiruvananthapuram,2019-10-24,24.0,72.0
Thiruvananthapuram,2019-10-25,41.09,79.0
Thiruvananthapuram,2019-10-26,39.27,58.0
Thiruvananthapuram,2019-10-27,30.64,63.0
Thiruvananthapuram,2019-10-28,14.82,69.0
Thiruvananthapuram,2019-10-29,18.2,77.0
Thiruvananthapuram,2019-10-30,3.18,68.0
Thiruvananthapuram,2019-10-31,7.75,61.0
Thiruvananthapuram,2019-11-01,13.74,62.0
Thiruvananthapuram,2019-11-02,22.02,69.0
Thiruvananthapuram,2019-11-03,19.35,60.0
Thiruvananthapuram,2019-11-04,17.01,59.0
Thiruvananthapuram,2019-11-05,26.2,66.0
Thiruvananthapuram,2019-11-06,21.36,67.0
Thiruvananthapuram,2019-11-07,21.4,65.0
Thiruvananthapuram,2019-11-08,19.01,65.0
Thiruvananthapuram,2019-11-09,14.52,64.0
Thiruvananthapuram,2019-11-10,9.64,63.0
Thiruvananthapuram,2019-11-11,18.73,69.0
Thiruvananthapuram,2019-11-12,21.32,71.0
Thiruvananthapuram,2019-11-13,39.67,95.0
Thiruvananthapuram,2019-11-14,28.95,136.0
Thiruvananthapuram,2019-11-15,22.08,111.0
Thiruvananthapuram,2019-11-16,21.53,156.0
Thiruvananthapuram,2019-11-17,13.55,61.0
Thiruvananthapuram,2019-11-18,30.45,67.0
Thiruvananthapuram,2019-11-19,25.22,72.0
Thiruvananthapuram,2019-11-20,22.23,80.0
Thiruvananthapuram,2019-11-21,24.63,71.0
Thiruvananthapuram,2019-11-22,16.2,76.0
Thiruvananthapuram,2019-11-23,22.78,91.0
Thiruvananthapuram,2019-11-24,19.88,83.0
Thiruvananthapuram,2019-11-25,20.91,76.0
Thiruvananthapuram,2019-11-26,23.36,93.0
Thiruvananthapuram,2019-11-27,39.81,83.0
Thiruvananthapuram,2019-11-28,22.79,80.0
Thiruvananthapuram,2019-11-29,22.79,82.0
Thiruvananthapuram,2019-11-30,11.23,73.0
Thiruvananthapuram,2019-12-01,11.17,61.0
Thiruvananthapuram,2019-12-02,16.88,72.0
Thiruvananthapuram,2019-12-03,25.81,90.0
Thiruvananthapuram,2019-12-04,27.99,96.0
Thiruvananthapuram,2019-12-05,37.99,88.0
Thiruvananthapuram,2019-12-06,32.3,90.0
Thiruvananthapuram,2019-12-07,24.68,90.0
Thiruvananthapuram,2019-12-08,17.82,76.0
Thiruvananthapuram,2019-12-09,17.78,79.0
Thiruvananthapuram,2019-12-10,27.24,88.0
Thiruvananthapuram,2019-12-11,34.11,91.0
Thiruvananthapuram,2019-12-12,27.66,87.0
Thiruvananthapuram,2019-12-13,39.57,91.0
Thiruvananthapuram,2019-12-14,17.89,78.0
Thiruvananthapuram,2019-12-15,19.4,88.0
Thiruvananthapuram,2019-12-16,32.25,92.0
Thiruvananthapuram,2019-12-17,29.26,80.0
Thiruvananthapuram,2019-12-18,34.5,98.0
Thiruvananthapuram,2019-12-19,21.36,90.0
Thiruvananthapuram,2019-12-20,29.94,97.0
Thiruvananthapuram,2019-12-21,30.65,102.0
Thiruvananthapuram,2019-12-22,38.11,97.0
Thiruvananthapuram,2019-12-23,44.8,96.0
Thiruvananthapuram,2019-12-24,51.96,101.0
Thiruvananthapuram,2019-12-25,36.39,99.0
Thiruvananthapuram,2019-12-26,12.52,92.0
Thiruvananthapuram,2019-12-27,21.29,103.0
Thiruvananthapuram,2019-12-28,32.54,89.0
Thiruvananthapuram,2019-12-29,45.06,110.0
Thiruvananthapuram,2019-12-30,44.74,108.0
Thiruvananthapuram,2019-12-31,40.42,92.0
Thiruvananthapuram,2020-01-01,35.96,85.0
Thiruvananthapuram,2020-01-02,36.18,70.0
Thiruvananthapuram,2020-01-03,39.12,72.0
Thiruvananthapuram,2020-01-04,30.58,78.0
Thiruvananthapuram,2020-01-05,27.03,71.0
Thiruvananthapuram,2020-01-06,36.85,75.0
Thiruvananthapuram,2020-01-07,30.37,75.0
Thiruvananthapuram,2020-01-08,16.57,73.0
Thiruvananthapuram,2020-01-09,31.99,74.0
Thiruvananthapuram,2020-01-10,46.1,82.0
Thiruvananthapuram,2020-01-11,35.23,89.0
Thiruvananthapuram,2020-01-12,34.52,83.0
Thiruvananthapuram,2020-01-13,45.18,87.0
Thiruvananthapuram,2020-01-14,48.75,82.0
Thiruvananthapuram,2020-01-15,61.78,97.0
Thiruvananthapuram,2020-01-16,47.74,98.0
Thiruvananthapuram,2020-01-17,38.16,85.0
Thiruvananthapuram,2020-01-18,31.66,68.0
Thiruvananthapuram,2020-01-19,28.79,66.0
Thiruvananthapuram,2020-01-20,31.86,79.0
Thiruvananthapuram,2020-01-21,25.78,65.0
Thiruvananthapuram,2020-01-22,22.57,66.0
Thiruvananthapuram,2020-01-23,25.61,65.0
Thiruvananthapuram,2020-01-24,30.53,66.0
Thiruvananthapuram,2020-01-25,29.85,71.0
Thiruvananthapuram,2020-01-26,29.88,71.0
Thiruvananthapuram,2020-01-27,28.72,71.0
Thiruvananthapuram,2020-01-28,38.14,77.0
Thiruvananthapuram,2020-01-29,55.14,94.0
Thiruvananthapuram,2020-01-30,50.29,93.0
Thiruvananthapuram,2020-01-31,43.18,98.0
Thiruvananthapuram,2020-02-01,42.92,83.0
Thiruvananthapuram,2020-02-02,32.97,69.0
Thiruvananthapuram,2020-02-03,38.13,73.0
Thiruvananthapuram,2020-02-04,30.37,65.0
Thiruvananthapuram,2020-02-05,36.27,69.0
Thiruvananthapuram,2020-02-06,27.97,71.0
Thiruvananthapuram,2020-02-07,32.0,63.0
Thiruvananthapuram,2020-02-08,38.32,70.0
Thiruvananthapuram,2020-02-09,36.14,68.0
Thiruvananthapuram,2020-02-10,98.87,215.0
Thiruvananthapuram,2020-02-11,39.01,84.0
Thiruvananthapuram,2020-02-12,36.41,72.0
Thiruvananthapuram,2020-02-13,42.33,73.0
Thiruvananthapuram,2020-02-14,37.2,83.0
Thiruvananthapuram,2020-02-15,44.53,82.0
Thiruvananthapuram,2020-02-16,51.95,85.0
Thiruvananthapuram,2020-02-17,58.39,108.0
Thiruvananthapuram,2020-02-18,42.38,100.0
Thiruvananthapuram,2020-02-19,40.38,98.0
Thiruvananthapuram,2020-02-20,48.83,89.0
Thiruvananthapuram,2020-02-21,38.85,81.0
Thiruvananthapuram,2020-02-22,44.96,92.0
Thiruvananthapuram,2020-02-23,32.33,89.0
Thiruvananthapuram,2020-02-24,36.26,86.0
Thiruvananthapuram,2020-02-25,36.83,89.0
Thiruvananthapuram,2020-02-26,38.81,92.0
Thiruvananthapuram,2020-02-27,36.46,102.0
Thiruvananthapuram,2020-02-28,38.7,93.0
Thiruvananthapuram,2020-02-29,42.26,126.0
Thiruvananthapuram,2020-03-01,32.56,100.0
Thiruvananthapuram,2020-03-02,30.9,96.0
Thiruvananthapuram,2020-03-03,28.39,100.0
Thiruvananthapuram,2020-03-04,40.19,107.0
Thiruvananthapuram,2020-03-05,37.47,110.0
Thiruvananthapuram,2020-03-06,30.49,76.0
Thiruvananthapuram,2020-03-07,32.73,64.0
Thiruvananthapuram,2020-03-08,28.37,64.0
Thiruvananthapuram,2020-03-09,26.95,68.0
Thiruvananthapuram,2020-03-10,37.64,73.0
Thiruvananthapuram,2020-03-11,29.75,74.0
Thiruvananthapuram,2020-03-12,31.49,74.0
Thiruvananthapuram,2020-03-13,29.1,87.0
Thiruvananthapuram,2020-03-14,31.04,85.0
Thiruvananthapuram,2020-03-15,25.49,60.0
Thiruvananthapuram,2020-03-16,30.67,62.0
Thiruvananthapuram,2020-03-17,39.09,74.0
Thiruvananthapuram,2020-03-18,20.54,67.0
Thiruvananthapuram,2020-03-19,25.51,68.0
Thiruvananthapuram,2020-03-20,31.27,77.0
Thiruvananthapuram,2020-03-21,30.55,71.0
Thiruvananthapuram,2020-03-22,27.46,66.0
Thiruvananthapuram,2020-03-23,27.12,65.0
Thiruvananthapuram,2020-03-24,21.74,57.0
Thiruvananthapuram,2020-03-25,25.26,68.0
Thiruvananthapuram,2020-03-26,25.07,70.0
Thiruvananthapuram,2020-03-27,29.67,74.0
Thiruvananthapuram,2020-03-28,28.9,78.0
Thiruvananthapuram,2020-03-29,18.2,60.0
Thiruvananthapuram,2020-03-30,20.38,52.0
Thiruvananthapuram,2020-03-31,19.28,70.0
Thiruvananthapuram,2020-04-01,15.98,55.0
Thiruvananthapuram,2020-04-02,23.01,61.0
Thiruvananthapuram,2020-04-03,27.02,60.0
Thiruvananthapuram,2020-04-04,28.89,66.0
Thiruvananthapuram,2020-04-05,25.56,60.0
Thiruvananthapuram,2020-04-06,16.88,59.0
Thiruvananthapuram,2020-04-07,18.57,53.0
Thiruvananthapuram,2020-04-08,18.85,61.0
Thiruvananthapuram,2020-04-09,19.06,63.0
Thiruvananthapuram,2020-04-10,17.15,56.0
Thiruvananthapuram,2020-04-11,20.62,55.0
Thiruvananthapuram,2020-04-12,22.32,58.0
Thiruvananthapuram,2020-04-13,24.24,63.0
Thiruvananthapuram,2020-04-14,23.55,66.0
Thiruvananthapuram,2020-04-15,18.34,52.0
Thiruvananthapuram,2020-04-16,15.59,50.0
Thiruvananthapuram,2020-04-17,14.81,62.0
Thiruvananthapuram,2020-04-18,13.37,56.0
Thiruvananthapuram,2020-04-19,10.74,49.0
Thiruvananthapuram,2020-04-20,15.01,46.0
Thiruvananthapuram,2020-04-21,13.77,53.0
Thiruvananthapuram,2020-04-22,15.9,51.0
Thiruvananthapuram,2020-04-23,15.97,50.0
Thiruvananthapuram,2020-04-24,15.73,59.0
Thiruvananthapuram,2020-04-25,18.42,53.0
Thiruvananthapuram,2020-04-26,23.19,58.0
Thiruvananthapuram,2020-04-27,14.13,63.0
Thiruvananthapuram,2020-04-28,23.84,60.0
Thiruvananthapuram,2020-04-29,18.54,57.0
Thiruvananthapuram,2020-04-30,20.57,57.0
Thiruvananthapuram,2020-05-01,17.43,54.0
Thiruvananthapuram,2020-05-02,23.64,55.0
Thiruvananthapuram,2020-05-03,18.36,58.0
Thiruvananthapuram,2020-05-04,25.86,55.0
Thiruvananthapuram,2020-05-05,25.74,63.0
Thiruvananthapuram,2020-05-06,20.76,66.0
Thiruvananthapuram,2020-05-07,18.51,59.0
Thiruvananthapuram,2020-05-08,13.96,61.0
Thiruvananthapuram,2020-05-09,15.85,63.0
Thiruvananthapuram,2020-05-10,14.9,63.0
Thiruvananthapuram,2020-05-11,13.68,66.0
Thiruvananthapuram,2020-05-12,19.88,65.0
Thiruvananthapuram,2020-05-13,12.83,47.0
Thiruvananthapuram,2020-05-14,15.39,53.0
Thiruvananthapuram,2020-05-15,16.76,58.0
Thiruvananthapuram,2020-05-16,15.99,59.0
Thiruvananthapuram,2020-05-17,15.08,60.0
Thiruvananthapuram,2020-05-18,15.7,64.0
Thiruvananthapuram,2020-05-19,20.75,62.0
Thiruvananthapuram,2020-05-20,20.26,56.0
Thiruvananthapuram,2020-05-21,12.19,48.0
Thiruvananthapuram,2020-05-22,11.41,48.0
Thiruvananthapuram,2020-05-23,14.91,39.0
Thiruvananthapuram,2020-05-24,16.15,46.0
Thiruvananthapuram,2020-05-25,18.14,50.0
Thiruvananthapuram,2020-05-26,16.22,47.0
Thiruvananthapuram,2020-05-27,16.68,56.0
Thiruvananthapuram,2020-05-28,17.4,56.0
Thiruvananthapuram,2020-05-29,12.51,54.0
Thiruvananthapuram,2020-05-30,9.86,54.0
Thiruvananthapuram,2020-05-31,9.51,50.0
Thiruvananthapuram,2020-06-01,9.56,42.0
Thiruvananthapuram,2020-06-02,12.31,48.0
Thiruvananthapuram,2020-06-03,11.92,35.0
Thiruvananthapuram,2020-06-04,16.61,32.0
Thiruvananthapuram,2020-06-05,16.81,38.0
Thiruvananthapuram,2020-06-06,10.76,35.0
Thiruvananthapuram,2020-06-07,10.15,35.0
Thiruvananthapuram,2020-06-08,14.49,41.0
Thiruvananthapuram,2020-06-09,23.6,41.0
Thiruvananthapuram,2020-06-10,22.93,46.0
Thiruvananthapuram,2020-06-11,24.21,46.0
Thiruvananthapuram,2020-06-12,28.64,49.0
Thiruvananthapuram,2020-06-13,26.26,52.0
Thiruvananthapuram,2020-06-14,17.45,38.0
Thiruvananthapuram,2020-06-15,28.24,45.0
Thiruvananthapuram,2020-06-16,24.39,51.0
Thiruvananthapuram,2020-06-17,27.92,58.0
Thiruvananthapuram,2020-06-18,23.96,57.0
Thiruvananthapuram,2020-06-19,20.32,50.0
Thiruvananthapuram,2020-06-20,19.9,43.0
Thiruvananthapuram,2020-06-21,15.74,42.0
Thiruvananthapuram,2020-06-22,16.89,40.0
Thiruvananthapuram,2020-06-23,28.45,50.0
Thiruvananthapuram,2020-06-24,34.68,70.0
Thiruvananthapuram,2020-06-25,28.01,58.0
Thiruvananthapuram,2020-06-26,18.78,46.0
Thiruvananthapuram,2020-06-27,18.06,42.0
Thiruvananthapuram,2020-06-28,22.51,43.0
Thiruvananthapuram,2020-06-29,23.17,49.0
Thiruvananthapuram,2020-06-30,20.66,40.0
Thiruvananthapuram,2020-07-01,2.0,41.0
